{
  service: 'barber-app-backend',
  method: 'POST',
  url: '/api/auth/register',
  status: 400,
  duration: '84ms',
  ip: '::1',
  userAgent: 'Mozilla/5.0 (Macintosh; Intel Mac OS X 10_15_7) AppleWebKit/537.36 (KHTML, like Gecko) Chrome/140.0.0.0 Safari/537.36',
  level: 'error',
  message: 'Request Error',
  timestamp: '2025-09-30 08:55:30'
}
{
  service: 'barber-app-backend',
  method: 'POST',
  url: '/api/auth/login',
  status: 401,
  duration: '163ms',
  ip: '::1',
  userAgent: 'PostmanRuntime/7.48.0',
  level: 'error',
  message: 'Request Error',
  timestamp: '2025-09-30 11:17:54'
}
{
  service: 'barber-app-backend',
  method: 'POST',
  url: '/api/auth/login',
  status: 401,
  duration: '160ms',
  ip: '::1',
  userAgent: 'PostmanRuntime/7.48.0',
  level: 'error',
  message: 'Request Error',
  timestamp: '2025-09-30 11:18:05'
}
{
  service: 'barber-app-backend',
  method: 'POST',
  url: '/api/auth/login',
  status: 401,
  duration: '149ms',
  ip: '::1',
  userAgent: 'PostmanRuntime/7.48.0',
  level: 'error',
  message: 'Request Error',
  timestamp: '2025-09-30 11:18:09'
}
{
  service: 'barber-app-backend',
  method: 'GET',
  url: '/api/bookings/availability?barbershopId=68cc5cb0c2809f94bbe92e2e&barberId=68dc02d6470d4c12e447aab5&serviceId=68cc5cb0c2809f94bbe92e2f&date=2025-0',
  status: 429,
  duration: '2ms',
  ip: '::1',
  userAgent: 'Mozilla/5.0 (Macintosh; Intel Mac OS X 10_15_7) AppleWebKit/537.36 (KHTML, like Gecko) Chrome/140.0.0.0 Safari/537.36',
  level: 'error',
  message: 'Request Error',
  timestamp: '2025-09-30 11:19:18'
}
{
  service: 'barber-app-backend',
  method: 'GET',
  url: '/api/bookings/availability?barbershopId=68cc5cb0c2809f94bbe92e2e&barberId=68dc02d6470d4c12e447aab5&serviceId=68cc5cb0c2809f94bbe92e2f&date=2025-09',
  status: 429,
  duration: '1ms',
  ip: '::1',
  userAgent: 'Mozilla/5.0 (Macintosh; Intel Mac OS X 10_15_7) AppleWebKit/537.36 (KHTML, like Gecko) Chrome/140.0.0.0 Safari/537.36',
  level: 'error',
  message: 'Request Error',
  timestamp: '2025-09-30 11:19:19'
}
{
  service: 'barber-app-backend',
  method: 'GET',
  url: '/api/bookings/availability?barbershopId=68cc5cb0c2809f94bbe92e2e&barberId=68dc02d6470d4c12e447aab5&serviceId=68cc5cb0c2809f94bbe92e2f&date=2025-09-',
  status: 429,
  duration: '0ms',
  ip: '::1',
  userAgent: 'Mozilla/5.0 (Macintosh; Intel Mac OS X 10_15_7) AppleWebKit/537.36 (KHTML, like Gecko) Chrome/140.0.0.0 Safari/537.36',
  level: 'error',
  message: 'Request Error',
  timestamp: '2025-09-30 11:19:20'
}
{
  service: 'barber-app-backend',
  method: 'GET',
  url: '/api/bookings/availability?barbershopId=68cc5cb0c2809f94bbe92e2e&barberId=68dc02d6470d4c12e447aab5&serviceId=68cc5cb0c2809f94bbe92e2f&date=2025-09-',
  status: 429,
  duration: '2ms',
  ip: '::1',
  userAgent: 'Mozilla/5.0 (Macintosh; Intel Mac OS X 10_15_7) AppleWebKit/537.36 (KHTML, like Gecko) Chrome/140.0.0.0 Safari/537.36',
  level: 'error',
  message: 'Request Error',
  timestamp: '2025-09-30 11:19:21'
}
{
  service: 'barber-app-backend',
  method: 'GET',
  url: '/api/bookings/availability?barbershopId=68cc5cb0c2809f94bbe92e2e&barberId=68dc02d6470d4c12e447aab5&serviceId=68cc5cb0c2809f94bbe92e2f&date=2025-09-2',
  status: 429,
  duration: '1ms',
  ip: '::1',
  userAgent: 'Mozilla/5.0 (Macintosh; Intel Mac OS X 10_15_7) AppleWebKit/537.36 (KHTML, like Gecko) Chrome/140.0.0.0 Safari/537.36',
  level: 'error',
  message: 'Request Error',
  timestamp: '2025-09-30 11:19:21'
}
{
  service: 'barber-app-backend',
  method: 'GET',
  url: '/api/bookings/availability?barbershopId=68cc5cb0c2809f94bbe92e2e&barberId=68dc02d6470d4c12e447aab5&serviceId=68cc5cb0c2809f94bbe92e2f&date=2025-09-2',
  status: 429,
  duration: '0ms',
  ip: '::1',
  userAgent: 'Mozilla/5.0 (Macintosh; Intel Mac OS X 10_15_7) AppleWebKit/537.36 (KHTML, like Gecko) Chrome/140.0.0.0 Safari/537.36',
  level: 'error',
  message: 'Request Error',
  timestamp: '2025-09-30 11:19:22'
}
{
  service: 'barber-app-backend',
  method: 'GET',
  url: '/api/bookings/availability?barbershopId=68cc5cb0c2809f94bbe92e2e&barberId=68dc02d6470d4c12e447aab5&serviceId=68cc5cb0c2809f94bbe92e2f&date=2025-09-2',
  status: 429,
  duration: '1ms',
  ip: '::1',
  userAgent: 'Mozilla/5.0 (Macintosh; Intel Mac OS X 10_15_7) AppleWebKit/537.36 (KHTML, like Gecko) Chrome/140.0.0.0 Safari/537.36',
  level: 'error',
  message: 'Request Error',
  timestamp: '2025-09-30 11:19:24'
}
{
  service: 'barber-app-backend',
  method: 'GET',
  url: '/api/bookings/availability?barbershopId=68cc5cb0c2809f94bbe92e2e&barberId=68dc02d6470d4c12e447aab5&serviceId=68cc5cb0c2809f94bbe92e2f&date=2025-09-2',
  status: 429,
  duration: '1ms',
  ip: '::1',
  userAgent: 'Mozilla/5.0 (Macintosh; Intel Mac OS X 10_15_7) AppleWebKit/537.36 (KHTML, like Gecko) Chrome/140.0.0.0 Safari/537.36',
  level: 'error',
  message: 'Request Error',
  timestamp: '2025-09-30 11:19:28'
}
{
  service: 'barber-app-backend',
  method: 'GET',
  url: '/api/bookings/availability?barbershopId=68cc5cb0c2809f94bbe92e2e&barberId=68dc02d6470d4c12e447aab5&serviceId=68cc5cb0c2809f94bbe92e2f&date=2025-09-2',
  status: 429,
  duration: '14ms',
  ip: '::1',
  userAgent: 'Mozilla/5.0 (Macintosh; Intel Mac OS X 10_15_7) AppleWebKit/537.36 (KHTML, like Gecko) Chrome/140.0.0.0 Safari/537.36',
  level: 'error',
  message: 'Request Error',
  timestamp: '2025-09-30 11:19:52'
}
{
  service: 'barber-app-backend',
  method: 'GET',
  url: '/api/bookings/availability?barbershopId=68cc5cb0c2809f94bbe92e2e&barberId=68dc02d6470d4c12e447aab5&serviceId=68cc5cb0c2809f94bbe92e2f&date=2025-09-2',
  status: 429,
  duration: '1ms',
  ip: '::1',
  userAgent: 'Mozilla/5.0 (Macintosh; Intel Mac OS X 10_15_7) AppleWebKit/537.36 (KHTML, like Gecko) Chrome/140.0.0.0 Safari/537.36',
  level: 'error',
  message: 'Request Error',
  timestamp: '2025-09-30 11:19:53'
}
{
  service: 'barber-app-backend',
  method: 'GET',
  url: '/api/bookings/availability?barbershopId=68cc5cb0c2809f94bbe92e2e&barberId=68dc02d6470d4c12e447aab5&serviceId=68cc5cb0c2809f94bbe92e2f&date=2025-09-2',
  status: 429,
  duration: '0ms',
  ip: '::1',
  userAgent: 'Mozilla/5.0 (Macintosh; Intel Mac OS X 10_15_7) AppleWebKit/537.36 (KHTML, like Gecko) Chrome/140.0.0.0 Safari/537.36',
  level: 'error',
  message: 'Request Error',
  timestamp: '2025-09-30 11:21:11'
}
{
  service: 'barber-app-backend',
  method: 'GET',
  url: '/api/bookings/availability?barbershopId=68cc5cb0c2809f94bbe92e2e&barberId=68dc02d6470d4c12e447aab5&serviceId=68cc5cb0c2809f94bbe92e2f&date=2025-09-2',
  status: 429,
  duration: '1ms',
  ip: '::1',
  userAgent: 'Mozilla/5.0 (Macintosh; Intel Mac OS X 10_15_7) AppleWebKit/537.36 (KHTML, like Gecko) Chrome/140.0.0.0 Safari/537.36',
  level: 'error',
  message: 'Request Error',
  timestamp: '2025-09-30 11:21:15'
}
{
  service: 'barber-app-backend',
  method: 'GET',
  url: '/api/bookings/availability?barbershopId=68cc5cb0c2809f94bbe92e2e&barberId=68dc02d6470d4c12e447aab5&serviceId=68cc5cb0c2809f94bbe92e2f&date=2025-09-2',
  status: 429,
  duration: '1ms',
  ip: '::1',
  userAgent: 'Mozilla/5.0 (Macintosh; Intel Mac OS X 10_15_7) AppleWebKit/537.36 (KHTML, like Gecko) Chrome/140.0.0.0 Safari/537.36',
  level: 'error',
  message: 'Request Error',
  timestamp: '2025-09-30 11:21:52'
}
{
  service: 'barber-app-backend',
  method: 'GET',
  url: '/api/bookings/availability?barbershopId=68cc5cb0c2809f94bbe92e2e&barberId=68dc02d6470d4c12e447aab5&serviceId=68cc5cb0c2809f94bbe92e2f&date=2025-09-2',
  status: 429,
  duration: '0ms',
  ip: '::1',
  userAgent: 'Mozilla/5.0 (Macintosh; Intel Mac OS X 10_15_7) AppleWebKit/537.36 (KHTML, like Gecko) Chrome/140.0.0.0 Safari/537.36',
  level: 'error',
  message: 'Request Error',
  timestamp: '2025-09-30 11:21:53'
}
{
  service: 'barber-app-backend',
  method: 'GET',
  url: '/api/bookings/availability?barbershopId=68cc5cb0c2809f94bbe92e2e&barberId=68dc02d6470d4c12e447aab5&serviceId=68cc5cb0c2809f94bbe92e2f&date=2025-09-2',
  status: 429,
  duration: '1ms',
  ip: '::1',
  userAgent: 'Mozilla/5.0 (Macintosh; Intel Mac OS X 10_15_7) AppleWebKit/537.36 (KHTML, like Gecko) Chrome/140.0.0.0 Safari/537.36',
  level: 'error',
  message: 'Request Error',
  timestamp: '2025-09-30 11:21:56'
}
{
  service: 'barber-app-backend',
  method: 'GET',
  url: '/api/bookings/availability?barbershopId=68cc5cb0c2809f94bbe92e2e&barberId=68dc02d6470d4c12e447aab5&serviceId=68cc5cb0c2809f94bbe92e2f&date=2025-09-2',
  status: 429,
  duration: '0ms',
  ip: '::1',
  userAgent: 'Mozilla/5.0 (Macintosh; Intel Mac OS X 10_15_7) AppleWebKit/537.36 (KHTML, like Gecko) Chrome/140.0.0.0 Safari/537.36',
  level: 'error',
  message: 'Request Error',
  timestamp: '2025-09-30 11:22:08'
}
{
  service: 'barber-app-backend',
  method: 'GET',
  url: '/api/bookings/availability?barbershopId=68cc5cb0c2809f94bbe92e2e&barberId=68dc02d6470d4c12e447aab5&serviceId=68cc5cb0c2809f94bbe92e2f&date=2025-09-2',
  status: 429,
  duration: '0ms',
  ip: '::1',
  userAgent: 'Mozilla/5.0 (Macintosh; Intel Mac OS X 10_15_7) AppleWebKit/537.36 (KHTML, like Gecko) Chrome/140.0.0.0 Safari/537.36',
  level: 'error',
  message: 'Request Error',
  timestamp: '2025-09-30 11:22:38'
}
{
  service: 'barber-app-backend',
  method: 'GET',
  url: '/api/bookings/availability?barbershopId=68cc5cb0c2809f94bbe92e2e&barberId=68dc02d6470d4c12e447aab5&serviceId=68cc5cb0c2809f94bbe92e2f&date=2025-09-2',
  status: 429,
  duration: '0ms',
  ip: '::1',
  userAgent: 'Mozilla/5.0 (Macintosh; Intel Mac OS X 10_15_7) AppleWebKit/537.36 (KHTML, like Gecko) Chrome/140.0.0.0 Safari/537.36',
  level: 'error',
  message: 'Request Error',
  timestamp: '2025-09-30 11:22:39'
}
{
  service: 'barber-app-backend',
  method: 'GET',
  url: '/api/bookings/availability?barbershopId=68cc5cb0c2809f94bbe92e2e&barberId=68dc02d6470d4c12e447aab5&serviceId=68cc5cb0c2809f94bbe92e2f&date=2025-09-2',
  status: 429,
  duration: '1ms',
  ip: '::1',
  userAgent: 'Mozilla/5.0 (Macintosh; Intel Mac OS X 10_15_7) AppleWebKit/537.36 (KHTML, like Gecko) Chrome/140.0.0.0 Safari/537.36',
  level: 'error',
  message: 'Request Error',
  timestamp: '2025-09-30 11:22:41'
}
{
  service: 'barber-app-backend',
  method: 'POST',
  url: '/api/bookings',
  status: 400,
  duration: '430ms',
  ip: '::1',
  userAgent: 'Mozilla/5.0 (Macintosh; Intel Mac OS X 10_15_7) AppleWebKit/537.36 (KHTML, like Gecko) Chrome/140.0.0.0 Safari/537.36',
  userId: '68dbe16be9141724d90142ad',
  userRole: 'client',
  level: 'error',
  message: 'Request Error',
  timestamp: '2025-09-30 11:38:04'
}
{
  service: 'barber-app-backend',
  method: 'POST',
  url: '/api/bookings',
  status: 429,
  duration: '1ms',
  ip: '::1',
  userAgent: 'Mozilla/5.0 (Macintosh; Intel Mac OS X 10_15_7) AppleWebKit/537.36 (KHTML, like Gecko) Chrome/140.0.0.0 Safari/537.36',
  level: 'error',
  message: 'Request Error',
  timestamp: '2025-09-30 11:38:14'
}
{
  service: 'barber-app-backend',
  method: 'GET',
  url: '/api/bookings/availability?barbershopId=68cc5cb0c2809f94bbe92e2e&barberId=68dc02d6470d4c12e447aab5&serviceId=68cc5cb0c2809f94bbe92e2f&date=2025-10-01',
  status: 429,
  duration: '0ms',
  ip: '::1',
  userAgent: 'Mozilla/5.0 (Macintosh; Intel Mac OS X 10_15_7) AppleWebKit/537.36 (KHTML, like Gecko) Chrome/140.0.0.0 Safari/537.36',
  level: 'error',
  message: 'Request Error',
  timestamp: '2025-09-30 11:40:57'
}
{
  service: 'barber-app-backend',
  method: 'GET',
  url: '/api/bookings/availability?barbershopId=68cc5cb0c2809f94bbe92e2e&barberId=68dc02d6470d4c12e447aab5&serviceId=68cc5cb0c2809f94bbe92e2f&date=2025-10-01',
  status: 429,
  duration: '0ms',
  ip: '::1',
  userAgent: 'Mozilla/5.0 (Macintosh; Intel Mac OS X 10_15_7) AppleWebKit/537.36 (KHTML, like Gecko) Chrome/140.0.0.0 Safari/537.36',
  level: 'error',
  message: 'Request Error',
  timestamp: '2025-09-30 11:40:58'
}
{
  service: 'barber-app-backend',
  method: 'GET',
  url: '/api/bookings/availability?barbershopId=68cc5cb0c2809f94bbe92e2e&barberId=68dc02d6470d4c12e447aab5&serviceId=68cc5cb0c2809f94bbe92e2f&date=2025-10-01',
  status: 429,
  duration: '1ms',
  ip: '::1',
  userAgent: 'Mozilla/5.0 (Macintosh; Intel Mac OS X 10_15_7) AppleWebKit/537.36 (KHTML, like Gecko) Chrome/140.0.0.0 Safari/537.36',
  level: 'error',
  message: 'Request Error',
  timestamp: '2025-09-30 11:41:00'
}
{
  service: 'barber-app-backend',
  method: 'POST',
  url: '/api/bookings',
  status: 429,
  duration: '0ms',
  ip: '::1',
  userAgent: 'Mozilla/5.0 (Macintosh; Intel Mac OS X 10_15_7) AppleWebKit/537.36 (KHTML, like Gecko) Chrome/140.0.0.0 Safari/537.36',
  level: 'error',
  message: 'Request Error',
  timestamp: '2025-09-30 11:41:03'
}
{
  service: 'barber-app-backend',
  method: 'GET',
  url: '/api/bookings/availability?barbershopId=68cc5cb0c2809f94bbe92e2e&barberId=68dc02d6470d4c12e447aab5&serviceId=68cc5cb0c2809f94bbe92e2f&date=2025-10-01',
  status: 429,
  duration: '0ms',
  ip: '::1',
  userAgent: 'Mozilla/5.0 (Macintosh; Intel Mac OS X 10_15_7) AppleWebKit/537.36 (KHTML, like Gecko) Chrome/140.0.0.0 Safari/537.36',
  level: 'error',
  message: 'Request Error',
  timestamp: '2025-09-30 11:41:04'
}
{
  service: 'barber-app-backend',
  method: 'GET',
  url: '/api/bookings/my-bookings',
  status: 429,
  duration: '1ms',
  ip: '::1',
  userAgent: 'Mozilla/5.0 (Macintosh; Intel Mac OS X 10_15_7) AppleWebKit/537.36 (KHTML, like Gecko) Chrome/140.0.0.0 Safari/537.36',
  level: 'error',
  message: 'Request Error',
  timestamp: '2025-09-30 11:41:10'
}
{
  service: 'barber-app-backend',
  method: 'GET',
  url: '/api/bookings/my-bookings',
  status: 429,
  duration: '1ms',
  ip: '::1',
  userAgent: 'Mozilla/5.0 (Macintosh; Intel Mac OS X 10_15_7) AppleWebKit/537.36 (KHTML, like Gecko) Chrome/140.0.0.0 Safari/537.36',
  level: 'error',
  message: 'Request Error',
  timestamp: '2025-09-30 11:41:11'
}
{
  service: 'barber-app-backend',
  method: 'GET',
  url: '/api/bookings/my-bookings',
  status: 429,
  duration: '1ms',
  ip: '::1',
  userAgent: 'Mozilla/5.0 (Macintosh; Intel Mac OS X 10_15_7) AppleWebKit/537.36 (KHTML, like Gecko) Chrome/140.0.0.0 Safari/537.36',
  level: 'error',
  message: 'Request Error',
  timestamp: '2025-09-30 11:41:13'
}
{
  service: 'barber-app-backend',
  method: 'GET',
  url: '/api/bookings/my-bookings',
  status: 429,
  duration: '2ms',
  ip: '::1',
  userAgent: 'Mozilla/5.0 (Macintosh; Intel Mac OS X 10_15_7) AppleWebKit/537.36 (KHTML, like Gecko) Chrome/140.0.0.0 Safari/537.36',
  level: 'error',
  message: 'Request Error',
  timestamp: '2025-09-30 11:41:18'
}
{
  service: 'barber-app-backend',
  method: 'GET',
  url: '/api/bookings/my-bookings',
  status: 429,
  duration: '1ms',
  ip: '::1',
  userAgent: 'Mozilla/5.0 (Macintosh; Intel Mac OS X 10_15_7) AppleWebKit/537.36 (KHTML, like Gecko) Chrome/140.0.0.0 Safari/537.36',
  level: 'error',
  message: 'Request Error',
  timestamp: '2025-09-30 11:41:19'
}
{
  service: 'barber-app-backend',
  method: 'GET',
  url: '/api/bookings/availability?barbershopId=68cc5cb0c2809f94bbe92e2e&barberId=68dc02d6470d4c12e447aab5&serviceId=68cc5cb0c2809f94bbe92e30&date=2025-10-01',
  status: 429,
  duration: '2ms',
  ip: '::1',
  userAgent: 'Mozilla/5.0 (Macintosh; Intel Mac OS X 10_15_7) AppleWebKit/537.36 (KHTML, like Gecko) Chrome/140.0.0.0 Safari/537.36',
  level: 'error',
  message: 'Request Error',
  timestamp: '2025-09-30 11:41:47'
}
{
  service: 'barber-app-backend',
  method: 'GET',
  url: '/api/bookings/availability?barbershopId=68cc5cb0c2809f94bbe92e2e&barberId=68dc02d6470d4c12e447aab5&serviceId=68cc5cb0c2809f94bbe92e30&date=2025-10-01',
  status: 429,
  duration: '2ms',
  ip: '::1',
  userAgent: 'Mozilla/5.0 (Macintosh; Intel Mac OS X 10_15_7) AppleWebKit/537.36 (KHTML, like Gecko) Chrome/140.0.0.0 Safari/537.36',
  level: 'error',
  message: 'Request Error',
  timestamp: '2025-09-30 11:41:48'
}
{
  service: 'barber-app-backend',
  method: 'GET',
  url: '/api/bookings/availability?barbershopId=68cc5cb0c2809f94bbe92e2e&barberId=68dc02d6470d4c12e447aab5&serviceId=68cc5cb0c2809f94bbe92e30&date=2025-10-01',
  status: 429,
  duration: '1ms',
  ip: '::1',
  userAgent: 'Mozilla/5.0 (Macintosh; Intel Mac OS X 10_15_7) AppleWebKit/537.36 (KHTML, like Gecko) Chrome/140.0.0.0 Safari/537.36',
  level: 'error',
  message: 'Request Error',
  timestamp: '2025-09-30 11:41:50'
}
{
  service: 'barber-app-backend',
  method: 'GET',
  url: '/api/bookings/availability?barbershopId=68cc5cb0c2809f94bbe92e2e&barberId=68dc02d6470d4c12e447aab5&serviceId=68cc5cb0c2809f94bbe92e30&date=2025-10-03',
  status: 429,
  duration: '1ms',
  ip: '::1',
  userAgent: 'Mozilla/5.0 (Macintosh; Intel Mac OS X 10_15_7) AppleWebKit/537.36 (KHTML, like Gecko) Chrome/140.0.0.0 Safari/537.36',
  level: 'error',
  message: 'Request Error',
  timestamp: '2025-09-30 11:41:53'
}
{
  service: 'barber-app-backend',
  method: 'GET',
  url: '/api/bookings/availability?barbershopId=68cc5cb0c2809f94bbe92e2e&barberId=68dc02d6470d4c12e447aab5&serviceId=68cc5cb0c2809f94bbe92e30&date=2025-10-03',
  status: 429,
  duration: '2ms',
  ip: '::1',
  userAgent: 'Mozilla/5.0 (Macintosh; Intel Mac OS X 10_15_7) AppleWebKit/537.36 (KHTML, like Gecko) Chrome/140.0.0.0 Safari/537.36',
  level: 'error',
  message: 'Request Error',
  timestamp: '2025-09-30 11:41:54'
}
{
  service: 'barber-app-backend',
  method: 'GET',
  url: '/api/bookings/availability?barbershopId=68cc5cb0c2809f94bbe92e2e&barberId=68dc02d6470d4c12e447aab5&serviceId=68cc5cb0c2809f94bbe92e30&date=2025-10-03',
  status: 429,
  duration: '1ms',
  ip: '::1',
  userAgent: 'Mozilla/5.0 (Macintosh; Intel Mac OS X 10_15_7) AppleWebKit/537.36 (KHTML, like Gecko) Chrome/140.0.0.0 Safari/537.36',
  level: 'error',
  message: 'Request Error',
  timestamp: '2025-09-30 11:41:56'
}
{
  service: 'barber-app-backend',
  method: 'GET',
  url: '/api/bookings/availability?barbershopId=68cc5cb0c2809f94bbe92e2e&barberId=68dc02d6470d4c12e447aab5&serviceId=68cc5cb0c2809f94bbe92e30&date=2025-10-03',
  status: 429,
  duration: '0ms',
  ip: '::1',
  userAgent: 'Mozilla/5.0 (Macintosh; Intel Mac OS X 10_15_7) AppleWebKit/537.36 (KHTML, like Gecko) Chrome/140.0.0.0 Safari/537.36',
  level: 'error',
  message: 'Request Error',
  timestamp: '2025-09-30 11:42:00'
}
{
  service: 'barber-app-backend',
  method: 'GET',
  url: '/api/bookings/availability?barbershopId=68cc5cb0c2809f94bbe92e2e&barberId=68dc02d6470d4c12e447aab5&serviceId=68cc5cb0c2809f94bbe92e30&date=2025-10-03',
  status: 429,
  duration: '1ms',
  ip: '::1',
  userAgent: 'Mozilla/5.0 (Macintosh; Intel Mac OS X 10_15_7) AppleWebKit/537.36 (KHTML, like Gecko) Chrome/140.0.0.0 Safari/537.36',
  level: 'error',
  message: 'Request Error',
  timestamp: '2025-09-30 11:42:10'
}
{
  service: 'barber-app-backend',
  method: 'GET',
  url: '/api/bookings/availability?barbershopId=68cc5cb0c2809f94bbe92e2e&barberId=68dc02d6470d4c12e447aab5&serviceId=68cc5cb0c2809f94bbe92e30&date=2025-10-03',
  status: 429,
  duration: '2ms',
  ip: '::1',
  userAgent: 'Mozilla/5.0 (Macintosh; Intel Mac OS X 10_15_7) AppleWebKit/537.36 (KHTML, like Gecko) Chrome/140.0.0.0 Safari/537.36',
  level: 'error',
  message: 'Request Error',
  timestamp: '2025-09-30 11:42:11'
}
{
  service: 'barber-app-backend',
  method: 'GET',
  url: '/api/bookings/availability?barbershopId=68cc5cb0c2809f94bbe92e2e&barberId=68dc02d6470d4c12e447aab5&serviceId=68cc5cb0c2809f94bbe92e30&date=2025-10-03',
  status: 429,
  duration: '0ms',
  ip: '::1',
  userAgent: 'Mozilla/5.0 (Macintosh; Intel Mac OS X 10_15_7) AppleWebKit/537.36 (KHTML, like Gecko) Chrome/140.0.0.0 Safari/537.36',
  level: 'error',
  message: 'Request Error',
  timestamp: '2025-09-30 11:42:13'
}
{
  service: 'barber-app-backend',
  method: 'GET',
  url: '/api/bookings/availability?barbershopId=68cc5cb0c2809f94bbe92e2e&barberId=68dc02d6470d4c12e447aab5&serviceId=68cc5cb0c2809f94bbe92e30&date=2025-10-03',
  status: 429,
  duration: '1ms',
  ip: '::1',
  userAgent: 'Mozilla/5.0 (Macintosh; Intel Mac OS X 10_15_7) AppleWebKit/537.36 (KHTML, like Gecko) Chrome/140.0.0.0 Safari/537.36',
  level: 'error',
  message: 'Request Error',
  timestamp: '2025-09-30 11:42:17'
}
{
  service: 'barber-app-backend',
  method: 'GET',
  url: '/api/bookings/availability?barbershopId=68cc5cb0c2809f94bbe92e2e&barberId=68dc02d6470d4c12e447aab5&serviceId=68cc5cb0c2809f94bbe92e30&date=2025-10-03',
  status: 429,
  duration: '1ms',
  ip: '::1',
  userAgent: 'Mozilla/5.0 (Macintosh; Intel Mac OS X 10_15_7) AppleWebKit/537.36 (KHTML, like Gecko) Chrome/140.0.0.0 Safari/537.36',
  level: 'error',
  message: 'Request Error',
  timestamp: '2025-09-30 11:42:19'
}
{
  service: 'barber-app-backend',
  method: 'GET',
  url: '/api/bookings/availability?barbershopId=68cc5cb0c2809f94bbe92e2e&barberId=68dc02d6470d4c12e447aab5&serviceId=68cc5cb0c2809f94bbe92e30&date=2025-10-03',
  status: 429,
  duration: '1ms',
  ip: '::1',
  userAgent: 'Mozilla/5.0 (Macintosh; Intel Mac OS X 10_15_7) AppleWebKit/537.36 (KHTML, like Gecko) Chrome/140.0.0.0 Safari/537.36',
  level: 'error',
  message: 'Request Error',
  timestamp: '2025-09-30 11:42:20'
}
{
  service: 'barber-app-backend',
  method: 'GET',
  url: '/api/bookings/availability?barbershopId=68cc5cb0c2809f94bbe92e2e&barberId=68dc02d6470d4c12e447aab5&serviceId=68cc5cb0c2809f94bbe92e30&date=2025-10-03',
  status: 429,
  duration: '1ms',
  ip: '::1',
  userAgent: 'Mozilla/5.0 (Macintosh; Intel Mac OS X 10_15_7) AppleWebKit/537.36 (KHTML, like Gecko) Chrome/140.0.0.0 Safari/537.36',
  level: 'error',
  message: 'Request Error',
  timestamp: '2025-09-30 11:42:23'
}
{
  service: 'barber-app-backend',
  method: 'GET',
  url: '/api/bookings/availability?barbershopId=68cc5cb0c2809f94bbe92e2e&barberId=68dc02d6470d4c12e447aab5&serviceId=68cc5cb0c2809f94bbe92e30&date=2025-10-03',
  status: 429,
  duration: '1ms',
  ip: '::1',
  userAgent: 'Mozilla/5.0 (Macintosh; Intel Mac OS X 10_15_7) AppleWebKit/537.36 (KHTML, like Gecko) Chrome/140.0.0.0 Safari/537.36',
  level: 'error',
  message: 'Request Error',
  timestamp: '2025-09-30 11:42:27'
}
{
  service: 'barber-app-backend',
  method: 'GET',
  url: '/api/bookings/availability?barbershopId=68cc5cb0c2809f94bbe92e2e&barberId=68dc02d6470d4c12e447aab5&serviceId=68cc5cb0c2809f94bbe92e30&date=2025-10-03',
  status: 429,
  duration: '1ms',
  ip: '::1',
  userAgent: 'Mozilla/5.0 (Macintosh; Intel Mac OS X 10_15_7) AppleWebKit/537.36 (KHTML, like Gecko) Chrome/140.0.0.0 Safari/537.36',
  level: 'error',
  message: 'Request Error',
  timestamp: '2025-09-30 11:42:38'
}
{
  service: 'barber-app-backend',
  method: 'GET',
  url: '/api/bookings/availability?barbershopId=68cc5cb0c2809f94bbe92e2e&barberId=68dc02d6470d4c12e447aab5&serviceId=68cc5cb0c2809f94bbe92e30&date=2025-10-03',
  status: 429,
  duration: '1ms',
  ip: '::1',
  userAgent: 'Mozilla/5.0 (Macintosh; Intel Mac OS X 10_15_7) AppleWebKit/537.36 (KHTML, like Gecko) Chrome/140.0.0.0 Safari/537.36',
  level: 'error',
  message: 'Request Error',
  timestamp: '2025-09-30 11:42:39'
}
{
  service: 'barber-app-backend',
  method: 'GET',
  url: '/api/bookings/availability?barbershopId=68cc5cb0c2809f94bbe92e2e&barberId=68dc02d6470d4c12e447aab5&serviceId=68cc5cb0c2809f94bbe92e30&date=2025-10-03',
  status: 429,
  duration: '6ms',
  ip: '::1',
  userAgent: 'Mozilla/5.0 (Macintosh; Intel Mac OS X 10_15_7) AppleWebKit/537.36 (KHTML, like Gecko) Chrome/140.0.0.0 Safari/537.36',
  level: 'error',
  message: 'Request Error',
  timestamp: '2025-09-30 11:43:54'
}
{
  service: 'barber-app-backend',
  method: 'GET',
  url: '/api/bookings/availability?barbershopId=68cc5cb0c2809f94bbe92e2e&barberId=68dc02d6470d4c12e447aab5&serviceId=68cc5cb0c2809f94bbe92e30&date=2025-10-03',
  status: 429,
  duration: '0ms',
  ip: '::1',
  userAgent: 'Mozilla/5.0 (Macintosh; Intel Mac OS X 10_15_7) AppleWebKit/537.36 (KHTML, like Gecko) Chrome/140.0.0.0 Safari/537.36',
  level: 'error',
  message: 'Request Error',
  timestamp: '2025-09-30 11:43:58'
}
{
  service: 'barber-app-backend',
  method: 'GET',
  url: '/api/bookings/availability?barbershopId=68cc5cb0c2809f94bbe92e2e&barberId=68dc02d6470d4c12e447aab5&serviceId=68cc5cb0c2809f94bbe92e30&date=2025-10-03',
  status: 429,
  duration: '0ms',
  ip: '::1',
  userAgent: 'Mozilla/5.0 (Macintosh; Intel Mac OS X 10_15_7) AppleWebKit/537.36 (KHTML, like Gecko) Chrome/140.0.0.0 Safari/537.36',
  level: 'error',
  message: 'Request Error',
  timestamp: '2025-09-30 11:44:01'
}
{
  service: 'barber-app-backend',
  method: 'GET',
  url: '/api/bookings/availability?barbershopId=68cc5cb0c2809f94bbe92e2e&barberId=68dc02d6470d4c12e447aab5&serviceId=68cc5cb0c2809f94bbe92e30&date=2025-10-03',
  status: 429,
  duration: '1ms',
  ip: '::1',
  userAgent: 'Mozilla/5.0 (Macintosh; Intel Mac OS X 10_15_7) AppleWebKit/537.36 (KHTML, like Gecko) Chrome/140.0.0.0 Safari/537.36',
  level: 'error',
  message: 'Request Error',
  timestamp: '2025-09-30 11:44:02'
}
{
  service: 'barber-app-backend',
  method: 'GET',
  url: '/api/bookings/availability?barbershopId=68cc5cb0c2809f94bbe92e2e&barberId=68dc02d6470d4c12e447aab5&serviceId=68cc5cb0c2809f94bbe92e30&date=2025-10-03',
  status: 429,
  duration: '1ms',
  ip: '::1',
  userAgent: 'Mozilla/5.0 (Macintosh; Intel Mac OS X 10_15_7) AppleWebKit/537.36 (KHTML, like Gecko) Chrome/140.0.0.0 Safari/537.36',
  level: 'error',
  message: 'Request Error',
  timestamp: '2025-09-30 11:44:04'
}
{
  service: 'barber-app-backend',
  method: 'GET',
  url: '/api/bookings/availability?barbershopId=68cc5cb0c2809f94bbe92e2e&barberId=68dc02d6470d4c12e447aab5&serviceId=68cc5cb0c2809f94bbe92e2f&date=2025-10-01',
  status: 429,
  duration: '0ms',
  ip: '::1',
  userAgent: 'Mozilla/5.0 (Macintosh; Intel Mac OS X 10_15_7) AppleWebKit/537.36 (KHTML, like Gecko) Chrome/140.0.0.0 Safari/537.36',
  level: 'error',
  message: 'Request Error',
  timestamp: '2025-09-30 11:44:15'
}
{
  service: 'barber-app-backend',
  method: 'GET',
  url: '/api/bookings/availability?barbershopId=68cc5cb0c2809f94bbe92e2e&barberId=68dc02d6470d4c12e447aab5&serviceId=68cc5cb0c2809f94bbe92e2f&date=2025-10-01',
  status: 429,
  duration: '0ms',
  ip: '::1',
  userAgent: 'Mozilla/5.0 (Macintosh; Intel Mac OS X 10_15_7) AppleWebKit/537.36 (KHTML, like Gecko) Chrome/140.0.0.0 Safari/537.36',
  level: 'error',
  message: 'Request Error',
  timestamp: '2025-09-30 11:44:16'
}
{
  service: 'barber-app-backend',
  method: 'GET',
  url: '/api/bookings/availability?barbershopId=68cc5cb0c2809f94bbe92e2e&barberId=68dc02d6470d4c12e447aab5&serviceId=68cc5cb0c2809f94bbe92e2f&date=2025-10-01',
  status: 429,
  duration: '1ms',
  ip: '::1',
  userAgent: 'Mozilla/5.0 (Macintosh; Intel Mac OS X 10_15_7) AppleWebKit/537.36 (KHTML, like Gecko) Chrome/140.0.0.0 Safari/537.36',
  level: 'error',
  message: 'Request Error',
  timestamp: '2025-09-30 11:44:18'
}
{
  service: 'barber-app-backend',
  method: 'GET',
  url: '/api/bookings/availability?barbershopId=68cc5cb0c2809f94bbe92e2e&barberId=68dc02d6470d4c12e447aab5&serviceId=68cc5cb0c2809f94bbe92e2f&date=2025-10-02',
  status: 429,
  duration: '0ms',
  ip: '::1',
  userAgent: 'Mozilla/5.0 (Macintosh; Intel Mac OS X 10_15_7) AppleWebKit/537.36 (KHTML, like Gecko) Chrome/140.0.0.0 Safari/537.36',
  level: 'error',
  message: 'Request Error',
  timestamp: '2025-09-30 11:44:20'
}
{
  service: 'barber-app-backend',
  method: 'GET',
  url: '/api/bookings/availability?barbershopId=68cc5cb0c2809f94bbe92e2e&barberId=68dc02d6470d4c12e447aab5&serviceId=68cc5cb0c2809f94bbe92e2f&date=2025-10-02',
  status: 429,
  duration: '0ms',
  ip: '::1',
  userAgent: 'Mozilla/5.0 (Macintosh; Intel Mac OS X 10_15_7) AppleWebKit/537.36 (KHTML, like Gecko) Chrome/140.0.0.0 Safari/537.36',
  level: 'error',
  message: 'Request Error',
  timestamp: '2025-09-30 11:44:21'
}
{
  service: 'barber-app-backend',
  method: 'GET',
  url: '/api/bookings/availability?barbershopId=68cc5cb0c2809f94bbe92e2e&barberId=68dc02d6470d4c12e447aab5&serviceId=68cc5cb0c2809f94bbe92e2f&date=2025-10-02',
  status: 429,
  duration: '1ms',
  ip: '::1',
  userAgent: 'Mozilla/5.0 (Macintosh; Intel Mac OS X 10_15_7) AppleWebKit/537.36 (KHTML, like Gecko) Chrome/140.0.0.0 Safari/537.36',
  level: 'error',
  message: 'Request Error',
  timestamp: '2025-09-30 11:44:23'
}
{
  service: 'barber-app-backend',
  method: 'GET',
  url: '/api/bookings/availability?barbershopId=68cc5cb0c2809f94bbe92e2e&barberId=68dc02d6470d4c12e447aab5&serviceId=68cc5cb0c2809f94bbe92e2f&date=2025-10-22',
  status: 429,
  duration: '1ms',
  ip: '::1',
  userAgent: 'Mozilla/5.0 (Macintosh; Intel Mac OS X 10_15_7) AppleWebKit/537.36 (KHTML, like Gecko) Chrome/140.0.0.0 Safari/537.36',
  level: 'error',
  message: 'Request Error',
  timestamp: '2025-09-30 11:44:26'
}
{
  service: 'barber-app-backend',
  method: 'GET',
  url: '/api/bookings/availability?barbershopId=68cc5cb0c2809f94bbe92e2e&barberId=68dc02d6470d4c12e447aab5&serviceId=68cc5cb0c2809f94bbe92e2f&date=2025-10-22',
  status: 429,
  duration: '1ms',
  ip: '::1',
  userAgent: 'Mozilla/5.0 (Macintosh; Intel Mac OS X 10_15_7) AppleWebKit/537.36 (KHTML, like Gecko) Chrome/140.0.0.0 Safari/537.36',
  level: 'error',
  message: 'Request Error',
  timestamp: '2025-09-30 11:44:27'
}
{
  service: 'barber-app-backend',
  method: 'GET',
  url: '/api/bookings/availability?barbershopId=68cc5cb0c2809f94bbe92e2e&barberId=68dc02d6470d4c12e447aab5&serviceId=68cc5cb0c2809f94bbe92e2f&date=2025-10-22',
  status: 429,
  duration: '0ms',
  ip: '::1',
  userAgent: 'Mozilla/5.0 (Macintosh; Intel Mac OS X 10_15_7) AppleWebKit/537.36 (KHTML, like Gecko) Chrome/140.0.0.0 Safari/537.36',
  level: 'error',
  message: 'Request Error',
  timestamp: '2025-09-30 11:44:29'
}
{
  service: 'barber-app-backend',
  method: 'GET',
  url: '/api/bookings/availability?barbershopId=68cc5cb0c2809f94bbe92e2e&barberId=68dc02d6470d4c12e447aab5&serviceId=68cc5cb0c2809f94bbe92e2f&date=2025-10-22',
  status: 429,
  duration: '5ms',
  ip: '::1',
  userAgent: 'Mozilla/5.0 (Macintosh; Intel Mac OS X 10_15_7) AppleWebKit/537.36 (KHTML, like Gecko) Chrome/140.0.0.0 Safari/537.36',
  level: 'error',
  message: 'Request Error',
  timestamp: '2025-09-30 11:44:33'
}
{
  service: 'barber-app-backend',
  method: 'GET',
  url: '/api/bookings',
  status: 429,
  duration: '0ms',
  ip: '::1',
  userAgent: 'Mozilla/5.0 (Macintosh; Intel Mac OS X 10_15_7) AppleWebKit/537.36 (KHTML, like Gecko) Chrome/140.0.0.0 Safari/537.36',
  level: 'error',
  message: 'Request Error',
  timestamp: '2025-09-30 12:28:11'
}
{
  service: 'barber-app-backend',
  method: 'GET',
  url: '/api/bookings',
  status: 429,
  duration: '1ms',
  ip: '::1',
  userAgent: 'Mozilla/5.0 (Macintosh; Intel Mac OS X 10_15_7) AppleWebKit/537.36 (KHTML, like Gecko) Chrome/140.0.0.0 Safari/537.36',
  level: 'error',
  message: 'Request Error',
  timestamp: '2025-09-30 12:28:12'
}
{
  service: 'barber-app-backend',
  method: 'GET',
  url: '/api/bookings',
  status: 429,
  duration: '1ms',
  ip: '::1',
  userAgent: 'Mozilla/5.0 (Macintosh; Intel Mac OS X 10_15_7) AppleWebKit/537.36 (KHTML, like Gecko) Chrome/140.0.0.0 Safari/537.36',
  level: 'error',
  message: 'Request Error',
  timestamp: '2025-09-30 12:28:14'
}
{
  service: 'barber-app-backend',
  method: 'GET',
  url: '/api/bookings',
  status: 429,
  duration: '1ms',
  ip: '::1',
  userAgent: 'Mozilla/5.0 (Macintosh; Intel Mac OS X 10_15_7) AppleWebKit/537.36 (KHTML, like Gecko) Chrome/140.0.0.0 Safari/537.36',
  level: 'error',
  message: 'Request Error',
  timestamp: '2025-09-30 12:28:18'
}
{
  service: 'barber-app-backend',
  method: 'GET',
  url: '/api/bookings',
  status: 429,
  duration: '1ms',
  ip: '::1',
  userAgent: 'Mozilla/5.0 (Macintosh; Intel Mac OS X 10_15_7) AppleWebKit/537.36 (KHTML, like Gecko) Chrome/140.0.0.0 Safari/537.36',
  level: 'error',
  message: 'Request Error',
  timestamp: '2025-09-30 12:37:26'
}
{
  service: 'barber-app-backend',
  method: 'GET',
  url: '/api/bookings/barber/agenda?date=2025-09-30&type=week',
  status: 429,
  duration: '1ms',
  ip: '::1',
  userAgent: 'Mozilla/5.0 (Macintosh; Intel Mac OS X 10_15_7) AppleWebKit/537.36 (KHTML, like Gecko) Chrome/140.0.0.0 Safari/537.36',
  level: 'error',
  message: 'Request Error',
  timestamp: '2025-09-30 15:48:00'
}
{
  service: 'barber-app-backend',
  method: 'GET',
  url: '/api/bookings/barber/agenda?date=2025-09-30&type=week',
  status: 429,
  duration: '1ms',
  ip: '::1',
  userAgent: 'Mozilla/5.0 (Macintosh; Intel Mac OS X 10_15_7) AppleWebKit/537.36 (KHTML, like Gecko) Chrome/140.0.0.0 Safari/537.36',
  level: 'error',
  message: 'Request Error',
  timestamp: '2025-09-30 15:48:01'
}
{
  service: 'barber-app-backend',
  method: 'GET',
  url: '/api/bookings/barber/agenda?date=2025-09-30&type=week',
  status: 429,
  duration: '1ms',
  ip: '::1',
  userAgent: 'Mozilla/5.0 (Macintosh; Intel Mac OS X 10_15_7) AppleWebKit/537.36 (KHTML, like Gecko) Chrome/140.0.0.0 Safari/537.36',
  level: 'error',
  message: 'Request Error',
  timestamp: '2025-09-30 15:48:03'
}
{
  service: 'barber-app-backend',
  method: 'GET',
  url: '/api/bookings/barber/agenda?date=2025-09-30&type=week',
  status: 429,
  duration: '1ms',
  ip: '::1',
  userAgent: 'Mozilla/5.0 (Macintosh; Intel Mac OS X 10_15_7) AppleWebKit/537.36 (KHTML, like Gecko) Chrome/140.0.0.0 Safari/537.36',
  level: 'error',
  message: 'Request Error',
  timestamp: '2025-09-30 15:48:07'
}
{
  service: 'barber-app-backend',
  method: 'GET',
  url: '/api/bookings/barber/agenda?date=2025-09-30&type=week',
  status: 429,
  duration: '3ms',
  ip: '::1',
  userAgent: 'Mozilla/5.0 (Macintosh; Intel Mac OS X 10_15_7) AppleWebKit/537.36 (KHTML, like Gecko) Chrome/140.0.0.0 Safari/537.36',
  level: 'error',
  message: 'Request Error',
  timestamp: '2025-09-30 15:53:16'
}
{
  service: 'barber-app-backend',
  method: 'GET',
  url: '/api/bookings/barber/agenda?date=2025-09-30&type=week',
  status: 429,
  duration: '0ms',
  ip: '::1',
  userAgent: 'Mozilla/5.0 (Macintosh; Intel Mac OS X 10_15_7) AppleWebKit/537.36 (KHTML, like Gecko) Chrome/140.0.0.0 Safari/537.36',
  level: 'error',
  message: 'Request Error',
  timestamp: '2025-09-30 15:53:17'
}
{
  service: 'barber-app-backend',
  method: 'GET',
  url: '/api/bookings/barber/agenda?date=2025-09-30&type=week',
  status: 429,
  duration: '4ms',
  ip: '::1',
  userAgent: 'Mozilla/5.0 (Macintosh; Intel Mac OS X 10_15_7) AppleWebKit/537.36 (KHTML, like Gecko) Chrome/140.0.0.0 Safari/537.36',
  level: 'error',
  message: 'Request Error',
  timestamp: '2025-09-30 15:53:19'
}
{
  service: 'barber-app-backend',
  method: 'GET',
  url: '/api/bookings/barber/agenda?date=2025-09-30&type=week',
  status: 429,
  duration: '1ms',
  ip: '::1',
  userAgent: 'Mozilla/5.0 (Macintosh; Intel Mac OS X 10_15_7) AppleWebKit/537.36 (KHTML, like Gecko) Chrome/140.0.0.0 Safari/537.36',
  level: 'error',
  message: 'Request Error',
  timestamp: '2025-09-30 15:53:23'
}
{
  service: 'barber-app-backend',
  method: 'GET',
  url: '/api/bookings/barber/agenda?date=2025-09-30&type=week',
  status: 429,
  duration: '1ms',
  ip: '::1',
  userAgent: 'Mozilla/5.0 (Macintosh; Intel Mac OS X 10_15_7) AppleWebKit/537.36 (KHTML, like Gecko) Chrome/140.0.0.0 Safari/537.36',
  level: 'error',
  message: 'Request Error',
  timestamp: '2025-09-30 15:53:26'
}
{
  service: 'barber-app-backend',
  method: 'GET',
  url: '/api/bookings/barber/agenda?date=2025-09-30&type=week',
  status: 429,
  duration: '0ms',
  ip: '::1',
  userAgent: 'Mozilla/5.0 (Macintosh; Intel Mac OS X 10_15_7) AppleWebKit/537.36 (KHTML, like Gecko) Chrome/140.0.0.0 Safari/537.36',
  level: 'error',
  message: 'Request Error',
  timestamp: '2025-09-30 15:53:27'
}
{
  service: 'barber-app-backend',
  method: 'GET',
  url: '/api/bookings/barber/agenda?date=2025-09-30&type=week',
  status: 429,
  duration: '0ms',
  ip: '::1',
  userAgent: 'Mozilla/5.0 (Macintosh; Intel Mac OS X 10_15_7) AppleWebKit/537.36 (KHTML, like Gecko) Chrome/140.0.0.0 Safari/537.36',
  level: 'error',
  message: 'Request Error',
  timestamp: '2025-09-30 15:53:29'
}
{
  service: 'barber-app-backend',
  method: 'GET',
  url: '/api/bookings/barber/agenda?date=2025-09-30&type=week',
  status: 429,
  duration: '0ms',
  ip: '::1',
  userAgent: 'Mozilla/5.0 (Macintosh; Intel Mac OS X 10_15_7) AppleWebKit/537.36 (KHTML, like Gecko) Chrome/140.0.0.0 Safari/537.36',
  level: 'error',
  message: 'Request Error',
  timestamp: '2025-09-30 15:53:33'
}
{
  service: 'barber-app-backend',
  method: 'GET',
  url: '/api/bookings/barber/agenda?date=2025-09-30&type=week',
  status: 429,
  duration: '0ms',
  ip: '::1',
  userAgent: 'Mozilla/5.0 (Macintosh; Intel Mac OS X 10_15_7) AppleWebKit/537.36 (KHTML, like Gecko) Chrome/140.0.0.0 Safari/537.36',
  level: 'error',
  message: 'Request Error',
  timestamp: '2025-09-30 15:53:39'
}
{
  service: 'barber-app-backend',
  method: 'GET',
  url: '/api/bookings/barber/agenda?date=2025-09-30&type=week',
  status: 429,
  duration: '1ms',
  ip: '::1',
  userAgent: 'Mozilla/5.0 (Macintosh; Intel Mac OS X 10_15_7) AppleWebKit/537.36 (KHTML, like Gecko) Chrome/140.0.0.0 Safari/537.36',
  level: 'error',
  message: 'Request Error',
  timestamp: '2025-09-30 15:53:40'
}
{
  service: 'barber-app-backend',
  method: 'GET',
  url: '/api/bookings/barber/agenda?date=2025-09-30&type=week',
  status: 429,
  duration: '0ms',
  ip: '::1',
  userAgent: 'Mozilla/5.0 (Macintosh; Intel Mac OS X 10_15_7) AppleWebKit/537.36 (KHTML, like Gecko) Chrome/140.0.0.0 Safari/537.36',
  level: 'error',
  message: 'Request Error',
  timestamp: '2025-09-30 15:53:46'
}
{
  service: 'barber-app-backend',
  method: 'GET',
  url: '/api/bookings/barber/agenda?date=2025-09-30&type=week',
  status: 429,
  duration: '1ms',
  ip: '::1',
  userAgent: 'Mozilla/5.0 (Macintosh; Intel Mac OS X 10_15_7) AppleWebKit/537.36 (KHTML, like Gecko) Chrome/140.0.0.0 Safari/537.36',
  level: 'error',
  message: 'Request Error',
  timestamp: '2025-09-30 15:53:47'
}
{
  service: 'barber-app-backend',
  method: 'GET',
  url: '/api/bookings/barber/agenda?date=2025-09-30&type=week',
  status: 429,
  duration: '1ms',
  ip: '::1',
  userAgent: 'Mozilla/5.0 (Macintosh; Intel Mac OS X 10_15_7) AppleWebKit/537.36 (KHTML, like Gecko) Chrome/140.0.0.0 Safari/537.36',
  level: 'error',
  message: 'Request Error',
  timestamp: '2025-09-30 15:53:49'
}
{
  service: 'barber-app-backend',
  method: 'GET',
  url: '/api/bookings/barber/agenda?date=2025-09-30&type=week',
  status: 429,
  duration: '0ms',
  ip: '::1',
  userAgent: 'Mozilla/5.0 (Macintosh; Intel Mac OS X 10_15_7) AppleWebKit/537.36 (KHTML, like Gecko) Chrome/140.0.0.0 Safari/537.36',
  level: 'error',
  message: 'Request Error',
  timestamp: '2025-09-30 15:53:53'
}
{
  service: 'barber-app-backend',
  method: 'GET',
  url: '/api/bookings/barber/agenda?date=2025-10-01&type=week',
  status: 429,
  duration: '1ms',
  ip: '::1',
  userAgent: 'Mozilla/5.0 (Macintosh; Intel Mac OS X 10_15_7) AppleWebKit/537.36 (KHTML, like Gecko) Chrome/140.0.0.0 Safari/537.36',
  level: 'error',
  message: 'Request Error',
  timestamp: '2025-10-01 07:55:37'
}
{
  service: 'barber-app-backend',
  method: 'GET',
  url: '/api/bookings/barber/agenda?date=2025-10-01&type=week',
  status: 429,
  duration: '1ms',
  ip: '::1',
  userAgent: 'Mozilla/5.0 (Macintosh; Intel Mac OS X 10_15_7) AppleWebKit/537.36 (KHTML, like Gecko) Chrome/140.0.0.0 Safari/537.36',
  level: 'error',
  message: 'Request Error',
  timestamp: '2025-10-01 07:59:11'
}
{
  service: 'barber-app-backend',
  method: 'GET',
  url: '/api/bookings/barber/agenda?date=2025-10-01&type=week',
  status: 429,
  duration: '2ms',
  ip: '::1',
  userAgent: 'Mozilla/5.0 (Macintosh; Intel Mac OS X 10_15_7) AppleWebKit/537.36 (KHTML, like Gecko) Chrome/140.0.0.0 Safari/537.36',
  level: 'error',
  message: 'Request Error',
  timestamp: '2025-10-01 07:59:13'
}
{
  service: 'barber-app-backend',
  method: 'GET',
  url: '/api/bookings/barber/stats?date=2025-10-01',
  status: 404,
  duration: '4ms',
  ip: '::1',
  userAgent: 'Mozilla/5.0 (Macintosh; Intel Mac OS X 10_15_7) AppleWebKit/537.36 (KHTML, like Gecko) Chrome/140.0.0.0 Safari/537.36',
  level: 'error',
  message: 'Request Error',
  timestamp: '2025-10-01 13:52:29'
}
{
  service: 'barber-app-backend',
  method: 'GET',
  url: '/api/bookings/barber/stats?date=2025-10-01&type=week',
  status: 404,
  duration: '0ms',
  ip: '::1',
  userAgent: 'Mozilla/5.0 (Macintosh; Intel Mac OS X 10_15_7) AppleWebKit/537.36 (KHTML, like Gecko) Chrome/140.0.0.0 Safari/537.36',
  level: 'error',
  message: 'Request Error',
  timestamp: '2025-10-01 13:52:29'
}
{
  service: 'barber-app-backend',
  method: 'GET',
  url: '/api/bookings/barber/stats?date=2025-10-01',
  status: 404,
  duration: '1ms',
  ip: '::1',
  userAgent: 'Mozilla/5.0 (Macintosh; Intel Mac OS X 10_15_7) AppleWebKit/537.36 (KHTML, like Gecko) Chrome/140.0.0.0 Safari/537.36',
  level: 'error',
  message: 'Request Error',
  timestamp: '2025-10-01 13:52:38'
}
{
  service: 'barber-app-backend',
  method: 'GET',
  url: '/api/bookings/barber/stats?date=2025-10-01&type=week',
  status: 404,
  duration: '2ms',
  ip: '::1',
  userAgent: 'Mozilla/5.0 (Macintosh; Intel Mac OS X 10_15_7) AppleWebKit/537.36 (KHTML, like Gecko) Chrome/140.0.0.0 Safari/537.36',
  level: 'error',
  message: 'Request Error',
  timestamp: '2025-10-01 13:52:38'
}
{
  service: 'barber-app-backend',
  method: 'GET',
  url: '/api/bookings/barber/agenda?date=2025-10-01&type=week',
  status: 429,
  duration: '0ms',
  ip: '::1',
  userAgent: 'Mozilla/5.0 (Macintosh; Intel Mac OS X 10_15_7) AppleWebKit/537.36 (KHTML, like Gecko) Chrome/140.0.0.0 Safari/537.36',
  level: 'error',
  message: 'Request Error',
  timestamp: '2025-10-01 13:52:38'
}
{
  service: 'barber-app-backend',
  method: 'GET',
  url: '/api/bookings/barber/agenda?date=2025-10-01&type=week',
  status: 429,
  duration: '0ms',
  ip: '::1',
  userAgent: 'Mozilla/5.0 (Macintosh; Intel Mac OS X 10_15_7) AppleWebKit/537.36 (KHTML, like Gecko) Chrome/140.0.0.0 Safari/537.36',
  level: 'error',
  message: 'Request Error',
  timestamp: '2025-10-01 13:52:39'
}
{
  service: 'barber-app-backend',
  method: 'GET',
  url: '/api/bookings/barber/stats?date=2025-10-01&type=week',
  status: 429,
  duration: '0ms',
  ip: '::1',
  userAgent: 'Mozilla/5.0 (Macintosh; Intel Mac OS X 10_15_7) AppleWebKit/537.36 (KHTML, like Gecko) Chrome/140.0.0.0 Safari/537.36',
  level: 'error',
  message: 'Request Error',
  timestamp: '2025-10-01 13:52:40'
}
{
  service: 'barber-app-backend',
  method: 'GET',
  url: '/api/bookings/barber/stats?date=2025-10-01',
  status: 429,
  duration: '1ms',
  ip: '::1',
  userAgent: 'Mozilla/5.0 (Macintosh; Intel Mac OS X 10_15_7) AppleWebKit/537.36 (KHTML, like Gecko) Chrome/140.0.0.0 Safari/537.36',
  level: 'error',
  message: 'Request Error',
  timestamp: '2025-10-01 13:52:40'
}
{
  service: 'barber-app-backend',
  method: 'GET',
  url: '/api/bookings/barber/agenda?date=2025-10-01&type=week',
  status: 429,
  duration: '1ms',
  ip: '::1',
  userAgent: 'Mozilla/5.0 (Macintosh; Intel Mac OS X 10_15_7) AppleWebKit/537.36 (KHTML, like Gecko) Chrome/140.0.0.0 Safari/537.36',
  level: 'error',
  message: 'Request Error',
  timestamp: '2025-10-01 13:52:40'
}
{
  service: 'barber-app-backend',
  method: 'GET',
  url: '/api/bookings/barber/stats?date=2025-10-01',
  status: 429,
  duration: '0ms',
  ip: '::1',
  userAgent: 'Mozilla/5.0 (Macintosh; Intel Mac OS X 10_15_7) AppleWebKit/537.36 (KHTML, like Gecko) Chrome/140.0.0.0 Safari/537.36',
  level: 'error',
  message: 'Request Error',
  timestamp: '2025-10-01 13:52:40'
}
{
  service: 'barber-app-backend',
  method: 'GET',
  url: '/api/bookings/barber/stats?date=2025-10-01&type=week',
  status: 429,
  duration: '0ms',
  ip: '::1',
  userAgent: 'Mozilla/5.0 (Macintosh; Intel Mac OS X 10_15_7) AppleWebKit/537.36 (KHTML, like Gecko) Chrome/140.0.0.0 Safari/537.36',
  level: 'error',
  message: 'Request Error',
  timestamp: '2025-10-01 13:52:40'
}
{
  service: 'barber-app-backend',
  method: 'GET',
  url: '/api/bookings/barber/agenda?date=2025-10-01&type=week',
  status: 429,
  duration: '1ms',
  ip: '::1',
  userAgent: 'Mozilla/5.0 (Macintosh; Intel Mac OS X 10_15_7) AppleWebKit/537.36 (KHTML, like Gecko) Chrome/140.0.0.0 Safari/537.36',
  level: 'error',
  message: 'Request Error',
  timestamp: '2025-10-01 13:52:41'
}
{
  service: 'barber-app-backend',
  method: 'GET',
  url: '/api/bookings/barber/stats?date=2025-10-01',
  status: 429,
  duration: '0ms',
  ip: '::1',
  userAgent: 'Mozilla/5.0 (Macintosh; Intel Mac OS X 10_15_7) AppleWebKit/537.36 (KHTML, like Gecko) Chrome/140.0.0.0 Safari/537.36',
  level: 'error',
  message: 'Request Error',
  timestamp: '2025-10-01 13:52:41'
}
{
  service: 'barber-app-backend',
  method: 'GET',
  url: '/api/bookings/barber/stats?date=2025-10-01&type=week',
  status: 429,
  duration: '0ms',
  ip: '::1',
  userAgent: 'Mozilla/5.0 (Macintosh; Intel Mac OS X 10_15_7) AppleWebKit/537.36 (KHTML, like Gecko) Chrome/140.0.0.0 Safari/537.36',
  level: 'error',
  message: 'Request Error',
  timestamp: '2025-10-01 13:52:41'
}
{
  service: 'barber-app-backend',
  method: 'GET',
  url: '/api/bookings/barber/stats?date=2025-10-01&type=week',
  status: 429,
  duration: '1ms',
  ip: '::1',
  userAgent: 'Mozilla/5.0 (Macintosh; Intel Mac OS X 10_15_7) AppleWebKit/537.36 (KHTML, like Gecko) Chrome/140.0.0.0 Safari/537.36',
  level: 'error',
  message: 'Request Error',
  timestamp: '2025-10-01 13:52:43'
}
{
  service: 'barber-app-backend',
  method: 'GET',
  url: '/api/bookings/barber/agenda?date=2025-10-01&type=week',
  status: 429,
  duration: '0ms',
  ip: '::1',
  userAgent: 'Mozilla/5.0 (Macintosh; Intel Mac OS X 10_15_7) AppleWebKit/537.36 (KHTML, like Gecko) Chrome/140.0.0.0 Safari/537.36',
  level: 'error',
  message: 'Request Error',
  timestamp: '2025-10-01 13:52:43'
}
{
  service: 'barber-app-backend',
  method: 'GET',
  url: '/api/bookings/barber/stats?date=2025-10-01',
  status: 429,
  duration: '1ms',
  ip: '::1',
  userAgent: 'Mozilla/5.0 (Macintosh; Intel Mac OS X 10_15_7) AppleWebKit/537.36 (KHTML, like Gecko) Chrome/140.0.0.0 Safari/537.36',
  level: 'error',
  message: 'Request Error',
  timestamp: '2025-10-01 13:52:43'
}
{
  service: 'barber-app-backend',
  method: 'GET',
  url: '/api/bookings/barber/stats?date=2025-10-01&type=week',
  status: 429,
  duration: '0ms',
  ip: '::1',
  userAgent: 'Mozilla/5.0 (Macintosh; Intel Mac OS X 10_15_7) AppleWebKit/537.36 (KHTML, like Gecko) Chrome/140.0.0.0 Safari/537.36',
  level: 'error',
  message: 'Request Error',
  timestamp: '2025-10-01 13:52:47'
}
{
  service: 'barber-app-backend',
  method: 'GET',
  url: '/api/bookings/barber/agenda?date=2025-10-01&type=week',
  status: 429,
  duration: '0ms',
  ip: '::1',
  userAgent: 'Mozilla/5.0 (Macintosh; Intel Mac OS X 10_15_7) AppleWebKit/537.36 (KHTML, like Gecko) Chrome/140.0.0.0 Safari/537.36',
  level: 'error',
  message: 'Request Error',
  timestamp: '2025-10-01 13:52:47'
}
{
  service: 'barber-app-backend',
  method: 'GET',
  url: '/api/bookings/barber/stats?date=2025-10-01',
  status: 429,
  duration: '1ms',
  ip: '::1',
  userAgent: 'Mozilla/5.0 (Macintosh; Intel Mac OS X 10_15_7) AppleWebKit/537.36 (KHTML, like Gecko) Chrome/140.0.0.0 Safari/537.36',
  level: 'error',
  message: 'Request Error',
  timestamp: '2025-10-01 13:52:47'
}
{
  service: 'barber-app-backend',
  method: 'GET',
  url: '/api/bookings/barber/stats?date=2025-10-01',
  status: 429,
  duration: '1ms',
  ip: '::1',
  userAgent: 'Mozilla/5.0 (Macintosh; Intel Mac OS X 10_15_7) AppleWebKit/537.36 (KHTML, like Gecko) Chrome/140.0.0.0 Safari/537.36',
  level: 'error',
  message: 'Request Error',
  timestamp: '2025-10-01 13:52:54'
}
{
  service: 'barber-app-backend',
  method: 'GET',
  url: '/api/bookings/barber/stats?date=2025-09-30&type=week',
  status: 429,
  duration: '1ms',
  ip: '::1',
  userAgent: 'Mozilla/5.0 (Macintosh; Intel Mac OS X 10_15_7) AppleWebKit/537.36 (KHTML, like Gecko) Chrome/140.0.0.0 Safari/537.36',
  level: 'error',
  message: 'Request Error',
  timestamp: '2025-10-01 13:52:54'
}
{
  service: 'barber-app-backend',
  method: 'GET',
  url: '/api/bookings/barber/agenda?date=2025-09-30&type=week',
  status: 429,
  duration: '1ms',
  ip: '::1',
  userAgent: 'Mozilla/5.0 (Macintosh; Intel Mac OS X 10_15_7) AppleWebKit/537.36 (KHTML, like Gecko) Chrome/140.0.0.0 Safari/537.36',
  level: 'error',
  message: 'Request Error',
  timestamp: '2025-10-01 13:52:54'
}
{
  service: 'barber-app-backend',
  method: 'GET',
  url: '/api/bookings/barber/stats?date=2025-09-30&type=week',
  status: 429,
  duration: '1ms',
  ip: '::1',
  userAgent: 'Mozilla/5.0 (Macintosh; Intel Mac OS X 10_15_7) AppleWebKit/537.36 (KHTML, like Gecko) Chrome/140.0.0.0 Safari/537.36',
  level: 'error',
  message: 'Request Error',
  timestamp: '2025-10-01 13:52:55'
}
{
  service: 'barber-app-backend',
  method: 'GET',
  url: '/api/bookings/barber/stats?date=2025-10-01',
  status: 429,
  duration: '1ms',
  ip: '::1',
  userAgent: 'Mozilla/5.0 (Macintosh; Intel Mac OS X 10_15_7) AppleWebKit/537.36 (KHTML, like Gecko) Chrome/140.0.0.0 Safari/537.36',
  level: 'error',
  message: 'Request Error',
  timestamp: '2025-10-01 13:52:55'
}
{
  service: 'barber-app-backend',
  method: 'GET',
  url: '/api/bookings/barber/agenda?date=2025-09-30&type=week',
  status: 429,
  duration: '1ms',
  ip: '::1',
  userAgent: 'Mozilla/5.0 (Macintosh; Intel Mac OS X 10_15_7) AppleWebKit/537.36 (KHTML, like Gecko) Chrome/140.0.0.0 Safari/537.36',
  level: 'error',
  message: 'Request Error',
  timestamp: '2025-10-01 13:52:55'
}
{
  service: 'barber-app-backend',
  method: 'GET',
  url: '/api/bookings/barber/stats?date=2025-10-01',
  status: 429,
  duration: '0ms',
  ip: '::1',
  userAgent: 'Mozilla/5.0 (Macintosh; Intel Mac OS X 10_15_7) AppleWebKit/537.36 (KHTML, like Gecko) Chrome/140.0.0.0 Safari/537.36',
  level: 'error',
  message: 'Request Error',
  timestamp: '2025-10-01 13:52:57'
}
{
  service: 'barber-app-backend',
  method: 'GET',
  url: '/api/bookings/barber/stats?date=2025-09-30&type=week',
  status: 429,
  duration: '0ms',
  ip: '::1',
  userAgent: 'Mozilla/5.0 (Macintosh; Intel Mac OS X 10_15_7) AppleWebKit/537.36 (KHTML, like Gecko) Chrome/140.0.0.0 Safari/537.36',
  level: 'error',
  message: 'Request Error',
  timestamp: '2025-10-01 13:52:57'
}
{
  service: 'barber-app-backend',
  method: 'GET',
  url: '/api/bookings/barber/agenda?date=2025-09-30&type=week',
  status: 429,
  duration: '0ms',
  ip: '::1',
  userAgent: 'Mozilla/5.0 (Macintosh; Intel Mac OS X 10_15_7) AppleWebKit/537.36 (KHTML, like Gecko) Chrome/140.0.0.0 Safari/537.36',
  level: 'error',
  message: 'Request Error',
  timestamp: '2025-10-01 13:52:57'
}
{
  service: 'barber-app-backend',
  method: 'GET',
  url: '/api/bookings/barber/stats?date=2025-10-01',
  status: 429,
  duration: '0ms',
  ip: '::1',
  userAgent: 'Mozilla/5.0 (Macintosh; Intel Mac OS X 10_15_7) AppleWebKit/537.36 (KHTML, like Gecko) Chrome/140.0.0.0 Safari/537.36',
  level: 'error',
  message: 'Request Error',
  timestamp: '2025-10-01 13:52:58'
}
{
  service: 'barber-app-backend',
  method: 'GET',
  url: '/api/bookings/barber/agenda?date=2025-10-02&type=week',
  status: 429,
  duration: '0ms',
  ip: '::1',
  userAgent: 'Mozilla/5.0 (Macintosh; Intel Mac OS X 10_15_7) AppleWebKit/537.36 (KHTML, like Gecko) Chrome/140.0.0.0 Safari/537.36',
  level: 'error',
  message: 'Request Error',
  timestamp: '2025-10-01 13:52:58'
}
{
  service: 'barber-app-backend',
  method: 'GET',
  url: '/api/bookings/barber/stats?date=2025-10-02&type=week',
  status: 429,
  duration: '0ms',
  ip: '::1',
  userAgent: 'Mozilla/5.0 (Macintosh; Intel Mac OS X 10_15_7) AppleWebKit/537.36 (KHTML, like Gecko) Chrome/140.0.0.0 Safari/537.36',
  level: 'error',
  message: 'Request Error',
  timestamp: '2025-10-01 13:52:58'
}
{
  service: 'barber-app-backend',
  method: 'GET',
  url: '/api/bookings/barber/agenda?date=2025-10-02&type=week',
  status: 429,
  duration: '0ms',
  ip: '::1',
  userAgent: 'Mozilla/5.0 (Macintosh; Intel Mac OS X 10_15_7) AppleWebKit/537.36 (KHTML, like Gecko) Chrome/140.0.0.0 Safari/537.36',
  level: 'error',
  message: 'Request Error',
  timestamp: '2025-10-01 13:52:59'
}
{
  service: 'barber-app-backend',
  method: 'GET',
  url: '/api/bookings/barber/stats?date=2025-10-02&type=week',
  status: 429,
  duration: '0ms',
  ip: '::1',
  userAgent: 'Mozilla/5.0 (Macintosh; Intel Mac OS X 10_15_7) AppleWebKit/537.36 (KHTML, like Gecko) Chrome/140.0.0.0 Safari/537.36',
  level: 'error',
  message: 'Request Error',
  timestamp: '2025-10-01 13:52:59'
}
{
  service: 'barber-app-backend',
  method: 'GET',
  url: '/api/bookings/barber/stats?date=2025-10-01',
  status: 429,
  duration: '0ms',
  ip: '::1',
  userAgent: 'Mozilla/5.0 (Macintosh; Intel Mac OS X 10_15_7) AppleWebKit/537.36 (KHTML, like Gecko) Chrome/140.0.0.0 Safari/537.36',
  level: 'error',
  message: 'Request Error',
  timestamp: '2025-10-01 13:52:59'
}
{
  service: 'barber-app-backend',
  method: 'GET',
  url: '/api/bookings/barber/agenda?date=2025-10-02&type=week',
  status: 429,
  duration: '0ms',
  ip: '::1',
  userAgent: 'Mozilla/5.0 (Macintosh; Intel Mac OS X 10_15_7) AppleWebKit/537.36 (KHTML, like Gecko) Chrome/140.0.0.0 Safari/537.36',
  level: 'error',
  message: 'Request Error',
  timestamp: '2025-10-01 13:53:01'
}
{
  service: 'barber-app-backend',
  method: 'GET',
  url: '/api/bookings/barber/stats?date=2025-10-02&type=week',
  status: 429,
  duration: '0ms',
  ip: '::1',
  userAgent: 'Mozilla/5.0 (Macintosh; Intel Mac OS X 10_15_7) AppleWebKit/537.36 (KHTML, like Gecko) Chrome/140.0.0.0 Safari/537.36',
  level: 'error',
  message: 'Request Error',
  timestamp: '2025-10-01 13:53:01'
}
{
  service: 'barber-app-backend',
  method: 'GET',
  url: '/api/bookings/barber/stats?date=2025-10-01',
  status: 429,
  duration: '1ms',
  ip: '::1',
  userAgent: 'Mozilla/5.0 (Macintosh; Intel Mac OS X 10_15_7) AppleWebKit/537.36 (KHTML, like Gecko) Chrome/140.0.0.0 Safari/537.36',
  level: 'error',
  message: 'Request Error',
  timestamp: '2025-10-01 13:53:01'
}
{
  service: 'barber-app-backend',
  method: 'GET',
  url: '/api/bookings/barber/stats?date=2025-10-01',
  status: 429,
  duration: '0ms',
  ip: '::1',
  userAgent: 'Mozilla/5.0 (Macintosh; Intel Mac OS X 10_15_7) AppleWebKit/537.36 (KHTML, like Gecko) Chrome/140.0.0.0 Safari/537.36',
  level: 'error',
  message: 'Request Error',
  timestamp: '2025-10-01 13:53:06'
}
{
  service: 'barber-app-backend',
  method: 'GET',
  url: '/api/bookings/barber/agenda?date=2025-10-01&type=week',
  status: 429,
  duration: '0ms',
  ip: '::1',
  userAgent: 'Mozilla/5.0 (Macintosh; Intel Mac OS X 10_15_7) AppleWebKit/537.36 (KHTML, like Gecko) Chrome/140.0.0.0 Safari/537.36',
  level: 'error',
  message: 'Request Error',
  timestamp: '2025-10-01 13:53:06'
}
{
  service: 'barber-app-backend',
  method: 'GET',
  url: '/api/bookings/barber/stats?date=2025-10-01&type=week',
  status: 429,
  duration: '0ms',
  ip: '::1',
  userAgent: 'Mozilla/5.0 (Macintosh; Intel Mac OS X 10_15_7) AppleWebKit/537.36 (KHTML, like Gecko) Chrome/140.0.0.0 Safari/537.36',
  level: 'error',
  message: 'Request Error',
  timestamp: '2025-10-01 13:53:06'
}
{
  service: 'barber-app-backend',
  method: 'GET',
  url: '/api/bookings/barber/agenda?date=2025-10-01&type=week',
  status: 429,
  duration: '0ms',
  ip: '::1',
  userAgent: 'Mozilla/5.0 (Macintosh; Intel Mac OS X 10_15_7) AppleWebKit/537.36 (KHTML, like Gecko) Chrome/140.0.0.0 Safari/537.36',
  level: 'error',
  message: 'Request Error',
  timestamp: '2025-10-01 13:53:07'
}
{
  service: 'barber-app-backend',
  method: 'GET',
  url: '/api/bookings/barber/stats?date=2025-10-01',
  status: 429,
  duration: '0ms',
  ip: '::1',
  userAgent: 'Mozilla/5.0 (Macintosh; Intel Mac OS X 10_15_7) AppleWebKit/537.36 (KHTML, like Gecko) Chrome/140.0.0.0 Safari/537.36',
  level: 'error',
  message: 'Request Error',
  timestamp: '2025-10-01 13:53:07'
}
{
  service: 'barber-app-backend',
  method: 'GET',
  url: '/api/bookings/barber/stats?date=2025-10-01&type=week',
  status: 429,
  duration: '1ms',
  ip: '::1',
  userAgent: 'Mozilla/5.0 (Macintosh; Intel Mac OS X 10_15_7) AppleWebKit/537.36 (KHTML, like Gecko) Chrome/140.0.0.0 Safari/537.36',
  level: 'error',
  message: 'Request Error',
  timestamp: '2025-10-01 13:53:07'
}
{
  service: 'barber-app-backend',
  method: 'GET',
  url: '/api/bookings/barber/agenda?date=2025-10-01&type=week',
  status: 429,
  duration: '0ms',
  ip: '::1',
  userAgent: 'Mozilla/5.0 (Macintosh; Intel Mac OS X 10_15_7) AppleWebKit/537.36 (KHTML, like Gecko) Chrome/140.0.0.0 Safari/537.36',
  level: 'error',
  message: 'Request Error',
  timestamp: '2025-10-01 13:53:09'
}
{
  service: 'barber-app-backend',
  method: 'GET',
  url: '/api/bookings/barber/stats?date=2025-10-01',
  status: 429,
  duration: '0ms',
  ip: '::1',
  userAgent: 'Mozilla/5.0 (Macintosh; Intel Mac OS X 10_15_7) AppleWebKit/537.36 (KHTML, like Gecko) Chrome/140.0.0.0 Safari/537.36',
  level: 'error',
  message: 'Request Error',
  timestamp: '2025-10-01 13:53:09'
}
{
  service: 'barber-app-backend',
  method: 'GET',
  url: '/api/bookings/barber/stats?date=2025-10-01&type=week',
  status: 429,
  duration: '0ms',
  ip: '::1',
  userAgent: 'Mozilla/5.0 (Macintosh; Intel Mac OS X 10_15_7) AppleWebKit/537.36 (KHTML, like Gecko) Chrome/140.0.0.0 Safari/537.36',
  level: 'error',
  message: 'Request Error',
  timestamp: '2025-10-01 13:53:09'
}
{
  service: 'barber-app-backend',
  method: 'GET',
  url: '/api/bookings/barber/agenda?date=2025-10-01&type=week',
  status: 429,
  duration: '0ms',
  ip: '::1',
  userAgent: 'Mozilla/5.0 (Macintosh; Intel Mac OS X 10_15_7) AppleWebKit/537.36 (KHTML, like Gecko) Chrome/140.0.0.0 Safari/537.36',
  level: 'error',
  message: 'Request Error',
  timestamp: '2025-10-01 13:53:13'
}
{
  service: 'barber-app-backend',
  method: 'GET',
  url: '/api/bookings/barber/stats?date=2025-10-01',
  status: 429,
  duration: '0ms',
  ip: '::1',
  userAgent: 'Mozilla/5.0 (Macintosh; Intel Mac OS X 10_15_7) AppleWebKit/537.36 (KHTML, like Gecko) Chrome/140.0.0.0 Safari/537.36',
  level: 'error',
  message: 'Request Error',
  timestamp: '2025-10-01 13:53:13'
}
{
  service: 'barber-app-backend',
  method: 'GET',
  url: '/api/bookings/barber/stats?date=2025-10-01&type=week',
  status: 429,
  duration: '0ms',
  ip: '::1',
  userAgent: 'Mozilla/5.0 (Macintosh; Intel Mac OS X 10_15_7) AppleWebKit/537.36 (KHTML, like Gecko) Chrome/140.0.0.0 Safari/537.36',
  level: 'error',
  message: 'Request Error',
  timestamp: '2025-10-01 13:53:13'
}
{
  service: 'barber-app-backend',
  method: 'GET',
  url: '/api/bookings/barber/agenda?date=2025-10-01&type=week',
  status: 429,
  duration: '1ms',
  ip: '::1',
  userAgent: 'Mozilla/5.0 (Macintosh; Intel Mac OS X 10_15_7) AppleWebKit/537.36 (KHTML, like Gecko) Chrome/140.0.0.0 Safari/537.36',
  level: 'error',
  message: 'Request Error',
  timestamp: '2025-10-01 13:53:21'
}
{
  service: 'barber-app-backend',
  method: 'GET',
  url: '/api/bookings/barber/stats?date=2025-10-01',
  status: 429,
  duration: '12ms',
  ip: '::1',
  userAgent: 'Mozilla/5.0 (Macintosh; Intel Mac OS X 10_15_7) AppleWebKit/537.36 (KHTML, like Gecko) Chrome/140.0.0.0 Safari/537.36',
  level: 'error',
  message: 'Request Error',
  timestamp: '2025-10-01 13:53:21'
}
{
  service: 'barber-app-backend',
  method: 'GET',
  url: '/api/bookings/barber/stats?date=2025-10-01&type=week',
  status: 429,
  duration: '0ms',
  ip: '::1',
  userAgent: 'Mozilla/5.0 (Macintosh; Intel Mac OS X 10_15_7) AppleWebKit/537.36 (KHTML, like Gecko) Chrome/140.0.0.0 Safari/537.36',
  level: 'error',
  message: 'Request Error',
  timestamp: '2025-10-01 13:53:21'
}
{
  service: 'barber-app-backend',
  method: 'GET',
  url: '/api/bookings/barber/agenda?date=2025-10-01&type=week',
  status: 429,
  duration: '0ms',
  ip: '::1',
  userAgent: 'Mozilla/5.0 (Macintosh; Intel Mac OS X 10_15_7) AppleWebKit/537.36 (KHTML, like Gecko) Chrome/140.0.0.0 Safari/537.36',
  level: 'error',
  message: 'Request Error',
  timestamp: '2025-10-01 13:53:22'
}
{
  service: 'barber-app-backend',
  method: 'GET',
  url: '/api/bookings/barber/stats?date=2025-10-01',
  status: 429,
  duration: '0ms',
  ip: '::1',
  userAgent: 'Mozilla/5.0 (Macintosh; Intel Mac OS X 10_15_7) AppleWebKit/537.36 (KHTML, like Gecko) Chrome/140.0.0.0 Safari/537.36',
  level: 'error',
  message: 'Request Error',
  timestamp: '2025-10-01 13:53:22'
}
{
  service: 'barber-app-backend',
  method: 'GET',
  url: '/api/bookings/barber/stats?date=2025-10-01&type=week',
  status: 429,
  duration: '0ms',
  ip: '::1',
  userAgent: 'Mozilla/5.0 (Macintosh; Intel Mac OS X 10_15_7) AppleWebKit/537.36 (KHTML, like Gecko) Chrome/140.0.0.0 Safari/537.36',
  level: 'error',
  message: 'Request Error',
  timestamp: '2025-10-01 13:53:22'
}
{
  service: 'barber-app-backend',
  method: 'GET',
  url: '/api/bookings/barber/stats?date=2025-10-01&type=week',
  status: 429,
  duration: '1ms',
  ip: '::1',
  userAgent: 'Mozilla/5.0 (Macintosh; Intel Mac OS X 10_15_7) AppleWebKit/537.36 (KHTML, like Gecko) Chrome/140.0.0.0 Safari/537.36',
  level: 'error',
  message: 'Request Error',
  timestamp: '2025-10-01 13:53:23'
}
{
  service: 'barber-app-backend',
  method: 'GET',
  url: '/api/bookings/barber/agenda?date=2025-10-01&type=week',
  status: 429,
  duration: '0ms',
  ip: '::1',
  userAgent: 'Mozilla/5.0 (Macintosh; Intel Mac OS X 10_15_7) AppleWebKit/537.36 (KHTML, like Gecko) Chrome/140.0.0.0 Safari/537.36',
  level: 'error',
  message: 'Request Error',
  timestamp: '2025-10-01 13:53:23'
}
{
  service: 'barber-app-backend',
  method: 'GET',
  url: '/api/bookings/barber/stats?date=2025-10-01',
  status: 429,
  duration: '0ms',
  ip: '::1',
  userAgent: 'Mozilla/5.0 (Macintosh; Intel Mac OS X 10_15_7) AppleWebKit/537.36 (KHTML, like Gecko) Chrome/140.0.0.0 Safari/537.36',
  level: 'error',
  message: 'Request Error',
  timestamp: '2025-10-01 13:53:23'
}
{
  service: 'barber-app-backend',
  method: 'GET',
  url: '/api/bookings/barber/agenda?date=2025-10-01&type=week',
  status: 429,
  duration: '0ms',
  ip: '::1',
  userAgent: 'Mozilla/5.0 (Macintosh; Intel Mac OS X 10_15_7) AppleWebKit/537.36 (KHTML, like Gecko) Chrome/140.0.0.0 Safari/537.36',
  level: 'error',
  message: 'Request Error',
  timestamp: '2025-10-01 13:53:25'
}
{
  service: 'barber-app-backend',
  method: 'GET',
  url: '/api/bookings/barber/stats?date=2025-10-01&type=week',
  status: 429,
  duration: '0ms',
  ip: '::1',
  userAgent: 'Mozilla/5.0 (Macintosh; Intel Mac OS X 10_15_7) AppleWebKit/537.36 (KHTML, like Gecko) Chrome/140.0.0.0 Safari/537.36',
  level: 'error',
  message: 'Request Error',
  timestamp: '2025-10-01 13:53:25'
}
{
  service: 'barber-app-backend',
  method: 'GET',
  url: '/api/bookings/barber/stats?date=2025-10-01',
  status: 429,
  duration: '1ms',
  ip: '::1',
  userAgent: 'Mozilla/5.0 (Macintosh; Intel Mac OS X 10_15_7) AppleWebKit/537.36 (KHTML, like Gecko) Chrome/140.0.0.0 Safari/537.36',
  level: 'error',
  message: 'Request Error',
  timestamp: '2025-10-01 13:53:25'
}
{
  service: 'barber-app-backend',
  method: 'GET',
  url: '/api/bookings/barber/agenda?date=2025-10-01&type=week',
  status: 429,
  duration: '1ms',
  ip: '::1',
  userAgent: 'Mozilla/5.0 (Macintosh; Intel Mac OS X 10_15_7) AppleWebKit/537.36 (KHTML, like Gecko) Chrome/140.0.0.0 Safari/537.36',
  level: 'error',
  message: 'Request Error',
  timestamp: '2025-10-01 13:53:29'
}
{
  service: 'barber-app-backend',
  method: 'GET',
  url: '/api/bookings/barber/stats?date=2025-10-01&type=week',
  status: 429,
  duration: '0ms',
  ip: '::1',
  userAgent: 'Mozilla/5.0 (Macintosh; Intel Mac OS X 10_15_7) AppleWebKit/537.36 (KHTML, like Gecko) Chrome/140.0.0.0 Safari/537.36',
  level: 'error',
  message: 'Request Error',
  timestamp: '2025-10-01 13:53:29'
}
{
  service: 'barber-app-backend',
  method: 'GET',
  url: '/api/bookings/barber/stats?date=2025-10-01',
  status: 429,
  duration: '1ms',
  ip: '::1',
  userAgent: 'Mozilla/5.0 (Macintosh; Intel Mac OS X 10_15_7) AppleWebKit/537.36 (KHTML, like Gecko) Chrome/140.0.0.0 Safari/537.36',
  level: 'error',
  message: 'Request Error',
  timestamp: '2025-10-01 13:53:29'
}
{
  service: 'barber-app-backend',
  method: 'GET',
  url: '/api/bookings/barber/agenda?date=2025-10-01&type=week',
  status: 429,
  duration: '1ms',
  ip: '::1',
  userAgent: 'Mozilla/5.0 (Macintosh; Intel Mac OS X 10_15_7) AppleWebKit/537.36 (KHTML, like Gecko) Chrome/140.0.0.0 Safari/537.36',
  level: 'error',
  message: 'Request Error',
  timestamp: '2025-10-01 13:54:15'
}
{
  service: 'barber-app-backend',
  method: 'GET',
  url: '/api/bookings/barber/stats?date=2025-10-01',
  status: 429,
  duration: '1ms',
  ip: '::1',
  userAgent: 'Mozilla/5.0 (Macintosh; Intel Mac OS X 10_15_7) AppleWebKit/537.36 (KHTML, like Gecko) Chrome/140.0.0.0 Safari/537.36',
  level: 'error',
  message: 'Request Error',
  timestamp: '2025-10-01 13:54:15'
}
{
  service: 'barber-app-backend',
  method: 'GET',
  url: '/api/bookings/barber/stats?date=2025-10-01&type=week',
  status: 429,
  duration: '0ms',
  ip: '::1',
  userAgent: 'Mozilla/5.0 (Macintosh; Intel Mac OS X 10_15_7) AppleWebKit/537.36 (KHTML, like Gecko) Chrome/140.0.0.0 Safari/537.36',
  level: 'error',
  message: 'Request Error',
  timestamp: '2025-10-01 13:54:15'
}
{
  service: 'barber-app-backend',
  method: 'GET',
  url: '/api/bookings/barber/agenda?date=2025-10-01&type=week',
  status: 429,
  duration: '0ms',
  ip: '::1',
  userAgent: 'Mozilla/5.0 (Macintosh; Intel Mac OS X 10_15_7) AppleWebKit/537.36 (KHTML, like Gecko) Chrome/140.0.0.0 Safari/537.36',
  level: 'error',
  message: 'Request Error',
  timestamp: '2025-10-01 13:54:18'
}
{
  service: 'barber-app-backend',
  method: 'GET',
  url: '/api/bookings/barber/stats?date=2025-10-01',
  status: 429,
  duration: '1ms',
  ip: '::1',
  userAgent: 'Mozilla/5.0 (Macintosh; Intel Mac OS X 10_15_7) AppleWebKit/537.36 (KHTML, like Gecko) Chrome/140.0.0.0 Safari/537.36',
  level: 'error',
  message: 'Request Error',
  timestamp: '2025-10-01 13:54:18'
}
{
  service: 'barber-app-backend',
  method: 'POST',
  url: '/api/auth/login',
  status: 401,
  duration: '168ms',
  ip: '::1',
  userAgent: 'Mozilla/5.0 (Macintosh; Intel Mac OS X 10_15_7) AppleWebKit/537.36 (KHTML, like Gecko) Chrome/140.0.0.0 Safari/537.36',
  level: 'error',
  message: 'Request Error',
  timestamp: '2025-10-01 13:59:07'
}
{
  service: 'barber-app-backend',
  method: 'GET',
  url: '/api/admin/stats',
  status: 404,
  duration: '1ms',
  ip: '::1',
  userAgent: 'Mozilla/5.0 (Macintosh; Intel Mac OS X 10_15_7) AppleWebKit/537.36 (KHTML, like Gecko) Chrome/140.0.0.0 Safari/537.36',
  level: 'error',
  message: 'Request Error',
  timestamp: '2025-10-01 13:59:14'
}
{
  service: 'barber-app-backend',
  method: 'GET',
  url: '/api/admin/top-barbers',
  status: 404,
  duration: '0ms',
  ip: '::1',
  userAgent: 'Mozilla/5.0 (Macintosh; Intel Mac OS X 10_15_7) AppleWebKit/537.36 (KHTML, like Gecko) Chrome/140.0.0.0 Safari/537.36',
  level: 'error',
  message: 'Request Error',
  timestamp: '2025-10-01 13:59:14'
}
{
  service: 'barber-app-backend',
  method: 'GET',
  url: '/api/admin/monthly-data',
  status: 404,
  duration: '0ms',
  ip: '::1',
  userAgent: 'Mozilla/5.0 (Macintosh; Intel Mac OS X 10_15_7) AppleWebKit/537.36 (KHTML, like Gecko) Chrome/140.0.0.0 Safari/537.36',
  level: 'error',
  message: 'Request Error',
  timestamp: '2025-10-01 13:59:14'
}
{
  service: 'barber-app-backend',
  method: 'GET',
  url: '/api/bookings',
  status: 429,
  duration: '0ms',
  ip: '::1',
  userAgent: 'Mozilla/5.0 (Macintosh; Intel Mac OS X 10_15_7) AppleWebKit/537.36 (KHTML, like Gecko) Chrome/140.0.0.0 Safari/537.36',
  level: 'error',
  message: 'Request Error',
  timestamp: '2025-10-01 13:59:14'
}
{
  service: 'barber-app-backend',
  method: 'GET',
  url: '/api/admin/stats',
  status: 404,
  duration: '2ms',
  ip: '::1',
  userAgent: 'Mozilla/5.0 (Macintosh; Intel Mac OS X 10_15_7) AppleWebKit/537.36 (KHTML, like Gecko) Chrome/140.0.0.0 Safari/537.36',
  level: 'error',
  message: 'Request Error',
  timestamp: '2025-10-01 13:59:15'
}
{
  service: 'barber-app-backend',
  method: 'GET',
  url: '/api/admin/top-barbers',
  status: 404,
  duration: '1ms',
  ip: '::1',
  userAgent: 'Mozilla/5.0 (Macintosh; Intel Mac OS X 10_15_7) AppleWebKit/537.36 (KHTML, like Gecko) Chrome/140.0.0.0 Safari/537.36',
  level: 'error',
  message: 'Request Error',
  timestamp: '2025-10-01 13:59:15'
}
{
  service: 'barber-app-backend',
  method: 'GET',
  url: '/api/admin/monthly-data',
  status: 404,
  duration: '0ms',
  ip: '::1',
  userAgent: 'Mozilla/5.0 (Macintosh; Intel Mac OS X 10_15_7) AppleWebKit/537.36 (KHTML, like Gecko) Chrome/140.0.0.0 Safari/537.36',
  level: 'error',
  message: 'Request Error',
  timestamp: '2025-10-01 13:59:15'
}
{
  service: 'barber-app-backend',
  method: 'GET',
  url: '/api/bookings',
  status: 429,
  duration: '0ms',
  ip: '::1',
  userAgent: 'Mozilla/5.0 (Macintosh; Intel Mac OS X 10_15_7) AppleWebKit/537.36 (KHTML, like Gecko) Chrome/140.0.0.0 Safari/537.36',
  level: 'error',
  message: 'Request Error',
  timestamp: '2025-10-01 13:59:15'
}
{
  service: 'barber-app-backend',
  method: 'GET',
  url: '/api/admin/stats',
  status: 404,
  duration: '3ms',
  ip: '::1',
  userAgent: 'Mozilla/5.0 (Macintosh; Intel Mac OS X 10_15_7) AppleWebKit/537.36 (KHTML, like Gecko) Chrome/140.0.0.0 Safari/537.36',
  level: 'error',
  message: 'Request Error',
  timestamp: '2025-10-01 13:59:17'
}
{
  service: 'barber-app-backend',
  method: 'GET',
  url: '/api/admin/top-barbers',
  status: 404,
  duration: '0ms',
  ip: '::1',
  userAgent: 'Mozilla/5.0 (Macintosh; Intel Mac OS X 10_15_7) AppleWebKit/537.36 (KHTML, like Gecko) Chrome/140.0.0.0 Safari/537.36',
  level: 'error',
  message: 'Request Error',
  timestamp: '2025-10-01 13:59:17'
}
{
  service: 'barber-app-backend',
  method: 'GET',
  url: '/api/admin/monthly-data',
  status: 404,
  duration: '1ms',
  ip: '::1',
  userAgent: 'Mozilla/5.0 (Macintosh; Intel Mac OS X 10_15_7) AppleWebKit/537.36 (KHTML, like Gecko) Chrome/140.0.0.0 Safari/537.36',
  level: 'error',
  message: 'Request Error',
  timestamp: '2025-10-01 13:59:17'
}
{
  service: 'barber-app-backend',
  method: 'GET',
  url: '/api/bookings',
  status: 429,
  duration: '1ms',
  ip: '::1',
  userAgent: 'Mozilla/5.0 (Macintosh; Intel Mac OS X 10_15_7) AppleWebKit/537.36 (KHTML, like Gecko) Chrome/140.0.0.0 Safari/537.36',
  level: 'error',
  message: 'Request Error',
  timestamp: '2025-10-01 13:59:17'
}
{
  service: 'barber-app-backend',
  method: 'GET',
  url: '/api/bookings',
  status: 429,
  duration: '0ms',
  ip: '::1',
  userAgent: 'Mozilla/5.0 (Macintosh; Intel Mac OS X 10_15_7) AppleWebKit/537.36 (KHTML, like Gecko) Chrome/140.0.0.0 Safari/537.36',
  level: 'error',
  message: 'Request Error',
  timestamp: '2025-10-01 14:02:22'
}
{
  service: 'barber-app-backend',
  method: 'GET',
  url: '/api/admin/stats',
  status: 404,
  duration: '1ms',
  ip: '::1',
  userAgent: 'Mozilla/5.0 (Macintosh; Intel Mac OS X 10_15_7) AppleWebKit/537.36 (KHTML, like Gecko) Chrome/140.0.0.0 Safari/537.36',
  level: 'error',
  message: 'Request Error',
  timestamp: '2025-10-01 14:02:22'
}
{
  service: 'barber-app-backend',
  method: 'GET',
  url: '/api/admin/top-barbers',
  status: 404,
  duration: '0ms',
  ip: '::1',
  userAgent: 'Mozilla/5.0 (Macintosh; Intel Mac OS X 10_15_7) AppleWebKit/537.36 (KHTML, like Gecko) Chrome/140.0.0.0 Safari/537.36',
  level: 'error',
  message: 'Request Error',
  timestamp: '2025-10-01 14:02:22'
}
{
  service: 'barber-app-backend',
  method: 'GET',
  url: '/api/admin/monthly-data',
  status: 404,
  duration: '0ms',
  ip: '::1',
  userAgent: 'Mozilla/5.0 (Macintosh; Intel Mac OS X 10_15_7) AppleWebKit/537.36 (KHTML, like Gecko) Chrome/140.0.0.0 Safari/537.36',
  level: 'error',
  message: 'Request Error',
  timestamp: '2025-10-01 14:02:22'
}
{
  service: 'barber-app-backend',
  method: 'GET',
  url: '/api/bookings',
  status: 429,
  duration: '1ms',
  ip: '::1',
  userAgent: 'Mozilla/5.0 (Macintosh; Intel Mac OS X 10_15_7) AppleWebKit/537.36 (KHTML, like Gecko) Chrome/140.0.0.0 Safari/537.36',
  level: 'error',
  message: 'Request Error',
  timestamp: '2025-10-01 14:02:23'
}
{
  service: 'barber-app-backend',
  method: 'GET',
  url: '/api/admin/stats',
  status: 404,
  duration: '1ms',
  ip: '::1',
  userAgent: 'Mozilla/5.0 (Macintosh; Intel Mac OS X 10_15_7) AppleWebKit/537.36 (KHTML, like Gecko) Chrome/140.0.0.0 Safari/537.36',
  level: 'error',
  message: 'Request Error',
  timestamp: '2025-10-01 14:02:23'
}
{
  service: 'barber-app-backend',
  method: 'GET',
  url: '/api/admin/top-barbers',
  status: 404,
  duration: '1ms',
  ip: '::1',
  userAgent: 'Mozilla/5.0 (Macintosh; Intel Mac OS X 10_15_7) AppleWebKit/537.36 (KHTML, like Gecko) Chrome/140.0.0.0 Safari/537.36',
  level: 'error',
  message: 'Request Error',
  timestamp: '2025-10-01 14:02:23'
}
{
  service: 'barber-app-backend',
  method: 'GET',
  url: '/api/admin/monthly-data',
  status: 404,
  duration: '1ms',
  ip: '::1',
  userAgent: 'Mozilla/5.0 (Macintosh; Intel Mac OS X 10_15_7) AppleWebKit/537.36 (KHTML, like Gecko) Chrome/140.0.0.0 Safari/537.36',
  level: 'error',
  message: 'Request Error',
  timestamp: '2025-10-01 14:02:23'
}
{
  service: 'barber-app-backend',
  method: 'GET',
  url: '/api/bookings',
  status: 429,
  duration: '1ms',
  ip: '::1',
  userAgent: 'Mozilla/5.0 (Macintosh; Intel Mac OS X 10_15_7) AppleWebKit/537.36 (KHTML, like Gecko) Chrome/140.0.0.0 Safari/537.36',
  level: 'error',
  message: 'Request Error',
  timestamp: '2025-10-01 14:02:25'
}
{
  service: 'barber-app-backend',
  method: 'GET',
  url: '/api/admin/stats',
  status: 404,
  duration: '0ms',
  ip: '::1',
  userAgent: 'Mozilla/5.0 (Macintosh; Intel Mac OS X 10_15_7) AppleWebKit/537.36 (KHTML, like Gecko) Chrome/140.0.0.0 Safari/537.36',
  level: 'error',
  message: 'Request Error',
  timestamp: '2025-10-01 14:02:25'
}
{
  service: 'barber-app-backend',
  method: 'GET',
  url: '/api/admin/top-barbers',
  status: 404,
  duration: '1ms',
  ip: '::1',
  userAgent: 'Mozilla/5.0 (Macintosh; Intel Mac OS X 10_15_7) AppleWebKit/537.36 (KHTML, like Gecko) Chrome/140.0.0.0 Safari/537.36',
  level: 'error',
  message: 'Request Error',
  timestamp: '2025-10-01 14:02:25'
}
{
  service: 'barber-app-backend',
  method: 'GET',
  url: '/api/admin/monthly-data',
  status: 404,
  duration: '1ms',
  ip: '::1',
  userAgent: 'Mozilla/5.0 (Macintosh; Intel Mac OS X 10_15_7) AppleWebKit/537.36 (KHTML, like Gecko) Chrome/140.0.0.0 Safari/537.36',
  level: 'error',
  message: 'Request Error',
  timestamp: '2025-10-01 14:02:25'
}
{
  service: 'barber-app-backend',
  method: 'GET',
  url: '/api/admin/top-barbers',
  status: 404,
  duration: '0ms',
  ip: '::1',
  userAgent: 'Mozilla/5.0 (Macintosh; Intel Mac OS X 10_15_7) AppleWebKit/537.36 (KHTML, like Gecko) Chrome/140.0.0.0 Safari/537.36',
  level: 'error',
  message: 'Request Error',
  timestamp: '2025-10-01 14:02:29'
}
{
  service: 'barber-app-backend',
  method: 'GET',
  url: '/api/admin/stats',
  status: 404,
  duration: '0ms',
  ip: '::1',
  userAgent: 'Mozilla/5.0 (Macintosh; Intel Mac OS X 10_15_7) AppleWebKit/537.36 (KHTML, like Gecko) Chrome/140.0.0.0 Safari/537.36',
  level: 'error',
  message: 'Request Error',
  timestamp: '2025-10-01 14:02:29'
}
{
  service: 'barber-app-backend',
  method: 'GET',
  url: '/api/bookings',
  status: 429,
  duration: '0ms',
  ip: '::1',
  userAgent: 'Mozilla/5.0 (Macintosh; Intel Mac OS X 10_15_7) AppleWebKit/537.36 (KHTML, like Gecko) Chrome/140.0.0.0 Safari/537.36',
  level: 'error',
  message: 'Request Error',
  timestamp: '2025-10-01 14:02:29'
}
{
  service: 'barber-app-backend',
  method: 'GET',
  url: '/api/admin/monthly-data',
  status: 404,
  duration: '1ms',
  ip: '::1',
  userAgent: 'Mozilla/5.0 (Macintosh; Intel Mac OS X 10_15_7) AppleWebKit/537.36 (KHTML, like Gecko) Chrome/140.0.0.0 Safari/537.36',
  level: 'error',
  message: 'Request Error',
  timestamp: '2025-10-01 14:02:29'
}
{
  service: 'barber-app-backend',
  method: 'GET',
  url: '/api/bookings',
  status: 429,
  duration: '0ms',
  ip: '::1',
  userAgent: 'Mozilla/5.0 (Macintosh; Intel Mac OS X 10_15_7) AppleWebKit/537.36 (KHTML, like Gecko) Chrome/140.0.0.0 Safari/537.36',
  level: 'error',
  message: 'Request Error',
  timestamp: '2025-10-01 14:02:39'
}
{
  service: 'barber-app-backend',
  method: 'GET',
  url: '/api/admin/stats',
  status: 404,
  duration: '1ms',
  ip: '::1',
  userAgent: 'Mozilla/5.0 (Macintosh; Intel Mac OS X 10_15_7) AppleWebKit/537.36 (KHTML, like Gecko) Chrome/140.0.0.0 Safari/537.36',
  level: 'error',
  message: 'Request Error',
  timestamp: '2025-10-01 14:02:39'
}
{
  service: 'barber-app-backend',
  method: 'GET',
  url: '/api/admin/top-barbers',
  status: 404,
  duration: '0ms',
  ip: '::1',
  userAgent: 'Mozilla/5.0 (Macintosh; Intel Mac OS X 10_15_7) AppleWebKit/537.36 (KHTML, like Gecko) Chrome/140.0.0.0 Safari/537.36',
  level: 'error',
  message: 'Request Error',
  timestamp: '2025-10-01 14:02:39'
}
{
  service: 'barber-app-backend',
  method: 'GET',
  url: '/api/admin/monthly-data',
  status: 404,
  duration: '1ms',
  ip: '::1',
  userAgent: 'Mozilla/5.0 (Macintosh; Intel Mac OS X 10_15_7) AppleWebKit/537.36 (KHTML, like Gecko) Chrome/140.0.0.0 Safari/537.36',
  level: 'error',
  message: 'Request Error',
  timestamp: '2025-10-01 14:02:39'
}
{
  service: 'barber-app-backend',
  method: 'GET',
  url: '/api/admin/stats',
  status: 404,
  duration: '1ms',
  ip: '::1',
  userAgent: 'Mozilla/5.0 (Macintosh; Intel Mac OS X 10_15_7) AppleWebKit/537.36 (KHTML, like Gecko) Chrome/140.0.0.0 Safari/537.36',
  level: 'error',
  message: 'Request Error',
  timestamp: '2025-10-01 14:02:40'
}
{
  service: 'barber-app-backend',
  method: 'GET',
  url: '/api/admin/monthly-data',
  status: 404,
  duration: '1ms',
  ip: '::1',
  userAgent: 'Mozilla/5.0 (Macintosh; Intel Mac OS X 10_15_7) AppleWebKit/537.36 (KHTML, like Gecko) Chrome/140.0.0.0 Safari/537.36',
  level: 'error',
  message: 'Request Error',
  timestamp: '2025-10-01 14:02:40'
}
{
  service: 'barber-app-backend',
  method: 'GET',
  url: '/api/admin/top-barbers',
  status: 404,
  duration: '5ms',
  ip: '::1',
  userAgent: 'Mozilla/5.0 (Macintosh; Intel Mac OS X 10_15_7) AppleWebKit/537.36 (KHTML, like Gecko) Chrome/140.0.0.0 Safari/537.36',
  level: 'error',
  message: 'Request Error',
  timestamp: '2025-10-01 14:02:40'
}
{
  service: 'barber-app-backend',
  method: 'GET',
  url: '/api/bookings',
  status: 429,
  duration: '0ms',
  ip: '::1',
  userAgent: 'Mozilla/5.0 (Macintosh; Intel Mac OS X 10_15_7) AppleWebKit/537.36 (KHTML, like Gecko) Chrome/140.0.0.0 Safari/537.36',
  level: 'error',
  message: 'Request Error',
  timestamp: '2025-10-01 14:02:40'
}
{
  service: 'barber-app-backend',
  method: 'GET',
  url: '/api/admin/stats',
  status: 404,
  duration: '3ms',
  ip: '::1',
  userAgent: 'Mozilla/5.0 (Macintosh; Intel Mac OS X 10_15_7) AppleWebKit/537.36 (KHTML, like Gecko) Chrome/140.0.0.0 Safari/537.36',
  level: 'error',
  message: 'Request Error',
  timestamp: '2025-10-01 14:02:42'
}
{
  service: 'barber-app-backend',
  method: 'GET',
  url: '/api/admin/top-barbers',
  status: 404,
  duration: '1ms',
  ip: '::1',
  userAgent: 'Mozilla/5.0 (Macintosh; Intel Mac OS X 10_15_7) AppleWebKit/537.36 (KHTML, like Gecko) Chrome/140.0.0.0 Safari/537.36',
  level: 'error',
  message: 'Request Error',
  timestamp: '2025-10-01 14:02:42'
}
{
  service: 'barber-app-backend',
  method: 'GET',
  url: '/api/admin/monthly-data',
  status: 404,
  duration: '0ms',
  ip: '::1',
  userAgent: 'Mozilla/5.0 (Macintosh; Intel Mac OS X 10_15_7) AppleWebKit/537.36 (KHTML, like Gecko) Chrome/140.0.0.0 Safari/537.36',
  level: 'error',
  message: 'Request Error',
  timestamp: '2025-10-01 14:02:42'
}
{
  service: 'barber-app-backend',
  method: 'GET',
  url: '/api/bookings',
  status: 429,
  duration: '1ms',
  ip: '::1',
  userAgent: 'Mozilla/5.0 (Macintosh; Intel Mac OS X 10_15_7) AppleWebKit/537.36 (KHTML, like Gecko) Chrome/140.0.0.0 Safari/537.36',
  level: 'error',
  message: 'Request Error',
  timestamp: '2025-10-01 14:02:42'
}
{
  service: 'barber-app-backend',
  method: 'GET',
  url: '/api/admin/monthly-data',
  status: 404,
  duration: '1ms',
  ip: '::1',
  userAgent: 'Mozilla/5.0 (Macintosh; Intel Mac OS X 10_15_7) AppleWebKit/537.36 (KHTML, like Gecko) Chrome/140.0.0.0 Safari/537.36',
  level: 'error',
  message: 'Request Error',
  timestamp: '2025-10-01 14:02:46'
}
{
  service: 'barber-app-backend',
  method: 'GET',
  url: '/api/admin/top-barbers',
  status: 404,
  duration: '1ms',
  ip: '::1',
  userAgent: 'Mozilla/5.0 (Macintosh; Intel Mac OS X 10_15_7) AppleWebKit/537.36 (KHTML, like Gecko) Chrome/140.0.0.0 Safari/537.36',
  level: 'error',
  message: 'Request Error',
  timestamp: '2025-10-01 14:02:46'
}
{
  service: 'barber-app-backend',
  method: 'GET',
  url: '/api/admin/stats',
  status: 404,
  duration: '0ms',
  ip: '::1',
  userAgent: 'Mozilla/5.0 (Macintosh; Intel Mac OS X 10_15_7) AppleWebKit/537.36 (KHTML, like Gecko) Chrome/140.0.0.0 Safari/537.36',
  level: 'error',
  message: 'Request Error',
  timestamp: '2025-10-01 14:02:46'
}
{
  service: 'barber-app-backend',
  method: 'GET',
  url: '/api/bookings',
  status: 429,
  duration: '0ms',
  ip: '::1',
  userAgent: 'Mozilla/5.0 (Macintosh; Intel Mac OS X 10_15_7) AppleWebKit/537.36 (KHTML, like Gecko) Chrome/140.0.0.0 Safari/537.36',
  level: 'error',
  message: 'Request Error',
  timestamp: '2025-10-01 14:02:46'
}
{
  service: 'barber-app-backend',
  method: 'POST',
  url: '/api/auth/login',
  status: 401,
  duration: '185ms',
  ip: '::1',
  userAgent: 'Mozilla/5.0 (Macintosh; Intel Mac OS X 10_15_7) AppleWebKit/537.36 (KHTML, like Gecko) Chrome/140.0.0.0 Safari/537.36',
  level: 'error',
  message: 'Request Error',
  timestamp: '2025-10-01 14:04:20'
}
{
  service: 'barber-app-backend',
  method: 'POST',
  url: '/api/auth/login',
  status: 401,
  duration: '180ms',
  ip: '::1',
  userAgent: 'Mozilla/5.0 (Macintosh; Intel Mac OS X 10_15_7) AppleWebKit/537.36 (KHTML, like Gecko) Chrome/140.0.0.0 Safari/537.36',
  level: 'error',
  message: 'Request Error',
  timestamp: '2025-10-01 14:04:26'
}
{
  service: 'barber-app-backend',
  method: 'GET',
  url: '/api/bookings',
  status: 429,
  duration: '0ms',
  ip: '::1',
  userAgent: 'Mozilla/5.0 (Macintosh; Intel Mac OS X 10_15_7) AppleWebKit/537.36 (KHTML, like Gecko) Chrome/140.0.0.0 Safari/537.36',
  level: 'error',
  message: 'Request Error',
  timestamp: '2025-10-01 14:04:39'
}
{
  service: 'barber-app-backend',
  method: 'GET',
  url: '/api/bookings?status=completed&limit=5',
  status: 429,
  duration: '0ms',
  ip: '::1',
  userAgent: 'Mozilla/5.0 (Macintosh; Intel Mac OS X 10_15_7) AppleWebKit/537.36 (KHTML, like Gecko) Chrome/140.0.0.0 Safari/537.36',
  level: 'error',
  message: 'Request Error',
  timestamp: '2025-10-01 14:04:39'
}
{
  service: 'barber-app-backend',
  method: 'GET',
  url: '/api/barbers/favorites',
  status: 404,
  duration: '0ms',
  ip: '::1',
  userAgent: 'Mozilla/5.0 (Macintosh; Intel Mac OS X 10_15_7) AppleWebKit/537.36 (KHTML, like Gecko) Chrome/140.0.0.0 Safari/537.36',
  level: 'error',
  message: 'Request Error',
  timestamp: '2025-10-01 14:04:39'
}
{
  service: 'barber-app-backend',
  method: 'GET',
  url: '/api/bookings?status=completed&limit=5',
  status: 429,
  duration: '1ms',
  ip: '::1',
  userAgent: 'Mozilla/5.0 (Macintosh; Intel Mac OS X 10_15_7) AppleWebKit/537.36 (KHTML, like Gecko) Chrome/140.0.0.0 Safari/537.36',
  level: 'error',
  message: 'Request Error',
  timestamp: '2025-10-01 14:04:40'
}
{
  service: 'barber-app-backend',
  method: 'GET',
  url: '/api/barbers/favorites',
  status: 404,
  duration: '0ms',
  ip: '::1',
  userAgent: 'Mozilla/5.0 (Macintosh; Intel Mac OS X 10_15_7) AppleWebKit/537.36 (KHTML, like Gecko) Chrome/140.0.0.0 Safari/537.36',
  level: 'error',
  message: 'Request Error',
  timestamp: '2025-10-01 14:04:40'
}
{
  service: 'barber-app-backend',
  method: 'GET',
  url: '/api/bookings',
  status: 429,
  duration: '1ms',
  ip: '::1',
  userAgent: 'Mozilla/5.0 (Macintosh; Intel Mac OS X 10_15_7) AppleWebKit/537.36 (KHTML, like Gecko) Chrome/140.0.0.0 Safari/537.36',
  level: 'error',
  message: 'Request Error',
  timestamp: '2025-10-01 14:04:40'
}
{
  service: 'barber-app-backend',
  method: 'GET',
  url: '/api/barbers/favorites',
  status: 404,
  duration: '1ms',
  ip: '::1',
  userAgent: 'Mozilla/5.0 (Macintosh; Intel Mac OS X 10_15_7) AppleWebKit/537.36 (KHTML, like Gecko) Chrome/140.0.0.0 Safari/537.36',
  level: 'error',
  message: 'Request Error',
  timestamp: '2025-10-01 14:04:42'
}
{
  service: 'barber-app-backend',
  method: 'GET',
  url: '/api/bookings?status=completed&limit=5',
  status: 429,
  duration: '1ms',
  ip: '::1',
  userAgent: 'Mozilla/5.0 (Macintosh; Intel Mac OS X 10_15_7) AppleWebKit/537.36 (KHTML, like Gecko) Chrome/140.0.0.0 Safari/537.36',
  level: 'error',
  message: 'Request Error',
  timestamp: '2025-10-01 14:04:42'
}
{
  service: 'barber-app-backend',
  method: 'GET',
  url: '/api/bookings',
  status: 429,
  duration: '1ms',
  ip: '::1',
  userAgent: 'Mozilla/5.0 (Macintosh; Intel Mac OS X 10_15_7) AppleWebKit/537.36 (KHTML, like Gecko) Chrome/140.0.0.0 Safari/537.36',
  level: 'error',
  message: 'Request Error',
  timestamp: '2025-10-01 14:04:42'
}
{
  service: 'barber-app-backend',
  method: 'GET',
  url: '/api/bookings/my-bookings',
  status: 429,
  duration: '0ms',
  ip: '::1',
  userAgent: 'Mozilla/5.0 (Macintosh; Intel Mac OS X 10_15_7) AppleWebKit/537.36 (KHTML, like Gecko) Chrome/140.0.0.0 Safari/537.36',
  level: 'error',
  message: 'Request Error',
  timestamp: '2025-10-01 14:04:45'
}
{
  service: 'barber-app-backend',
  method: 'GET',
  url: '/api/bookings/my-bookings',
  status: 429,
  duration: '0ms',
  ip: '::1',
  userAgent: 'Mozilla/5.0 (Macintosh; Intel Mac OS X 10_15_7) AppleWebKit/537.36 (KHTML, like Gecko) Chrome/140.0.0.0 Safari/537.36',
  level: 'error',
  message: 'Request Error',
  timestamp: '2025-10-01 14:04:46'
}
{
  service: 'barber-app-backend',
  method: 'GET',
  url: '/api/bookings/my-bookings',
  status: 429,
  duration: '1ms',
  ip: '::1',
  userAgent: 'Mozilla/5.0 (Macintosh; Intel Mac OS X 10_15_7) AppleWebKit/537.36 (KHTML, like Gecko) Chrome/140.0.0.0 Safari/537.36',
  level: 'error',
  message: 'Request Error',
  timestamp: '2025-10-01 14:04:48'
}
{
  service: 'barber-app-backend',
  method: 'GET',
  url: '/api/bookings/my-bookings',
  status: 429,
  duration: '1ms',
  ip: '::1',
  userAgent: 'Mozilla/5.0 (Macintosh; Intel Mac OS X 10_15_7) AppleWebKit/537.36 (KHTML, like Gecko) Chrome/140.0.0.0 Safari/537.36',
  level: 'error',
  message: 'Request Error',
  timestamp: '2025-10-01 14:04:52'
}
{
  service: 'barber-app-backend',
  method: 'GET',
  url: '/api/bookings',
  status: 429,
  duration: '0ms',
  ip: '::1',
  userAgent: 'Mozilla/5.0 (Macintosh; Intel Mac OS X 10_15_7) AppleWebKit/537.36 (KHTML, like Gecko) Chrome/140.0.0.0 Safari/537.36',
  level: 'error',
  message: 'Request Error',
  timestamp: '2025-10-01 14:04:55'
}
{
  service: 'barber-app-backend',
  method: 'GET',
  url: '/api/bookings?status=completed&limit=5',
  status: 429,
  duration: '0ms',
  ip: '::1',
  userAgent: 'Mozilla/5.0 (Macintosh; Intel Mac OS X 10_15_7) AppleWebKit/537.36 (KHTML, like Gecko) Chrome/140.0.0.0 Safari/537.36',
  level: 'error',
  message: 'Request Error',
  timestamp: '2025-10-01 14:04:55'
}
{
  service: 'barber-app-backend',
  method: 'GET',
  url: '/api/barbers/favorites',
  status: 404,
  duration: '0ms',
  ip: '::1',
  userAgent: 'Mozilla/5.0 (Macintosh; Intel Mac OS X 10_15_7) AppleWebKit/537.36 (KHTML, like Gecko) Chrome/140.0.0.0 Safari/537.36',
  level: 'error',
  message: 'Request Error',
  timestamp: '2025-10-01 14:04:55'
}
{
  service: 'barber-app-backend',
  method: 'GET',
  url: '/api/bookings',
  status: 429,
  duration: '1ms',
  ip: '::1',
  userAgent: 'Mozilla/5.0 (Macintosh; Intel Mac OS X 10_15_7) AppleWebKit/537.36 (KHTML, like Gecko) Chrome/140.0.0.0 Safari/537.36',
  level: 'error',
  message: 'Request Error',
  timestamp: '2025-10-01 14:04:56'
}
{
  service: 'barber-app-backend',
  method: 'GET',
  url: '/api/bookings?status=completed&limit=5',
  status: 429,
  duration: '0ms',
  ip: '::1',
  userAgent: 'Mozilla/5.0 (Macintosh; Intel Mac OS X 10_15_7) AppleWebKit/537.36 (KHTML, like Gecko) Chrome/140.0.0.0 Safari/537.36',
  level: 'error',
  message: 'Request Error',
  timestamp: '2025-10-01 14:04:56'
}
{
  service: 'barber-app-backend',
  method: 'GET',
  url: '/api/barbers/favorites',
  status: 404,
  duration: '1ms',
  ip: '::1',
  userAgent: 'Mozilla/5.0 (Macintosh; Intel Mac OS X 10_15_7) AppleWebKit/537.36 (KHTML, like Gecko) Chrome/140.0.0.0 Safari/537.36',
  level: 'error',
  message: 'Request Error',
  timestamp: '2025-10-01 14:04:56'
}
{
  service: 'barber-app-backend',
  method: 'GET',
  url: '/api/bookings?status=completed&limit=5',
  status: 429,
  duration: '1ms',
  ip: '::1',
  userAgent: 'Mozilla/5.0 (Macintosh; Intel Mac OS X 10_15_7) AppleWebKit/537.36 (KHTML, like Gecko) Chrome/140.0.0.0 Safari/537.36',
  level: 'error',
  message: 'Request Error',
  timestamp: '2025-10-01 14:04:58'
}
{
  service: 'barber-app-backend',
  method: 'GET',
  url: '/api/bookings',
  status: 429,
  duration: '1ms',
  ip: '::1',
  userAgent: 'Mozilla/5.0 (Macintosh; Intel Mac OS X 10_15_7) AppleWebKit/537.36 (KHTML, like Gecko) Chrome/140.0.0.0 Safari/537.36',
  level: 'error',
  message: 'Request Error',
  timestamp: '2025-10-01 14:04:58'
}
{
  service: 'barber-app-backend',
  method: 'GET',
  url: '/api/barbers/favorites',
  status: 404,
  duration: '1ms',
  ip: '::1',
  userAgent: 'Mozilla/5.0 (Macintosh; Intel Mac OS X 10_15_7) AppleWebKit/537.36 (KHTML, like Gecko) Chrome/140.0.0.0 Safari/537.36',
  level: 'error',
  message: 'Request Error',
  timestamp: '2025-10-01 14:04:58'
}
{
  service: 'barber-app-backend',
  method: 'GET',
  url: '/api/bookings/availability?barbershopId=68cc5cb0c2809f94bbe92e2e&barberId=68dc02d6470d4c12e447aab5&serviceId=68cc5cb0c2809f94bbe92e2f&date=2025-10-01',
  status: 429,
  duration: '1ms',
  ip: '::1',
  userAgent: 'Mozilla/5.0 (Macintosh; Intel Mac OS X 10_15_7) AppleWebKit/537.36 (KHTML, like Gecko) Chrome/140.0.0.0 Safari/537.36',
  level: 'error',
  message: 'Request Error',
  timestamp: '2025-10-01 14:05:07'
}
{
  service: 'barber-app-backend',
  method: 'GET',
  url: '/api/bookings/availability?barbershopId=68cc5cb0c2809f94bbe92e2e&barberId=68dc02d6470d4c12e447aab5&serviceId=68cc5cb0c2809f94bbe92e2f&date=2025-10-01',
  status: 429,
  duration: '2ms',
  ip: '::1',
  userAgent: 'Mozilla/5.0 (Macintosh; Intel Mac OS X 10_15_7) AppleWebKit/537.36 (KHTML, like Gecko) Chrome/140.0.0.0 Safari/537.36',
  level: 'error',
  message: 'Request Error',
  timestamp: '2025-10-01 14:05:08'
}
{
  service: 'barber-app-backend',
  method: 'GET',
  url: '/api/bookings/availability?barbershopId=68cc5cb0c2809f94bbe92e2e&barberId=68dc02d6470d4c12e447aab5&serviceId=68cc5cb0c2809f94bbe92e2f&date=2025-10-01',
  status: 429,
  duration: '1ms',
  ip: '::1',
  userAgent: 'Mozilla/5.0 (Macintosh; Intel Mac OS X 10_15_7) AppleWebKit/537.36 (KHTML, like Gecko) Chrome/140.0.0.0 Safari/537.36',
  level: 'error',
  message: 'Request Error',
  timestamp: '2025-10-01 14:05:10'
}
{
  service: 'barber-app-backend',
  method: 'GET',
  url: '/api/bookings/availability?barbershopId=68cc5cb0c2809f94bbe92e2e&barberId=68dc02d6470d4c12e447aab5&serviceId=68cc5cb0c2809f94bbe92e2f&date=2025-10-02',
  status: 429,
  duration: '0ms',
  ip: '::1',
  userAgent: 'Mozilla/5.0 (Macintosh; Intel Mac OS X 10_15_7) AppleWebKit/537.36 (KHTML, like Gecko) Chrome/140.0.0.0 Safari/537.36',
  level: 'error',
  message: 'Request Error',
  timestamp: '2025-10-01 14:05:14'
}
{
  service: 'barber-app-backend',
  method: 'GET',
  url: '/api/bookings/availability?barbershopId=68cc5cb0c2809f94bbe92e2e&barberId=68dc02d6470d4c12e447aab5&serviceId=68cc5cb0c2809f94bbe92e2f&date=2025-10-02',
  status: 429,
  duration: '1ms',
  ip: '::1',
  userAgent: 'Mozilla/5.0 (Macintosh; Intel Mac OS X 10_15_7) AppleWebKit/537.36 (KHTML, like Gecko) Chrome/140.0.0.0 Safari/537.36',
  level: 'error',
  message: 'Request Error',
  timestamp: '2025-10-01 14:05:15'
}
{
  service: 'barber-app-backend',
  method: 'GET',
  url: '/api/bookings/availability?barbershopId=68cc5cb0c2809f94bbe92e2e&barberId=68dc02d6470d4c12e447aab5&serviceId=68cc5cb0c2809f94bbe92e2f&date=2025-10-02',
  status: 429,
  duration: '2ms',
  ip: '::1',
  userAgent: 'Mozilla/5.0 (Macintosh; Intel Mac OS X 10_15_7) AppleWebKit/537.36 (KHTML, like Gecko) Chrome/140.0.0.0 Safari/537.36',
  level: 'error',
  message: 'Request Error',
  timestamp: '2025-10-01 14:05:17'
}
{
  service: 'barber-app-backend',
  method: 'GET',
  url: '/api/bookings/availability?barbershopId=68cc5cb0c2809f94bbe92e2e&barberId=68dc02d6470d4c12e447aab5&serviceId=68cc5cb0c2809f94bbe92e2f&date=2025-10-02',
  status: 429,
  duration: '1ms',
  ip: '::1',
  userAgent: 'Mozilla/5.0 (Macintosh; Intel Mac OS X 10_15_7) AppleWebKit/537.36 (KHTML, like Gecko) Chrome/140.0.0.0 Safari/537.36',
  level: 'error',
  message: 'Request Error',
  timestamp: '2025-10-01 14:05:21'
}
{
  service: 'barber-app-backend',
  method: 'GET',
  url: '/api/barbers',
  status: 404,
  duration: '1ms',
  ip: '::1',
  userAgent: 'Mozilla/5.0 (Macintosh; Intel Mac OS X 10_15_7) AppleWebKit/537.36 (KHTML, like Gecko) Chrome/140.0.0.0 Safari/537.36',
  level: 'error',
  message: 'Request Error',
  timestamp: '2025-10-01 14:05:24'
}
{
  service: 'barber-app-backend',
  method: 'GET',
  url: '/api/barbershops/locations',
  status: 404,
  duration: '1ms',
  ip: '::1',
  userAgent: 'Mozilla/5.0 (Macintosh; Intel Mac OS X 10_15_7) AppleWebKit/537.36 (KHTML, like Gecko) Chrome/140.0.0.0 Safari/537.36',
  level: 'error',
  message: 'Request Error',
  timestamp: '2025-10-01 14:05:24'
}
{
  service: 'barber-app-backend',
  method: 'GET',
  url: '/api/barbers',
  status: 404,
  duration: '1ms',
  ip: '::1',
  userAgent: 'Mozilla/5.0 (Macintosh; Intel Mac OS X 10_15_7) AppleWebKit/537.36 (KHTML, like Gecko) Chrome/140.0.0.0 Safari/537.36',
  level: 'error',
  message: 'Request Error',
  timestamp: '2025-10-01 14:05:25'
}
{
  service: 'barber-app-backend',
  method: 'GET',
  url: '/api/barbershops/locations',
  status: 404,
  duration: '1ms',
  ip: '::1',
  userAgent: 'Mozilla/5.0 (Macintosh; Intel Mac OS X 10_15_7) AppleWebKit/537.36 (KHTML, like Gecko) Chrome/140.0.0.0 Safari/537.36',
  level: 'error',
  message: 'Request Error',
  timestamp: '2025-10-01 14:05:25'
}
{
  service: 'barber-app-backend',
  method: 'GET',
  url: '/api/barbers',
  status: 404,
  duration: '1ms',
  ip: '::1',
  userAgent: 'Mozilla/5.0 (Macintosh; Intel Mac OS X 10_15_7) AppleWebKit/537.36 (KHTML, like Gecko) Chrome/140.0.0.0 Safari/537.36',
  level: 'error',
  message: 'Request Error',
  timestamp: '2025-10-01 14:05:27'
}
{
  service: 'barber-app-backend',
  method: 'GET',
  url: '/api/barbershops/locations',
  status: 404,
  duration: '1ms',
  ip: '::1',
  userAgent: 'Mozilla/5.0 (Macintosh; Intel Mac OS X 10_15_7) AppleWebKit/537.36 (KHTML, like Gecko) Chrome/140.0.0.0 Safari/537.36',
  level: 'error',
  message: 'Request Error',
  timestamp: '2025-10-01 14:05:27'
}
{
  service: 'barber-app-backend',
  method: 'GET',
  url: '/api/barbers',
  status: 404,
  duration: '1ms',
  ip: '::1',
  userAgent: 'Mozilla/5.0 (Macintosh; Intel Mac OS X 10_15_7) AppleWebKit/537.36 (KHTML, like Gecko) Chrome/140.0.0.0 Safari/537.36',
  level: 'error',
  message: 'Request Error',
  timestamp: '2025-10-01 14:05:31'
}
{
  service: 'barber-app-backend',
  method: 'GET',
  url: '/api/barbershops/locations',
  status: 404,
  duration: '1ms',
  ip: '::1',
  userAgent: 'Mozilla/5.0 (Macintosh; Intel Mac OS X 10_15_7) AppleWebKit/537.36 (KHTML, like Gecko) Chrome/140.0.0.0 Safari/537.36',
  level: 'error',
  message: 'Request Error',
  timestamp: '2025-10-01 14:05:31'
}
{
  service: 'barber-app-backend',
  method: 'GET',
  url: '/api/users/profile',
  status: 404,
  duration: '1ms',
  ip: '::1',
  userAgent: 'Mozilla/5.0 (Macintosh; Intel Mac OS X 10_15_7) AppleWebKit/537.36 (KHTML, like Gecko) Chrome/140.0.0.0 Safari/537.36',
  level: 'error',
  message: 'Request Error',
  timestamp: '2025-10-01 14:05:32'
}
{
  service: 'barber-app-backend',
  method: 'GET',
  url: '/api/users/profile',
  status: 404,
  duration: '1ms',
  ip: '::1',
  userAgent: 'Mozilla/5.0 (Macintosh; Intel Mac OS X 10_15_7) AppleWebKit/537.36 (KHTML, like Gecko) Chrome/140.0.0.0 Safari/537.36',
  level: 'error',
  message: 'Request Error',
  timestamp: '2025-10-01 14:05:33'
}
{
  service: 'barber-app-backend',
  method: 'GET',
  url: '/api/users/profile',
  status: 404,
  duration: '0ms',
  ip: '::1',
  userAgent: 'Mozilla/5.0 (Macintosh; Intel Mac OS X 10_15_7) AppleWebKit/537.36 (KHTML, like Gecko) Chrome/140.0.0.0 Safari/537.36',
  level: 'error',
  message: 'Request Error',
  timestamp: '2025-10-01 14:05:35'
}
{
  service: 'barber-app-backend',
  method: 'GET',
  url: '/api/users/profile',
  status: 404,
  duration: '1ms',
  ip: '::1',
  userAgent: 'Mozilla/5.0 (Macintosh; Intel Mac OS X 10_15_7) AppleWebKit/537.36 (KHTML, like Gecko) Chrome/140.0.0.0 Safari/537.36',
  level: 'error',
  message: 'Request Error',
  timestamp: '2025-10-01 14:05:39'
}
{
  service: 'barber-app-backend',
  method: 'GET',
  url: '/api/barbers/favorites',
  status: 404,
  duration: '3ms',
  ip: '::1',
  userAgent: 'Mozilla/5.0 (Macintosh; Intel Mac OS X 10_15_7) AppleWebKit/537.36 (KHTML, like Gecko) Chrome/140.0.0.0 Safari/537.36',
  level: 'error',
  message: 'Request Error',
  timestamp: '2025-10-01 14:06:12'
}
{
  service: 'barber-app-backend',
  method: 'GET',
  url: '/api/barbers/favorites',
  status: 404,
  duration: '1ms',
  ip: '::1',
  userAgent: 'Mozilla/5.0 (Macintosh; Intel Mac OS X 10_15_7) AppleWebKit/537.36 (KHTML, like Gecko) Chrome/140.0.0.0 Safari/537.36',
  level: 'error',
  message: 'Request Error',
  timestamp: '2025-10-01 14:06:46'
}
{
  service: 'barber-app-backend',
  method: 'GET',
  url: '/api/barbers/favorites',
  status: 404,
  duration: '2ms',
  ip: '::1',
  userAgent: 'Mozilla/5.0 (Macintosh; Intel Mac OS X 10_15_7) AppleWebKit/537.36 (KHTML, like Gecko) Chrome/140.0.0.0 Safari/537.36',
  level: 'error',
  message: 'Request Error',
  timestamp: '2025-10-01 14:06:47'
}
{
  service: 'barber-app-backend',
  method: 'GET',
  url: '/api/barbers/favorites',
  status: 404,
  duration: '4ms',
  ip: '::1',
  userAgent: 'Mozilla/5.0 (Macintosh; Intel Mac OS X 10_15_7) AppleWebKit/537.36 (KHTML, like Gecko) Chrome/140.0.0.0 Safari/537.36',
  level: 'error',
  message: 'Request Error',
  timestamp: '2025-10-01 14:06:49'
}
{
  service: 'barber-app-backend',
  method: 'GET',
  url: '/api/barbers/favorites',
  status: 404,
  duration: '1ms',
  ip: '::1',
  userAgent: 'Mozilla/5.0 (Macintosh; Intel Mac OS X 10_15_7) AppleWebKit/537.36 (KHTML, like Gecko) Chrome/140.0.0.0 Safari/537.36',
  level: 'error',
  message: 'Request Error',
  timestamp: '2025-10-01 14:06:53'
}
{
  service: 'barber-app-backend',
  method: 'GET',
  url: '/api/barbers',
  status: 404,
  duration: '0ms',
  ip: '::1',
  userAgent: 'Mozilla/5.0 (Macintosh; Intel Mac OS X 10_15_7) AppleWebKit/537.36 (KHTML, like Gecko) Chrome/140.0.0.0 Safari/537.36',
  level: 'error',
  message: 'Request Error',
  timestamp: '2025-10-01 14:07:29'
}
{
  service: 'barber-app-backend',
  method: 'GET',
  url: '/api/barbershops/locations',
  status: 404,
  duration: '1ms',
  ip: '::1',
  userAgent: 'Mozilla/5.0 (Macintosh; Intel Mac OS X 10_15_7) AppleWebKit/537.36 (KHTML, like Gecko) Chrome/140.0.0.0 Safari/537.36',
  level: 'error',
  message: 'Request Error',
  timestamp: '2025-10-01 14:07:29'
}
{
  service: 'barber-app-backend',
  method: 'GET',
  url: '/api/barbers',
  status: 404,
  duration: '3ms',
  ip: '::1',
  userAgent: 'Mozilla/5.0 (Macintosh; Intel Mac OS X 10_15_7) AppleWebKit/537.36 (KHTML, like Gecko) Chrome/140.0.0.0 Safari/537.36',
  level: 'error',
  message: 'Request Error',
  timestamp: '2025-10-01 14:07:30'
}
{
  service: 'barber-app-backend',
  method: 'GET',
  url: '/api/barbershops/locations',
  status: 404,
  duration: '1ms',
  ip: '::1',
  userAgent: 'Mozilla/5.0 (Macintosh; Intel Mac OS X 10_15_7) AppleWebKit/537.36 (KHTML, like Gecko) Chrome/140.0.0.0 Safari/537.36',
  level: 'error',
  message: 'Request Error',
  timestamp: '2025-10-01 14:07:30'
}
{
  service: 'barber-app-backend',
  method: 'GET',
  url: '/api/barbers',
  status: 404,
  duration: '1ms',
  ip: '::1',
  userAgent: 'Mozilla/5.0 (Macintosh; Intel Mac OS X 10_15_7) AppleWebKit/537.36 (KHTML, like Gecko) Chrome/140.0.0.0 Safari/537.36',
  level: 'error',
  message: 'Request Error',
  timestamp: '2025-10-01 14:07:32'
}
{
  service: 'barber-app-backend',
  method: 'GET',
  url: '/api/barbershops/locations',
  status: 404,
  duration: '1ms',
  ip: '::1',
  userAgent: 'Mozilla/5.0 (Macintosh; Intel Mac OS X 10_15_7) AppleWebKit/537.36 (KHTML, like Gecko) Chrome/140.0.0.0 Safari/537.36',
  level: 'error',
  message: 'Request Error',
  timestamp: '2025-10-01 14:07:32'
}
{
  service: 'barber-app-backend',
  method: 'GET',
  url: '/api/barbershops/locations',
  status: 404,
  duration: '1ms',
  ip: '::1',
  userAgent: 'Mozilla/5.0 (Macintosh; Intel Mac OS X 10_15_7) AppleWebKit/537.36 (KHTML, like Gecko) Chrome/140.0.0.0 Safari/537.36',
  level: 'error',
  message: 'Request Error',
  timestamp: '2025-10-01 14:07:36'
}
{
  service: 'barber-app-backend',
  method: 'GET',
  url: '/api/barbers',
  status: 404,
  duration: '1ms',
  ip: '::1',
  userAgent: 'Mozilla/5.0 (Macintosh; Intel Mac OS X 10_15_7) AppleWebKit/537.36 (KHTML, like Gecko) Chrome/140.0.0.0 Safari/537.36',
  level: 'error',
  message: 'Request Error',
  timestamp: '2025-10-01 14:07:36'
}
{
  service: 'barber-app-backend',
  method: 'GET',
  url: '/api/barbers/favorites',
  status: 404,
  duration: '1ms',
  ip: '::1',
  userAgent: 'Mozilla/5.0 (Macintosh; Intel Mac OS X 10_15_7) AppleWebKit/537.36 (KHTML, like Gecko) Chrome/140.0.0.0 Safari/537.36',
  level: 'error',
  message: 'Request Error',
  timestamp: '2025-10-01 14:07:50'
}
{
  service: 'barber-app-backend',
  method: 'GET',
  url: '/api/bookings?status=completed&limit=5',
  status: 429,
  duration: '1ms',
  ip: '::1',
  userAgent: 'Mozilla/5.0 (Macintosh; Intel Mac OS X 10_15_7) AppleWebKit/537.36 (KHTML, like Gecko) Chrome/140.0.0.0 Safari/537.36',
  level: 'error',
  message: 'Request Error',
  timestamp: '2025-10-01 14:07:50'
}
{
  service: 'barber-app-backend',
  method: 'GET',
  url: '/api/barbers/favorites',
  status: 404,
  duration: '0ms',
  ip: '::1',
  userAgent: 'Mozilla/5.0 (Macintosh; Intel Mac OS X 10_15_7) AppleWebKit/537.36 (KHTML, like Gecko) Chrome/140.0.0.0 Safari/537.36',
  level: 'error',
  message: 'Request Error',
  timestamp: '2025-10-01 14:07:51'
}
{
  service: 'barber-app-backend',
  method: 'GET',
  url: '/api/bookings?status=completed&limit=5',
  status: 429,
  duration: '0ms',
  ip: '::1',
  userAgent: 'Mozilla/5.0 (Macintosh; Intel Mac OS X 10_15_7) AppleWebKit/537.36 (KHTML, like Gecko) Chrome/140.0.0.0 Safari/537.36',
  level: 'error',
  message: 'Request Error',
  timestamp: '2025-10-01 14:07:51'
}
{
  service: 'barber-app-backend',
  method: 'GET',
  url: '/api/bookings?status=completed&limit=5',
  status: 429,
  duration: '1ms',
  ip: '::1',
  userAgent: 'Mozilla/5.0 (Macintosh; Intel Mac OS X 10_15_7) AppleWebKit/537.36 (KHTML, like Gecko) Chrome/140.0.0.0 Safari/537.36',
  level: 'error',
  message: 'Request Error',
  timestamp: '2025-10-01 14:07:53'
}
{
  service: 'barber-app-backend',
  method: 'GET',
  url: '/api/barbers/favorites',
  status: 404,
  duration: '1ms',
  ip: '::1',
  userAgent: 'Mozilla/5.0 (Macintosh; Intel Mac OS X 10_15_7) AppleWebKit/537.36 (KHTML, like Gecko) Chrome/140.0.0.0 Safari/537.36',
  level: 'error',
  message: 'Request Error',
  timestamp: '2025-10-01 14:07:53'
}
{
  service: 'barber-app-backend',
  method: 'GET',
  url: '/api/barbers/favorites',
  status: 404,
  duration: '2ms',
  ip: '::1',
  userAgent: 'Mozilla/5.0 (Macintosh; Intel Mac OS X 10_15_7) AppleWebKit/537.36 (KHTML, like Gecko) Chrome/140.0.0.0 Safari/537.36',
  level: 'error',
  message: 'Request Error',
  timestamp: '2025-10-01 14:07:57'
}
{
  service: 'barber-app-backend',
  method: 'GET',
  url: '/api/bookings?status=completed&limit=5',
  status: 429,
  duration: '1ms',
  ip: '::1',
  userAgent: 'Mozilla/5.0 (Macintosh; Intel Mac OS X 10_15_7) AppleWebKit/537.36 (KHTML, like Gecko) Chrome/140.0.0.0 Safari/537.36',
  level: 'error',
  message: 'Request Error',
  timestamp: '2025-10-01 14:07:57'
}
{
  service: 'barber-app-backend',
  method: 'GET',
  url: '/api/bookings/my-bookings',
  status: 429,
  duration: '1ms',
  ip: '::1',
  userAgent: 'Mozilla/5.0 (Macintosh; Intel Mac OS X 10_15_7) AppleWebKit/537.36 (KHTML, like Gecko) Chrome/140.0.0.0 Safari/537.36',
  level: 'error',
  message: 'Request Error',
  timestamp: '2025-10-01 14:08:01'
}
{
  service: 'barber-app-backend',
  method: 'GET',
  url: '/api/bookings/my-bookings',
  status: 429,
  duration: '1ms',
  ip: '::1',
  userAgent: 'Mozilla/5.0 (Macintosh; Intel Mac OS X 10_15_7) AppleWebKit/537.36 (KHTML, like Gecko) Chrome/140.0.0.0 Safari/537.36',
  level: 'error',
  message: 'Request Error',
  timestamp: '2025-10-01 14:08:02'
}
{
  service: 'barber-app-backend',
  method: 'GET',
  url: '/api/bookings/my-bookings',
  status: 429,
  duration: '0ms',
  ip: '::1',
  userAgent: 'Mozilla/5.0 (Macintosh; Intel Mac OS X 10_15_7) AppleWebKit/537.36 (KHTML, like Gecko) Chrome/140.0.0.0 Safari/537.36',
  level: 'error',
  message: 'Request Error',
  timestamp: '2025-10-01 14:08:04'
}
{
  service: 'barber-app-backend',
  method: 'GET',
  url: '/api/bookings/my-bookings',
  status: 429,
  duration: '1ms',
  ip: '::1',
  userAgent: 'Mozilla/5.0 (Macintosh; Intel Mac OS X 10_15_7) AppleWebKit/537.36 (KHTML, like Gecko) Chrome/140.0.0.0 Safari/537.36',
  level: 'error',
  message: 'Request Error',
  timestamp: '2025-10-01 14:08:08'
}
{
  service: 'barber-app-backend',
  method: 'GET',
  url: '/api/bookings/my-bookings',
  status: 429,
  duration: '0ms',
  ip: '::1',
  userAgent: 'Mozilla/5.0 (Macintosh; Intel Mac OS X 10_15_7) AppleWebKit/537.36 (KHTML, like Gecko) Chrome/140.0.0.0 Safari/537.36',
  level: 'error',
  message: 'Request Error',
  timestamp: '2025-10-01 14:08:42'
}
{
  service: 'barber-app-backend',
  method: 'GET',
  url: '/api/bookings',
  status: 429,
  duration: '1ms',
  ip: '::1',
  userAgent: 'Mozilla/5.0 (Macintosh; Intel Mac OS X 10_15_7) AppleWebKit/537.36 (KHTML, like Gecko) Chrome/140.0.0.0 Safari/537.36',
  level: 'error',
  message: 'Request Error',
  timestamp: '2025-10-01 14:09:41'
}
{
  service: 'barber-app-backend',
  method: 'GET',
  url: '/api/bookings',
  status: 429,
  duration: '1ms',
  ip: '::1',
  userAgent: 'Mozilla/5.0 (Macintosh; Intel Mac OS X 10_15_7) AppleWebKit/537.36 (KHTML, like Gecko) Chrome/140.0.0.0 Safari/537.36',
  level: 'error',
  message: 'Request Error',
  timestamp: '2025-10-01 14:09:42'
}
{
  service: 'barber-app-backend',
  method: 'GET',
  url: '/api/bookings',
  status: 429,
  duration: '1ms',
  ip: '::1',
  userAgent: 'Mozilla/5.0 (Macintosh; Intel Mac OS X 10_15_7) AppleWebKit/537.36 (KHTML, like Gecko) Chrome/140.0.0.0 Safari/537.36',
  level: 'error',
  message: 'Request Error',
  timestamp: '2025-10-01 14:09:44'
}
{
  service: 'barber-app-backend',
  method: 'GET',
  url: '/api/bookings',
  status: 429,
  duration: '0ms',
  ip: '::1',
  userAgent: 'Mozilla/5.0 (Macintosh; Intel Mac OS X 10_15_7) AppleWebKit/537.36 (KHTML, like Gecko) Chrome/140.0.0.0 Safari/537.36',
  level: 'error',
  message: 'Request Error',
  timestamp: '2025-10-01 14:09:48'
}
{
  service: 'barber-app-backend',
  method: 'GET',
  url: '/api/bookings',
  status: 429,
  duration: '0ms',
  ip: '::1',
  userAgent: 'Mozilla/5.0 (Macintosh; Intel Mac OS X 10_15_7) AppleWebKit/537.36 (KHTML, like Gecko) Chrome/140.0.0.0 Safari/537.36',
  level: 'error',
  message: 'Request Error',
  timestamp: '2025-10-01 14:09:57'
}
{
  service: 'barber-app-backend',
  method: 'GET',
  url: '/api/bookings',
  status: 429,
  duration: '1ms',
  ip: '::1',
  userAgent: 'Mozilla/5.0 (Macintosh; Intel Mac OS X 10_15_7) AppleWebKit/537.36 (KHTML, like Gecko) Chrome/140.0.0.0 Safari/537.36',
  level: 'error',
  message: 'Request Error',
  timestamp: '2025-10-01 14:09:58'
}
{
  service: 'barber-app-backend',
  method: 'GET',
  url: '/api/bookings',
  status: 429,
  duration: '1ms',
  ip: '::1',
  userAgent: 'Mozilla/5.0 (Macintosh; Intel Mac OS X 10_15_7) AppleWebKit/537.36 (KHTML, like Gecko) Chrome/140.0.0.0 Safari/537.36',
  level: 'error',
  message: 'Request Error',
  timestamp: '2025-10-01 14:10:00'
}
{
  service: 'barber-app-backend',
  method: 'GET',
  url: '/api/bookings',
  status: 429,
  duration: '0ms',
  ip: '::1',
  userAgent: 'Mozilla/5.0 (Macintosh; Intel Mac OS X 10_15_7) AppleWebKit/537.36 (KHTML, like Gecko) Chrome/140.0.0.0 Safari/537.36',
  level: 'error',
  message: 'Request Error',
  timestamp: '2025-10-01 14:10:04'
}
{
  service: 'barber-app-backend',
  method: 'GET',
  url: '/api/bookings',
  status: 429,
  duration: '0ms',
  ip: '::1',
  userAgent: 'Mozilla/5.0 (Macintosh; Intel Mac OS X 10_15_7) AppleWebKit/537.36 (KHTML, like Gecko) Chrome/140.0.0.0 Safari/537.36',
  level: 'error',
  message: 'Request Error',
  timestamp: '2025-10-01 14:10:35'
}
{
  service: 'barber-app-backend',
  method: 'GET',
  url: '/api/bookings?status=completed&limit=5',
  status: 429,
  duration: '0ms',
  ip: '::1',
  userAgent: 'Mozilla/5.0 (Macintosh; Intel Mac OS X 10_15_7) AppleWebKit/537.36 (KHTML, like Gecko) Chrome/140.0.0.0 Safari/537.36',
  level: 'error',
  message: 'Request Error',
  timestamp: '2025-10-01 14:10:35'
}
{
  service: 'barber-app-backend',
  method: 'GET',
  url: '/api/barbers/favorites',
  status: 404,
  duration: '1ms',
  ip: '::1',
  userAgent: 'Mozilla/5.0 (Macintosh; Intel Mac OS X 10_15_7) AppleWebKit/537.36 (KHTML, like Gecko) Chrome/140.0.0.0 Safari/537.36',
  level: 'error',
  message: 'Request Error',
  timestamp: '2025-10-01 14:10:35'
}
{
  service: 'barber-app-backend',
  method: 'GET',
  url: '/api/bookings',
  status: 429,
  duration: '2ms',
  ip: '::1',
  userAgent: 'Mozilla/5.0 (Macintosh; Intel Mac OS X 10_15_7) AppleWebKit/537.36 (KHTML, like Gecko) Chrome/140.0.0.0 Safari/537.36',
  level: 'error',
  message: 'Request Error',
  timestamp: '2025-10-01 14:10:36'
}
{
  service: 'barber-app-backend',
  method: 'GET',
  url: '/api/bookings?status=completed&limit=5',
  status: 429,
  duration: '0ms',
  ip: '::1',
  userAgent: 'Mozilla/5.0 (Macintosh; Intel Mac OS X 10_15_7) AppleWebKit/537.36 (KHTML, like Gecko) Chrome/140.0.0.0 Safari/537.36',
  level: 'error',
  message: 'Request Error',
  timestamp: '2025-10-01 14:10:36'
}
{
  service: 'barber-app-backend',
  method: 'GET',
  url: '/api/barbers/favorites',
  status: 404,
  duration: '1ms',
  ip: '::1',
  userAgent: 'Mozilla/5.0 (Macintosh; Intel Mac OS X 10_15_7) AppleWebKit/537.36 (KHTML, like Gecko) Chrome/140.0.0.0 Safari/537.36',
  level: 'error',
  message: 'Request Error',
  timestamp: '2025-10-01 14:10:36'
}
{
  service: 'barber-app-backend',
  method: 'GET',
  url: '/api/bookings/availability?barbershopId=68cc5cb0c2809f94bbe92e2e&barberId=68dc02d6470d4c12e447aab5&serviceId=68cc5cb0c2809f94bbe92e30&date=2025-10-06',
  status: 429,
  duration: '0ms',
  ip: '::1',
  userAgent: 'Mozilla/5.0 (Macintosh; Intel Mac OS X 10_15_7) AppleWebKit/537.36 (KHTML, like Gecko) Chrome/140.0.0.0 Safari/537.36',
  level: 'error',
  message: 'Request Error',
  timestamp: '2025-10-01 14:10:42'
}
{
  service: 'barber-app-backend',
  method: 'GET',
  url: '/api/bookings/availability?barbershopId=68cc5cb0c2809f94bbe92e2e&barberId=68dc02d6470d4c12e447aab5&serviceId=68cc5cb0c2809f94bbe92e30&date=2025-10-06',
  status: 429,
  duration: '2ms',
  ip: '::1',
  userAgent: 'Mozilla/5.0 (Macintosh; Intel Mac OS X 10_15_7) AppleWebKit/537.36 (KHTML, like Gecko) Chrome/140.0.0.0 Safari/537.36',
  level: 'error',
  message: 'Request Error',
  timestamp: '2025-10-01 14:10:43'
}
{
  service: 'barber-app-backend',
  method: 'GET',
  url: '/api/bookings/availability?barbershopId=68cc5cb0c2809f94bbe92e2e&barberId=68dc02d6470d4c12e447aab5&serviceId=68cc5cb0c2809f94bbe92e30&date=2025-10-06',
  status: 429,
  duration: '1ms',
  ip: '::1',
  userAgent: 'Mozilla/5.0 (Macintosh; Intel Mac OS X 10_15_7) AppleWebKit/537.36 (KHTML, like Gecko) Chrome/140.0.0.0 Safari/537.36',
  level: 'error',
  message: 'Request Error',
  timestamp: '2025-10-01 14:10:45'
}
{
  service: 'barber-app-backend',
  method: 'GET',
  url: '/api/bookings/availability?barbershopId=68cc5cb0c2809f94bbe92e2e&barberId=68dc02d6470d4c12e447aab5&serviceId=68cc5cb0c2809f94bbe92e30&date=2025-10-06',
  status: 429,
  duration: '1ms',
  ip: '::1',
  userAgent: 'Mozilla/5.0 (Macintosh; Intel Mac OS X 10_15_7) AppleWebKit/537.36 (KHTML, like Gecko) Chrome/140.0.0.0 Safari/537.36',
  level: 'error',
  message: 'Request Error',
  timestamp: '2025-10-01 14:10:49'
}
{
  service: 'barber-app-backend',
  method: 'GET',
  url: '/api/bookings/availability?barbershopId=68cc5cb0c2809f94bbe92e2e&barberId=68dc02d6470d4c12e447aab5&serviceId=68cc5cb0c2809f94bbe92e30&date=2025-10-09',
  status: 429,
  duration: '1ms',
  ip: '::1',
  userAgent: 'Mozilla/5.0 (Macintosh; Intel Mac OS X 10_15_7) AppleWebKit/537.36 (KHTML, like Gecko) Chrome/140.0.0.0 Safari/537.36',
  level: 'error',
  message: 'Request Error',
  timestamp: '2025-10-01 14:10:49'
}
{
  service: 'barber-app-backend',
  method: 'GET',
  url: '/api/bookings/availability?barbershopId=68cc5cb0c2809f94bbe92e2e&barberId=68dc02d6470d4c12e447aab5&serviceId=68cc5cb0c2809f94bbe92e30&date=2025-10-09',
  status: 429,
  duration: '2ms',
  ip: '::1',
  userAgent: 'Mozilla/5.0 (Macintosh; Intel Mac OS X 10_15_7) AppleWebKit/537.36 (KHTML, like Gecko) Chrome/140.0.0.0 Safari/537.36',
  level: 'error',
  message: 'Request Error',
  timestamp: '2025-10-01 14:10:50'
}
{
  service: 'barber-app-backend',
  method: 'GET',
  url: '/api/bookings/availability?barbershopId=68cc5cb0c2809f94bbe92e2e&barberId=68dc02d6470d4c12e447aab5&serviceId=68cc5cb0c2809f94bbe92e30&date=2025-10-09',
  status: 429,
  duration: '2ms',
  ip: '::1',
  userAgent: 'Mozilla/5.0 (Macintosh; Intel Mac OS X 10_15_7) AppleWebKit/537.36 (KHTML, like Gecko) Chrome/140.0.0.0 Safari/537.36',
  level: 'error',
  message: 'Request Error',
  timestamp: '2025-10-01 14:10:52'
}
{
  service: 'barber-app-backend',
  method: 'GET',
  url: '/api/barbers',
  status: 404,
  duration: '7ms',
  ip: '::1',
  userAgent: 'Mozilla/5.0 (Macintosh; Intel Mac OS X 10_15_7) AppleWebKit/537.36 (KHTML, like Gecko) Chrome/140.0.0.0 Safari/537.36',
  level: 'error',
  message: 'Request Error',
  timestamp: '2025-10-01 14:11:56'
}
{
  service: 'barber-app-backend',
  method: 'GET',
  url: '/api/barbershops/locations',
  status: 404,
  duration: '1ms',
  ip: '::1',
  userAgent: 'Mozilla/5.0 (Macintosh; Intel Mac OS X 10_15_7) AppleWebKit/537.36 (KHTML, like Gecko) Chrome/140.0.0.0 Safari/537.36',
  level: 'error',
  message: 'Request Error',
  timestamp: '2025-10-01 14:11:56'
}
{
  service: 'barber-app-backend',
  method: 'GET',
  url: '/api/barbers',
  status: 404,
  duration: '1ms',
  ip: '::1',
  userAgent: 'Mozilla/5.0 (Macintosh; Intel Mac OS X 10_15_7) AppleWebKit/537.36 (KHTML, like Gecko) Chrome/140.0.0.0 Safari/537.36',
  level: 'error',
  message: 'Request Error',
  timestamp: '2025-10-01 14:11:57'
}
{
  service: 'barber-app-backend',
  method: 'GET',
  url: '/api/barbershops/locations',
  status: 404,
  duration: '0ms',
  ip: '::1',
  userAgent: 'Mozilla/5.0 (Macintosh; Intel Mac OS X 10_15_7) AppleWebKit/537.36 (KHTML, like Gecko) Chrome/140.0.0.0 Safari/537.36',
  level: 'error',
  message: 'Request Error',
  timestamp: '2025-10-01 14:11:57'
}
{
  service: 'barber-app-backend',
  method: 'GET',
  url: '/api/barbers/favorites',
  status: 404,
  duration: '1ms',
  ip: '::1',
  userAgent: 'Mozilla/5.0 (Macintosh; Intel Mac OS X 10_15_7) AppleWebKit/537.36 (KHTML, like Gecko) Chrome/140.0.0.0 Safari/537.36',
  level: 'error',
  message: 'Request Error',
  timestamp: '2025-10-01 14:12:17'
}
{
  service: 'barber-app-backend',
  method: 'GET',
  url: '/api/barbers/favorites',
  status: 404,
  duration: '1ms',
  ip: '::1',
  userAgent: 'Mozilla/5.0 (Macintosh; Intel Mac OS X 10_15_7) AppleWebKit/537.36 (KHTML, like Gecko) Chrome/140.0.0.0 Safari/537.36',
  level: 'error',
  message: 'Request Error',
  timestamp: '2025-10-01 14:12:18'
}
{
  service: 'barber-app-backend',
  method: 'GET',
  url: '/api/barbers/favorites',
  status: 404,
  duration: '1ms',
  ip: '::1',
  userAgent: 'Mozilla/5.0 (Macintosh; Intel Mac OS X 10_15_7) AppleWebKit/537.36 (KHTML, like Gecko) Chrome/140.0.0.0 Safari/537.36',
  level: 'error',
  message: 'Request Error',
  timestamp: '2025-10-01 14:12:20'
}
{
  service: 'barber-app-backend',
  method: 'GET',
  url: '/api/barbers',
  status: 404,
  duration: '12ms',
  ip: '::1',
  userAgent: 'Mozilla/5.0 (Macintosh; Intel Mac OS X 10_15_7) AppleWebKit/537.36 (KHTML, like Gecko) Chrome/140.0.0.0 Safari/537.36',
  level: 'error',
  message: 'Request Error',
  timestamp: '2025-10-01 14:13:15'
}
{
  service: 'barber-app-backend',
  method: 'GET',
  url: '/api/barbershops/locations',
  status: 404,
  duration: '0ms',
  ip: '::1',
  userAgent: 'Mozilla/5.0 (Macintosh; Intel Mac OS X 10_15_7) AppleWebKit/537.36 (KHTML, like Gecko) Chrome/140.0.0.0 Safari/537.36',
  level: 'error',
  message: 'Request Error',
  timestamp: '2025-10-01 14:13:15'
}
{
  service: 'barber-app-backend',
  method: 'GET',
  url: '/api/barbers',
  status: 404,
  duration: '1ms',
  ip: '::1',
  userAgent: 'Mozilla/5.0 (Macintosh; Intel Mac OS X 10_15_7) AppleWebKit/537.36 (KHTML, like Gecko) Chrome/140.0.0.0 Safari/537.36',
  level: 'error',
  message: 'Request Error',
  timestamp: '2025-10-01 14:13:16'
}
{
  service: 'barber-app-backend',
  method: 'GET',
  url: '/api/barbershops/locations',
  status: 404,
  duration: '0ms',
  ip: '::1',
  userAgent: 'Mozilla/5.0 (Macintosh; Intel Mac OS X 10_15_7) AppleWebKit/537.36 (KHTML, like Gecko) Chrome/140.0.0.0 Safari/537.36',
  level: 'error',
  message: 'Request Error',
  timestamp: '2025-10-01 14:13:16'
}
{
  service: 'barber-app-backend',
  method: 'GET',
  url: '/api/users/profile',
  status: 404,
  duration: '1ms',
  ip: '::1',
  userAgent: 'Mozilla/5.0 (Macintosh; Intel Mac OS X 10_15_7) AppleWebKit/537.36 (KHTML, like Gecko) Chrome/140.0.0.0 Safari/537.36',
  level: 'error',
  message: 'Request Error',
  timestamp: '2025-10-01 14:13:17'
}
{
  service: 'barber-app-backend',
  method: 'GET',
  url: '/api/users/profile',
  status: 404,
  duration: '1ms',
  ip: '::1',
  userAgent: 'Mozilla/5.0 (Macintosh; Intel Mac OS X 10_15_7) AppleWebKit/537.36 (KHTML, like Gecko) Chrome/140.0.0.0 Safari/537.36',
  level: 'error',
  message: 'Request Error',
  timestamp: '2025-10-01 14:13:18'
}
{
  service: 'barber-app-backend',
  method: 'GET',
  url: '/api/users/profile',
  status: 404,
  duration: '1ms',
  ip: '::1',
  userAgent: 'Mozilla/5.0 (Macintosh; Intel Mac OS X 10_15_7) AppleWebKit/537.36 (KHTML, like Gecko) Chrome/140.0.0.0 Safari/537.36',
  level: 'error',
  message: 'Request Error',
  timestamp: '2025-10-01 14:13:20'
}
{
  service: 'barber-app-backend',
  method: 'GET',
  url: '/api/users/profile',
  status: 404,
  duration: '0ms',
  ip: '::1',
  userAgent: 'Mozilla/5.0 (Macintosh; Intel Mac OS X 10_15_7) AppleWebKit/537.36 (KHTML, like Gecko) Chrome/140.0.0.0 Safari/537.36',
  level: 'error',
  message: 'Request Error',
  timestamp: '2025-10-01 14:13:24'
}
{
  service: 'barber-app-backend',
  method: 'GET',
  url: '/api/users/profile',
  status: 404,
  duration: '1ms',
  ip: '::1',
  userAgent: 'Mozilla/5.0 (Macintosh; Intel Mac OS X 10_15_7) AppleWebKit/537.36 (KHTML, like Gecko) Chrome/140.0.0.0 Safari/537.36',
  level: 'error',
  message: 'Request Error',
  timestamp: '2025-10-01 14:14:12'
}
{
  service: 'barber-app-backend',
  method: 'GET',
  url: '/api/users/profile',
  status: 404,
  duration: '0ms',
  ip: '::1',
  userAgent: 'Mozilla/5.0 (Macintosh; Intel Mac OS X 10_15_7) AppleWebKit/537.36 (KHTML, like Gecko) Chrome/140.0.0.0 Safari/537.36',
  level: 'error',
  message: 'Request Error',
  timestamp: '2025-10-01 14:14:13'
}
{
  service: 'barber-app-backend',
  method: 'GET',
  url: '/api/users/profile',
  status: 404,
  duration: '1ms',
  ip: '::1',
  userAgent: 'Mozilla/5.0 (Macintosh; Intel Mac OS X 10_15_7) AppleWebKit/537.36 (KHTML, like Gecko) Chrome/140.0.0.0 Safari/537.36',
  level: 'error',
  message: 'Request Error',
  timestamp: '2025-10-01 14:14:15'
}
{
  service: 'barber-app-backend',
  method: 'GET',
  url: '/api/users/profile',
  status: 404,
  duration: '0ms',
  ip: '::1',
  userAgent: 'Mozilla/5.0 (Macintosh; Intel Mac OS X 10_15_7) AppleWebKit/537.36 (KHTML, like Gecko) Chrome/140.0.0.0 Safari/537.36',
  level: 'error',
  message: 'Request Error',
  timestamp: '2025-10-01 14:14:20'
}
{
  service: 'barber-app-backend',
  method: 'GET',
  url: '/api/users/profile',
  status: 404,
  duration: '0ms',
  ip: '::1',
  userAgent: 'Mozilla/5.0 (Macintosh; Intel Mac OS X 10_15_7) AppleWebKit/537.36 (KHTML, like Gecko) Chrome/140.0.0.0 Safari/537.36',
  level: 'error',
  message: 'Request Error',
  timestamp: '2025-10-01 14:14:21'
}
{
  service: 'barber-app-backend',
  method: 'GET',
  url: '/api/users/profile',
  status: 404,
  duration: '1ms',
  ip: '::1',
  userAgent: 'Mozilla/5.0 (Macintosh; Intel Mac OS X 10_15_7) AppleWebKit/537.36 (KHTML, like Gecko) Chrome/140.0.0.0 Safari/537.36',
  level: 'error',
  message: 'Request Error',
  timestamp: '2025-10-01 14:14:23'
}
{
  service: 'barber-app-backend',
  method: 'GET',
  url: '/api/users/profile',
  status: 404,
  duration: '1ms',
  ip: '::1',
  userAgent: 'Mozilla/5.0 (Macintosh; Intel Mac OS X 10_15_7) AppleWebKit/537.36 (KHTML, like Gecko) Chrome/140.0.0.0 Safari/537.36',
  level: 'error',
  message: 'Request Error',
  timestamp: '2025-10-01 14:14:33'
}
{
  service: 'barber-app-backend',
  method: 'GET',
  url: '/api/users/profile',
  status: 404,
  duration: '0ms',
  ip: '::1',
  userAgent: 'Mozilla/5.0 (Macintosh; Intel Mac OS X 10_15_7) AppleWebKit/537.36 (KHTML, like Gecko) Chrome/140.0.0.0 Safari/537.36',
  level: 'error',
  message: 'Request Error',
  timestamp: '2025-10-01 14:14:34'
}
{
  service: 'barber-app-backend',
  method: 'GET',
  url: '/api/users/profile',
  status: 404,
  duration: '1ms',
  ip: '::1',
  userAgent: 'Mozilla/5.0 (Macintosh; Intel Mac OS X 10_15_7) AppleWebKit/537.36 (KHTML, like Gecko) Chrome/140.0.0.0 Safari/537.36',
  level: 'error',
  message: 'Request Error',
  timestamp: '2025-10-01 14:14:36'
}
{
  service: 'barber-app-backend',
  method: 'GET',
  url: '/api/users/profile',
  status: 404,
  duration: '17ms',
  ip: '::1',
  userAgent: 'Mozilla/5.0 (Macintosh; Intel Mac OS X 10_15_7) AppleWebKit/537.36 (KHTML, like Gecko) Chrome/140.0.0.0 Safari/537.36',
  level: 'error',
  message: 'Request Error',
  timestamp: '2025-10-01 14:17:50'
}
{
  service: 'barber-app-backend',
  method: 'GET',
  url: '/api/users/profile',
  status: 404,
  duration: '1ms',
  ip: '::1',
  userAgent: 'Mozilla/5.0 (Macintosh; Intel Mac OS X 10_15_7) AppleWebKit/537.36 (KHTML, like Gecko) Chrome/140.0.0.0 Safari/537.36',
  level: 'error',
  message: 'Request Error',
  timestamp: '2025-10-01 14:17:51'
}
{
  service: 'barber-app-backend',
  method: 'GET',
  url: '/api/users/profile',
  status: 404,
  duration: '0ms',
  ip: '::1',
  userAgent: 'Mozilla/5.0 (Macintosh; Intel Mac OS X 10_15_7) AppleWebKit/537.36 (KHTML, like Gecko) Chrome/140.0.0.0 Safari/537.36',
  level: 'error',
  message: 'Request Error',
  timestamp: '2025-10-01 14:17:53'
}
{
  service: 'barber-app-backend',
  method: 'GET',
  url: '/api/users/profile',
  status: 404,
  duration: '2ms',
  ip: '::1',
  userAgent: 'Mozilla/5.0 (Macintosh; Intel Mac OS X 10_15_7) AppleWebKit/537.36 (KHTML, like Gecko) Chrome/140.0.0.0 Safari/537.36',
  level: 'error',
  message: 'Request Error',
  timestamp: '2025-10-01 14:38:09'
}
{
  service: 'barber-app-backend',
  method: 'GET',
  url: '/api/users/profile',
  status: 404,
  duration: '1ms',
  ip: '::1',
  userAgent: 'Mozilla/5.0 (Macintosh; Intel Mac OS X 10_15_7) AppleWebKit/537.36 (KHTML, like Gecko) Chrome/140.0.0.0 Safari/537.36',
  level: 'error',
  message: 'Request Error',
  timestamp: '2025-10-01 14:38:10'
}
{
  service: 'barber-app-backend',
  method: 'GET',
  url: '/api/users/profile',
  status: 404,
  duration: '0ms',
  ip: '::1',
  userAgent: 'Mozilla/5.0 (Macintosh; Intel Mac OS X 10_15_7) AppleWebKit/537.36 (KHTML, like Gecko) Chrome/140.0.0.0 Safari/537.36',
  level: 'error',
  message: 'Request Error',
  timestamp: '2025-10-01 14:38:12'
}
{
  service: 'barber-app-backend',
  method: 'GET',
  url: '/api/users/profile',
  status: 404,
  duration: '4ms',
  ip: '::1',
  userAgent: 'Mozilla/5.0 (Macintosh; Intel Mac OS X 10_15_7) AppleWebKit/537.36 (KHTML, like Gecko) Chrome/140.0.0.0 Safari/537.36',
  level: 'error',
  message: 'Request Error',
  timestamp: '2025-10-01 14:38:17'
}
{
  service: 'barber-app-backend',
  method: 'GET',
  url: '/api/users/profile',
  status: 404,
  duration: '0ms',
  ip: '::1',
  userAgent: 'Mozilla/5.0 (Macintosh; Intel Mac OS X 10_15_7) AppleWebKit/537.36 (KHTML, like Gecko) Chrome/140.0.0.0 Safari/537.36',
  level: 'error',
  message: 'Request Error',
  timestamp: '2025-10-01 14:38:18'
}
{
  service: 'barber-app-backend',
  method: 'GET',
  url: '/api/users/profile',
  status: 404,
  duration: '0ms',
  ip: '::1',
  userAgent: 'Mozilla/5.0 (Macintosh; Intel Mac OS X 10_15_7) AppleWebKit/537.36 (KHTML, like Gecko) Chrome/140.0.0.0 Safari/537.36',
  level: 'error',
  message: 'Request Error',
  timestamp: '2025-10-01 14:38:20'
}
{
  service: 'barber-app-backend',
  method: 'GET',
  url: '/api/users/profile',
  status: 404,
  duration: '1ms',
  ip: '::1',
  userAgent: 'Mozilla/5.0 (Macintosh; Intel Mac OS X 10_15_7) AppleWebKit/537.36 (KHTML, like Gecko) Chrome/140.0.0.0 Safari/537.36',
  level: 'error',
  message: 'Request Error',
  timestamp: '2025-10-01 14:38:23'
}
{
  service: 'barber-app-backend',
  method: 'GET',
  url: '/api/users/profile',
  status: 404,
  duration: '1ms',
  ip: '::1',
  userAgent: 'Mozilla/5.0 (Macintosh; Intel Mac OS X 10_15_7) AppleWebKit/537.36 (KHTML, like Gecko) Chrome/140.0.0.0 Safari/537.36',
  level: 'error',
  message: 'Request Error',
  timestamp: '2025-10-01 14:38:24'
}
{
  service: 'barber-app-backend',
  method: 'GET',
  url: '/api/users/profile',
  status: 404,
  duration: '0ms',
  ip: '::1',
  userAgent: 'Mozilla/5.0 (Macintosh; Intel Mac OS X 10_15_7) AppleWebKit/537.36 (KHTML, like Gecko) Chrome/140.0.0.0 Safari/537.36',
  level: 'error',
  message: 'Request Error',
  timestamp: '2025-10-01 14:38:26'
}
{
  service: 'barber-app-backend',
  method: 'GET',
  url: '/api/users/profile',
  status: 404,
  duration: '1ms',
  ip: '::1',
  userAgent: 'Mozilla/5.0 (Macintosh; Intel Mac OS X 10_15_7) AppleWebKit/537.36 (KHTML, like Gecko) Chrome/140.0.0.0 Safari/537.36',
  level: 'error',
  message: 'Request Error',
  timestamp: '2025-10-01 14:38:30'
}
{
  service: 'barber-app-backend',
  method: 'GET',
  url: '/api/users/profile',
  status: 404,
  duration: '1ms',
  ip: '::1',
  userAgent: 'Mozilla/5.0 (Macintosh; Intel Mac OS X 10_15_7) AppleWebKit/537.36 (KHTML, like Gecko) Chrome/140.0.0.0 Safari/537.36',
  level: 'error',
  message: 'Request Error',
  timestamp: '2025-10-01 14:38:31'
}
{
  service: 'barber-app-backend',
  method: 'GET',
  url: '/api/users/profile',
  status: 404,
  duration: '0ms',
  ip: '::1',
  userAgent: 'Mozilla/5.0 (Macintosh; Intel Mac OS X 10_15_7) AppleWebKit/537.36 (KHTML, like Gecko) Chrome/140.0.0.0 Safari/537.36',
  level: 'error',
  message: 'Request Error',
  timestamp: '2025-10-01 14:38:33'
}
{
  service: 'barber-app-backend',
  method: 'GET',
  url: '/api/users/profile',
  status: 404,
  duration: '1ms',
  ip: '::1',
  userAgent: 'Mozilla/5.0 (Macintosh; Intel Mac OS X 10_15_7) AppleWebKit/537.36 (KHTML, like Gecko) Chrome/140.0.0.0 Safari/537.36',
  level: 'error',
  message: 'Request Error',
  timestamp: '2025-10-01 14:38:42'
}
{
  service: 'barber-app-backend',
  method: 'GET',
  url: '/api/users/profile',
  status: 404,
  duration: '1ms',
  ip: '::1',
  userAgent: 'Mozilla/5.0 (Macintosh; Intel Mac OS X 10_15_7) AppleWebKit/537.36 (KHTML, like Gecko) Chrome/140.0.0.0 Safari/537.36',
  level: 'error',
  message: 'Request Error',
  timestamp: '2025-10-01 14:38:43'
}
{
  service: 'barber-app-backend',
  method: 'GET',
  url: '/api/users/profile',
  status: 404,
  duration: '0ms',
  ip: '::1',
  userAgent: 'Mozilla/5.0 (Macintosh; Intel Mac OS X 10_15_7) AppleWebKit/537.36 (KHTML, like Gecko) Chrome/140.0.0.0 Safari/537.36',
  level: 'error',
  message: 'Request Error',
  timestamp: '2025-10-01 14:38:45'
}
{
  service: 'barber-app-backend',
  method: 'GET',
  url: '/api/users/profile',
  status: 404,
  duration: '2ms',
  ip: '::1',
  userAgent: 'Mozilla/5.0 (Macintosh; Intel Mac OS X 10_15_7) AppleWebKit/537.36 (KHTML, like Gecko) Chrome/140.0.0.0 Safari/537.36',
  level: 'error',
  message: 'Request Error',
  timestamp: '2025-10-01 14:39:24'
}
{
  service: 'barber-app-backend',
  method: 'GET',
  url: '/api/users/profile',
  status: 404,
  duration: '0ms',
  ip: '::1',
  userAgent: 'Mozilla/5.0 (Macintosh; Intel Mac OS X 10_15_7) AppleWebKit/537.36 (KHTML, like Gecko) Chrome/140.0.0.0 Safari/537.36',
  level: 'error',
  message: 'Request Error',
  timestamp: '2025-10-01 14:39:25'
}
{
  service: 'barber-app-backend',
  method: 'GET',
  url: '/api/users/profile',
  status: 404,
  duration: '1ms',
  ip: '::1',
  userAgent: 'Mozilla/5.0 (Macintosh; Intel Mac OS X 10_15_7) AppleWebKit/537.36 (KHTML, like Gecko) Chrome/140.0.0.0 Safari/537.36',
  level: 'error',
  message: 'Request Error',
  timestamp: '2025-10-01 14:39:27'
}
{
  service: 'barber-app-backend',
  method: 'GET',
  url: '/api/barbers/favorites',
  status: 404,
  duration: '2ms',
  ip: '::1',
  userAgent: 'Mozilla/5.0 (Macintosh; Intel Mac OS X 10_15_7) AppleWebKit/537.36 (KHTML, like Gecko) Chrome/140.0.0.0 Safari/537.36',
  level: 'error',
  message: 'Request Error',
  timestamp: '2025-10-01 14:39:43'
}
{
  service: 'barber-app-backend',
  method: 'GET',
  url: '/api/bookings',
  status: 429,
  duration: '0ms',
  ip: '::1',
  userAgent: 'Mozilla/5.0 (Macintosh; Intel Mac OS X 10_15_7) AppleWebKit/537.36 (KHTML, like Gecko) Chrome/140.0.0.0 Safari/537.36',
  level: 'error',
  message: 'Request Error',
  timestamp: '2025-10-01 14:39:44'
}
{
  service: 'barber-app-backend',
  method: 'GET',
  url: '/api/bookings?status=completed&limit=5',
  status: 429,
  duration: '0ms',
  ip: '::1',
  userAgent: 'Mozilla/5.0 (Macintosh; Intel Mac OS X 10_15_7) AppleWebKit/537.36 (KHTML, like Gecko) Chrome/140.0.0.0 Safari/537.36',
  level: 'error',
  message: 'Request Error',
  timestamp: '2025-10-01 14:39:44'
}
{
  service: 'barber-app-backend',
  method: 'GET',
  url: '/api/barbers/favorites',
  status: 404,
  duration: '1ms',
  ip: '::1',
  userAgent: 'Mozilla/5.0 (Macintosh; Intel Mac OS X 10_15_7) AppleWebKit/537.36 (KHTML, like Gecko) Chrome/140.0.0.0 Safari/537.36',
  level: 'error',
  message: 'Request Error',
  timestamp: '2025-10-01 14:39:44'
}
{
  service: 'barber-app-backend',
  method: 'GET',
  url: '/api/bookings',
  status: 429,
  duration: '2ms',
  ip: '::1',
  userAgent: 'Mozilla/5.0 (Macintosh; Intel Mac OS X 10_15_7) AppleWebKit/537.36 (KHTML, like Gecko) Chrome/140.0.0.0 Safari/537.36',
  level: 'error',
  message: 'Request Error',
  timestamp: '2025-10-01 14:39:45'
}
{
  service: 'barber-app-backend',
  method: 'GET',
  url: '/api/bookings?status=completed&limit=5',
  status: 429,
  duration: '1ms',
  ip: '::1',
  userAgent: 'Mozilla/5.0 (Macintosh; Intel Mac OS X 10_15_7) AppleWebKit/537.36 (KHTML, like Gecko) Chrome/140.0.0.0 Safari/537.36',
  level: 'error',
  message: 'Request Error',
  timestamp: '2025-10-01 14:39:45'
}
{
  service: 'barber-app-backend',
  method: 'GET',
  url: '/api/barbers/favorites',
  status: 404,
  duration: '0ms',
  ip: '::1',
  userAgent: 'Mozilla/5.0 (Macintosh; Intel Mac OS X 10_15_7) AppleWebKit/537.36 (KHTML, like Gecko) Chrome/140.0.0.0 Safari/537.36',
  level: 'error',
  message: 'Request Error',
  timestamp: '2025-10-01 14:39:45'
}
{
  service: 'barber-app-backend',
  method: 'GET',
  url: '/api/bookings',
  status: 429,
  duration: '1ms',
  ip: '::1',
  userAgent: 'Mozilla/5.0 (Macintosh; Intel Mac OS X 10_15_7) AppleWebKit/537.36 (KHTML, like Gecko) Chrome/140.0.0.0 Safari/537.36',
  level: 'error',
  message: 'Request Error',
  timestamp: '2025-10-01 14:39:46'
}
{
  service: 'barber-app-backend',
  method: 'GET',
  url: '/api/bookings',
  status: 429,
  duration: '0ms',
  ip: '::1',
  userAgent: 'Mozilla/5.0 (Macintosh; Intel Mac OS X 10_15_7) AppleWebKit/537.36 (KHTML, like Gecko) Chrome/140.0.0.0 Safari/537.36',
  level: 'error',
  message: 'Request Error',
  timestamp: '2025-10-01 14:39:47'
}
{
  service: 'barber-app-backend',
  method: 'GET',
  url: '/api/bookings',
  status: 429,
  duration: '1ms',
  ip: '::1',
  userAgent: 'Mozilla/5.0 (Macintosh; Intel Mac OS X 10_15_7) AppleWebKit/537.36 (KHTML, like Gecko) Chrome/140.0.0.0 Safari/537.36',
  level: 'error',
  message: 'Request Error',
  timestamp: '2025-10-01 14:39:49'
}
{
  service: 'barber-app-backend',
  method: 'GET',
  url: '/api/bookings',
  status: 429,
  duration: '1ms',
  ip: '::1',
  userAgent: 'Mozilla/5.0 (Macintosh; Intel Mac OS X 10_15_7) AppleWebKit/537.36 (KHTML, like Gecko) Chrome/140.0.0.0 Safari/537.36',
  level: 'error',
  message: 'Request Error',
  timestamp: '2025-10-01 14:39:51'
}
{
  service: 'barber-app-backend',
  method: 'GET',
  url: '/api/bookings',
  status: 429,
  duration: '0ms',
  ip: '::1',
  userAgent: 'Mozilla/5.0 (Macintosh; Intel Mac OS X 10_15_7) AppleWebKit/537.36 (KHTML, like Gecko) Chrome/140.0.0.0 Safari/537.36',
  level: 'error',
  message: 'Request Error',
  timestamp: '2025-10-01 14:39:52'
}
{
  service: 'barber-app-backend',
  method: 'GET',
  url: '/api/bookings',
  status: 429,
  duration: '0ms',
  ip: '::1',
  userAgent: 'Mozilla/5.0 (Macintosh; Intel Mac OS X 10_15_7) AppleWebKit/537.36 (KHTML, like Gecko) Chrome/140.0.0.0 Safari/537.36',
  level: 'error',
  message: 'Request Error',
  timestamp: '2025-10-01 14:39:54'
}
{
  service: 'barber-app-backend',
  method: 'GET',
  url: '/api/barbers/favorites',
  status: 404,
  duration: '2ms',
  ip: '::1',
  userAgent: 'Mozilla/5.0 (Macintosh; Intel Mac OS X 10_15_7) AppleWebKit/537.36 (KHTML, like Gecko) Chrome/140.0.0.0 Safari/537.36',
  level: 'error',
  message: 'Request Error',
  timestamp: '2025-10-01 14:40:15'
}
{
  service: 'barber-app-backend',
  method: 'GET',
  url: '/api/barbers/favorites',
  status: 404,
  duration: '1ms',
  ip: '::1',
  userAgent: 'Mozilla/5.0 (Macintosh; Intel Mac OS X 10_15_7) AppleWebKit/537.36 (KHTML, like Gecko) Chrome/140.0.0.0 Safari/537.36',
  level: 'error',
  message: 'Request Error',
  timestamp: '2025-10-01 14:40:16'
}
{
  service: 'barber-app-backend',
  method: 'GET',
  url: '/api/barbers/favorites',
  status: 404,
  duration: '1ms',
  ip: '::1',
  userAgent: 'Mozilla/5.0 (Macintosh; Intel Mac OS X 10_15_7) AppleWebKit/537.36 (KHTML, like Gecko) Chrome/140.0.0.0 Safari/537.36',
  level: 'error',
  message: 'Request Error',
  timestamp: '2025-10-01 14:40:17'
}
{
  service: 'barber-app-backend',
  method: 'GET',
  url: '/api/barbers/favorites',
  status: 404,
  duration: '1ms',
  ip: '::1',
  userAgent: 'Mozilla/5.0 (Macintosh; Intel Mac OS X 10_15_7) AppleWebKit/537.36 (KHTML, like Gecko) Chrome/140.0.0.0 Safari/537.36',
  level: 'error',
  message: 'Request Error',
  timestamp: '2025-10-01 14:40:19'
}
{
  service: 'barber-app-backend',
  method: 'GET',
  url: '/api/barbershops/locations',
  status: 404,
  duration: '2ms',
  ip: '::1',
  userAgent: 'Mozilla/5.0 (Macintosh; Intel Mac OS X 10_15_7) AppleWebKit/537.36 (KHTML, like Gecko) Chrome/140.0.0.0 Safari/537.36',
  level: 'error',
  message: 'Request Error',
  timestamp: '2025-10-01 14:40:26'
}
{
  service: 'barber-app-backend',
  method: 'GET',
  url: '/api/barbers',
  status: 404,
  duration: '1ms',
  ip: '::1',
  userAgent: 'Mozilla/5.0 (Macintosh; Intel Mac OS X 10_15_7) AppleWebKit/537.36 (KHTML, like Gecko) Chrome/140.0.0.0 Safari/537.36',
  level: 'error',
  message: 'Request Error',
  timestamp: '2025-10-01 14:40:26'
}
{
  service: 'barber-app-backend',
  method: 'GET',
  url: '/api/barbershops/locations',
  status: 404,
  duration: '2ms',
  ip: '::1',
  userAgent: 'Mozilla/5.0 (Macintosh; Intel Mac OS X 10_15_7) AppleWebKit/537.36 (KHTML, like Gecko) Chrome/140.0.0.0 Safari/537.36',
  level: 'error',
  message: 'Request Error',
  timestamp: '2025-10-01 14:40:27'
}
{
  service: 'barber-app-backend',
  method: 'GET',
  url: '/api/barbers',
  status: 404,
  duration: '0ms',
  ip: '::1',
  userAgent: 'Mozilla/5.0 (Macintosh; Intel Mac OS X 10_15_7) AppleWebKit/537.36 (KHTML, like Gecko) Chrome/140.0.0.0 Safari/537.36',
  level: 'error',
  message: 'Request Error',
  timestamp: '2025-10-01 14:40:27'
}
{
  service: 'barber-app-backend',
  method: 'GET',
  url: '/api/barbers',
  status: 404,
  duration: '1ms',
  ip: '::1',
  userAgent: 'Mozilla/5.0 (Macintosh; Intel Mac OS X 10_15_7) AppleWebKit/537.36 (KHTML, like Gecko) Chrome/140.0.0.0 Safari/537.36',
  level: 'error',
  message: 'Request Error',
  timestamp: '2025-10-01 14:40:29'
}
{
  service: 'barber-app-backend',
  method: 'GET',
  url: '/api/barbershops/locations',
  status: 404,
  duration: '2ms',
  ip: '::1',
  userAgent: 'Mozilla/5.0 (Macintosh; Intel Mac OS X 10_15_7) AppleWebKit/537.36 (KHTML, like Gecko) Chrome/140.0.0.0 Safari/537.36',
  level: 'error',
  message: 'Request Error',
  timestamp: '2025-10-01 14:40:29'
}
{
  service: 'barber-app-backend',
  method: 'GET',
  url: '/api/users/profile',
  status: 404,
  duration: '0ms',
  ip: '::1',
  userAgent: 'Mozilla/5.0 (Macintosh; Intel Mac OS X 10_15_7) AppleWebKit/537.36 (KHTML, like Gecko) Chrome/140.0.0.0 Safari/537.36',
  level: 'error',
  message: 'Request Error',
  timestamp: '2025-10-01 14:40:41'
}
{
  service: 'barber-app-backend',
  method: 'GET',
  url: '/api/users/profile',
  status: 404,
  duration: '1ms',
  ip: '::1',
  userAgent: 'Mozilla/5.0 (Macintosh; Intel Mac OS X 10_15_7) AppleWebKit/537.36 (KHTML, like Gecko) Chrome/140.0.0.0 Safari/537.36',
  level: 'error',
  message: 'Request Error',
  timestamp: '2025-10-01 14:40:42'
}
{
  service: 'barber-app-backend',
  method: 'GET',
  url: '/api/users/profile',
  status: 404,
  duration: '1ms',
  ip: '::1',
  userAgent: 'Mozilla/5.0 (Macintosh; Intel Mac OS X 10_15_7) AppleWebKit/537.36 (KHTML, like Gecko) Chrome/140.0.0.0 Safari/537.36',
  level: 'error',
  message: 'Request Error',
  timestamp: '2025-10-01 14:40:44'
}
{
  service: 'barber-app-backend',
  method: 'GET',
  url: '/api/barbers/favorites',
  status: 404,
  duration: '1ms',
  ip: '::1',
  userAgent: 'Mozilla/5.0 (Macintosh; Intel Mac OS X 10_15_7) AppleWebKit/537.36 (KHTML, like Gecko) Chrome/140.0.0.0 Safari/537.36',
  level: 'error',
  message: 'Request Error',
  timestamp: '2025-10-01 14:40:53'
}
{
  service: 'barber-app-backend',
  method: 'GET',
  url: '/api/barbers/favorites',
  status: 404,
  duration: '1ms',
  ip: '::1',
  userAgent: 'Mozilla/5.0 (Macintosh; Intel Mac OS X 10_15_7) AppleWebKit/537.36 (KHTML, like Gecko) Chrome/140.0.0.0 Safari/537.36',
  level: 'error',
  message: 'Request Error',
  timestamp: '2025-10-01 14:40:54'
}
{
  service: 'barber-app-backend',
  method: 'GET',
  url: '/api/barbers/favorites',
  status: 404,
  duration: '1ms',
  ip: '::1',
  userAgent: 'Mozilla/5.0 (Macintosh; Intel Mac OS X 10_15_7) AppleWebKit/537.36 (KHTML, like Gecko) Chrome/140.0.0.0 Safari/537.36',
  level: 'error',
  message: 'Request Error',
  timestamp: '2025-10-01 14:40:56'
}
{
  service: 'barber-app-backend',
  method: 'GET',
  url: '/api/barbers/favorites',
  status: 404,
  duration: '1ms',
  ip: '::1',
  userAgent: 'Mozilla/5.0 (Macintosh; Intel Mac OS X 10_15_7) AppleWebKit/537.36 (KHTML, like Gecko) Chrome/140.0.0.0 Safari/537.36',
  level: 'error',
  message: 'Request Error',
  timestamp: '2025-10-01 14:42:16'
}
{
  service: 'barber-app-backend',
  method: 'GET',
  url: '/api/barbers/favorites',
  status: 404,
  duration: '1ms',
  ip: '::1',
  userAgent: 'Mozilla/5.0 (Macintosh; Intel Mac OS X 10_15_7) AppleWebKit/537.36 (KHTML, like Gecko) Chrome/140.0.0.0 Safari/537.36',
  level: 'error',
  message: 'Request Error',
  timestamp: '2025-10-01 14:42:17'
}
{
  service: 'barber-app-backend',
  method: 'GET',
  url: '/api/barbers/favorites',
  status: 404,
  duration: '3ms',
  ip: '::1',
  userAgent: 'Mozilla/5.0 (Macintosh; Intel Mac OS X 10_15_7) AppleWebKit/537.36 (KHTML, like Gecko) Chrome/140.0.0.0 Safari/537.36',
  level: 'error',
  message: 'Request Error',
  timestamp: '2025-10-01 14:42:19'
}
{
  service: 'barber-app-backend',
  method: 'GET',
  url: '/api/bookings',
  status: 429,
  duration: '0ms',
  ip: '::1',
  userAgent: 'Mozilla/5.0 (Macintosh; Intel Mac OS X 10_15_7) AppleWebKit/537.36 (KHTML, like Gecko) Chrome/140.0.0.0 Safari/537.36',
  level: 'error',
  message: 'Request Error',
  timestamp: '2025-10-01 14:45:48'
}
{
  service: 'barber-app-backend',
  method: 'GET',
  url: '/api/bookings',
  status: 429,
  duration: '6ms',
  ip: '::1',
  userAgent: 'Mozilla/5.0 (Macintosh; Intel Mac OS X 10_15_7) AppleWebKit/537.36 (KHTML, like Gecko) Chrome/140.0.0.0 Safari/537.36',
  level: 'error',
  message: 'Request Error',
  timestamp: '2025-10-01 14:47:03'
}
{
  service: 'barber-app-backend',
  method: 'GET',
  url: '/api/bookings',
  status: 429,
  duration: '0ms',
  ip: '::1',
  userAgent: 'Mozilla/5.0 (Macintosh; Intel Mac OS X 10_15_7) AppleWebKit/537.36 (KHTML, like Gecko) Chrome/140.0.0.0 Safari/537.36',
  level: 'error',
  message: 'Request Error',
  timestamp: '2025-10-01 14:47:05'
}
{
  service: 'barber-app-backend',
  method: 'GET',
  url: '/api/bookings',
  status: 429,
  duration: '0ms',
  ip: '::1',
  userAgent: 'Mozilla/5.0 (Macintosh; Intel Mac OS X 10_15_7) AppleWebKit/537.36 (KHTML, like Gecko) Chrome/140.0.0.0 Safari/537.36',
  level: 'error',
  message: 'Request Error',
  timestamp: '2025-10-01 14:47:12'
}
{
  service: 'barber-app-backend',
  method: 'GET',
  url: '/api/bookings',
  status: 429,
  duration: '1ms',
  ip: '::1',
  userAgent: 'Mozilla/5.0 (Macintosh; Intel Mac OS X 10_15_7) AppleWebKit/537.36 (KHTML, like Gecko) Chrome/140.0.0.0 Safari/537.36',
  level: 'error',
  message: 'Request Error',
  timestamp: '2025-10-01 14:47:13'
}
{
  service: 'barber-app-backend',
  method: 'GET',
  url: '/api/bookings',
  status: 429,
  duration: '0ms',
  ip: '::1',
  userAgent: 'Mozilla/5.0 (Macintosh; Intel Mac OS X 10_15_7) AppleWebKit/537.36 (KHTML, like Gecko) Chrome/140.0.0.0 Safari/537.36',
  level: 'error',
  message: 'Request Error',
  timestamp: '2025-10-01 14:47:15'
}
{
  service: 'barber-app-backend',
  method: 'GET',
  url: '/api/bookings',
  status: 429,
  duration: '0ms',
  ip: '::1',
  userAgent: 'Mozilla/5.0 (Macintosh; Intel Mac OS X 10_15_7) AppleWebKit/537.36 (KHTML, like Gecko) Chrome/140.0.0.0 Safari/537.36',
  level: 'error',
  message: 'Request Error',
  timestamp: '2025-10-01 14:47:29'
}
{
  service: 'barber-app-backend',
  method: 'GET',
  url: '/api/bookings',
  status: 429,
  duration: '9ms',
  ip: '::1',
  userAgent: 'Mozilla/5.0 (Macintosh; Intel Mac OS X 10_15_7) AppleWebKit/537.36 (KHTML, like Gecko) Chrome/140.0.0.0 Safari/537.36',
  level: 'error',
  message: 'Request Error',
  timestamp: '2025-10-01 14:53:44'
}
{
  service: 'barber-app-backend',
  method: 'GET',
  url: '/api/bookings',
  status: 429,
  duration: '0ms',
  ip: '::1',
  userAgent: 'Mozilla/5.0 (Macintosh; Intel Mac OS X 10_15_7) AppleWebKit/537.36 (KHTML, like Gecko) Chrome/140.0.0.0 Safari/537.36',
  level: 'error',
  message: 'Request Error',
  timestamp: '2025-10-01 14:53:47'
}
{
  service: 'barber-app-backend',
  method: 'GET',
  url: '/api/barbers/favorites',
  status: 404,
  duration: '2ms',
  ip: '::1',
  userAgent: 'Mozilla/5.0 (Macintosh; Intel Mac OS X 10_15_7) AppleWebKit/537.36 (KHTML, like Gecko) Chrome/140.0.0.0 Safari/537.36',
  level: 'error',
  message: 'Request Error',
  timestamp: '2025-10-01 14:54:12'
}
{
  service: 'barber-app-backend',
  method: 'GET',
  url: '/api/barbers/favorites',
  status: 404,
  duration: '5ms',
  ip: '::1',
  userAgent: 'Mozilla/5.0 (Macintosh; Intel Mac OS X 10_15_7) AppleWebKit/537.36 (KHTML, like Gecko) Chrome/140.0.0.0 Safari/537.36',
  level: 'error',
  message: 'Request Error',
  timestamp: '2025-10-01 14:54:13'
}
{
  service: 'barber-app-backend',
  method: 'GET',
  url: '/api/barbers/favorites',
  status: 404,
  duration: '1ms',
  ip: '::1',
  userAgent: 'Mozilla/5.0 (Macintosh; Intel Mac OS X 10_15_7) AppleWebKit/537.36 (KHTML, like Gecko) Chrome/140.0.0.0 Safari/537.36',
  level: 'error',
  message: 'Request Error',
  timestamp: '2025-10-01 14:54:14'
}
{
  service: 'barber-app-backend',
  method: 'GET',
  url: '/api/barbers/favorites',
  status: 404,
  duration: '2ms',
  ip: '::1',
  userAgent: 'Mozilla/5.0 (Macintosh; Intel Mac OS X 10_15_7) AppleWebKit/537.36 (KHTML, like Gecko) Chrome/140.0.0.0 Safari/537.36',
  level: 'error',
  message: 'Request Error',
  timestamp: '2025-10-01 14:54:15'
}
{
  service: 'barber-app-backend',
  method: 'GET',
  url: '/api/barbers/favorites',
  status: 404,
  duration: '5ms',
  ip: '::1',
  userAgent: 'Mozilla/5.0 (Macintosh; Intel Mac OS X 10_15_7) AppleWebKit/537.36 (KHTML, like Gecko) Chrome/140.0.0.0 Safari/537.36',
  level: 'error',
  message: 'Request Error',
  timestamp: '2025-10-01 14:54:17'
}
{
  service: 'barber-app-backend',
  method: 'POST',
  url: '/api/bookings',
  status: 400,
  duration: '90ms',
  ip: '::1',
  userAgent: 'Mozilla/5.0 (Macintosh; Intel Mac OS X 10_15_7) AppleWebKit/537.36 (KHTML, like Gecko) Chrome/140.0.0.0 Safari/537.36',
  userId: '68dbe16be9141724d90142ad',
  userRole: 'client',
  level: 'error',
  message: 'Request Error',
  timestamp: '2025-10-01 14:55:02'
}
{
  service: 'barber-app-backend',
  method: 'POST',
  url: '/api/bookings',
  status: 400,
  duration: '98ms',
  ip: '::1',
  userAgent: 'Mozilla/5.0 (Macintosh; Intel Mac OS X 10_15_7) AppleWebKit/537.36 (KHTML, like Gecko) Chrome/140.0.0.0 Safari/537.36',
  userId: '68dbe16be9141724d90142ad',
  userRole: 'client',
  level: 'error',
  message: 'Request Error',
  timestamp: '2025-10-01 14:55:04'
}
{
  service: 'barber-app-backend',
  method: 'GET',
  url: '/api/barbers/favorites',
  status: 404,
  duration: '6ms',
  ip: '::1',
  userAgent: 'Mozilla/5.0 (Macintosh; Intel Mac OS X 10_15_7) AppleWebKit/537.36 (KHTML, like Gecko) Chrome/140.0.0.0 Safari/537.36',
  level: 'error',
  message: 'Request Error',
  timestamp: '2025-10-01 15:02:08'
}
{
  service: 'barber-app-backend',
  method: 'GET',
  url: '/api/bookings?status=completed&limit=5',
  status: 429,
  duration: '4ms',
  ip: '::1',
  userAgent: 'Mozilla/5.0 (Macintosh; Intel Mac OS X 10_15_7) AppleWebKit/537.36 (KHTML, like Gecko) Chrome/140.0.0.0 Safari/537.36',
  level: 'error',
  message: 'Request Error',
  timestamp: '2025-10-01 15:02:08'
}
{
  service: 'barber-app-backend',
  method: 'GET',
  url: '/api/barbers/favorites',
  status: 404,
  duration: '1ms',
  ip: '::1',
  userAgent: 'Mozilla/5.0 (Macintosh; Intel Mac OS X 10_15_7) AppleWebKit/537.36 (KHTML, like Gecko) Chrome/140.0.0.0 Safari/537.36',
  level: 'error',
  message: 'Request Error',
  timestamp: '2025-10-01 15:02:09'
}
{
  service: 'barber-app-backend',
  method: 'GET',
  url: '/api/bookings?status=completed&limit=5',
  status: 429,
  duration: '0ms',
  ip: '::1',
  userAgent: 'Mozilla/5.0 (Macintosh; Intel Mac OS X 10_15_7) AppleWebKit/537.36 (KHTML, like Gecko) Chrome/140.0.0.0 Safari/537.36',
  level: 'error',
  message: 'Request Error',
  timestamp: '2025-10-01 15:02:09'
}
{
  service: 'barber-app-backend',
  method: 'GET',
  url: '/api/barbers/favorites',
  status: 404,
  duration: '1ms',
  ip: '::1',
  userAgent: 'Mozilla/5.0 (Macintosh; Intel Mac OS X 10_15_7) AppleWebKit/537.36 (KHTML, like Gecko) Chrome/140.0.0.0 Safari/537.36',
  level: 'error',
  message: 'Request Error',
  timestamp: '2025-10-01 15:02:11'
}
{
  service: 'barber-app-backend',
  method: 'GET',
  url: '/api/bookings?status=completed&limit=5',
  status: 429,
  duration: '0ms',
  ip: '::1',
  userAgent: 'Mozilla/5.0 (Macintosh; Intel Mac OS X 10_15_7) AppleWebKit/537.36 (KHTML, like Gecko) Chrome/140.0.0.0 Safari/537.36',
  level: 'error',
  message: 'Request Error',
  timestamp: '2025-10-01 15:02:11'
}
{
  service: 'barber-app-backend',
  method: 'GET',
  url: '/api/bookings/barber/agenda?date=2025-10-01&type=week',
  status: 429,
  duration: '0ms',
  ip: '::1',
  userAgent: 'Mozilla/5.0 (Macintosh; Intel Mac OS X 10_15_7) AppleWebKit/537.36 (KHTML, like Gecko) Chrome/140.0.0.0 Safari/537.36',
  level: 'error',
  message: 'Request Error',
  timestamp: '2025-10-01 15:02:32'
}
{
  service: 'barber-app-backend',
  method: 'GET',
  url: '/api/bookings/barber/stats?date=2025-10-01',
  status: 429,
  duration: '0ms',
  ip: '::1',
  userAgent: 'Mozilla/5.0 (Macintosh; Intel Mac OS X 10_15_7) AppleWebKit/537.36 (KHTML, like Gecko) Chrome/140.0.0.0 Safari/537.36',
  level: 'error',
  message: 'Request Error',
  timestamp: '2025-10-01 15:02:32'
}
{
  service: 'barber-app-backend',
  method: 'GET',
  url: '/api/bookings/barber/stats?date=2025-10-01&type=week',
  status: 429,
  duration: '1ms',
  ip: '::1',
  userAgent: 'Mozilla/5.0 (Macintosh; Intel Mac OS X 10_15_7) AppleWebKit/537.36 (KHTML, like Gecko) Chrome/140.0.0.0 Safari/537.36',
  level: 'error',
  message: 'Request Error',
  timestamp: '2025-10-01 15:02:32'
}
{
  service: 'barber-app-backend',
  method: 'GET',
  url: '/api/bookings/barber/stats?date=2025-10-01&type=week',
  status: 429,
  duration: '0ms',
  ip: '::1',
  userAgent: 'Mozilla/5.0 (Macintosh; Intel Mac OS X 10_15_7) AppleWebKit/537.36 (KHTML, like Gecko) Chrome/140.0.0.0 Safari/537.36',
  level: 'error',
  message: 'Request Error',
  timestamp: '2025-10-01 15:02:33'
}
{
  service: 'barber-app-backend',
  method: 'GET',
  url: '/api/bookings/barber/stats?date=2025-10-01',
  status: 429,
  duration: '1ms',
  ip: '::1',
  userAgent: 'Mozilla/5.0 (Macintosh; Intel Mac OS X 10_15_7) AppleWebKit/537.36 (KHTML, like Gecko) Chrome/140.0.0.0 Safari/537.36',
  level: 'error',
  message: 'Request Error',
  timestamp: '2025-10-01 15:02:33'
}
{
  service: 'barber-app-backend',
  method: 'GET',
  url: '/api/bookings/barber/agenda?date=2025-10-01&type=week',
  status: 429,
  duration: '1ms',
  ip: '::1',
  userAgent: 'Mozilla/5.0 (Macintosh; Intel Mac OS X 10_15_7) AppleWebKit/537.36 (KHTML, like Gecko) Chrome/140.0.0.0 Safari/537.36',
  level: 'error',
  message: 'Request Error',
  timestamp: '2025-10-01 15:02:33'
}
{
  service: 'barber-app-backend',
  method: 'GET',
  url: '/api/bookings/barber/stats?date=2025-10-01&type=week',
  status: 429,
  duration: '1ms',
  ip: '::1',
  userAgent: 'Mozilla/5.0 (Macintosh; Intel Mac OS X 10_15_7) AppleWebKit/537.36 (KHTML, like Gecko) Chrome/140.0.0.0 Safari/537.36',
  level: 'error',
  message: 'Request Error',
  timestamp: '2025-10-01 15:02:35'
}
{
  service: 'barber-app-backend',
  method: 'GET',
  url: '/api/bookings/barber/stats?date=2025-10-01',
  status: 429,
  duration: '0ms',
  ip: '::1',
  userAgent: 'Mozilla/5.0 (Macintosh; Intel Mac OS X 10_15_7) AppleWebKit/537.36 (KHTML, like Gecko) Chrome/140.0.0.0 Safari/537.36',
  level: 'error',
  message: 'Request Error',
  timestamp: '2025-10-01 15:02:35'
}
{
  service: 'barber-app-backend',
  method: 'GET',
  url: '/api/bookings/barber/agenda?date=2025-10-01&type=week',
  status: 429,
  duration: '0ms',
  ip: '::1',
  userAgent: 'Mozilla/5.0 (Macintosh; Intel Mac OS X 10_15_7) AppleWebKit/537.36 (KHTML, like Gecko) Chrome/140.0.0.0 Safari/537.36',
  level: 'error',
  message: 'Request Error',
  timestamp: '2025-10-01 15:02:35'
}
{
  service: 'barber-app-backend',
  method: 'GET',
  url: '/api/bookings/barber/stats?date=2025-10-01',
  status: 429,
  duration: '0ms',
  ip: '::1',
  userAgent: 'Mozilla/5.0 (Macintosh; Intel Mac OS X 10_15_7) AppleWebKit/537.36 (KHTML, like Gecko) Chrome/140.0.0.0 Safari/537.36',
  level: 'error',
  message: 'Request Error',
  timestamp: '2025-10-01 15:02:54'
}
{
  service: 'barber-app-backend',
  method: 'GET',
  url: '/api/bookings/barber/agenda?date=2025-10-02&type=week',
  status: 429,
  duration: '0ms',
  ip: '::1',
  userAgent: 'Mozilla/5.0 (Macintosh; Intel Mac OS X 10_15_7) AppleWebKit/537.36 (KHTML, like Gecko) Chrome/140.0.0.0 Safari/537.36',
  level: 'error',
  message: 'Request Error',
  timestamp: '2025-10-01 15:02:54'
}
{
  service: 'barber-app-backend',
  method: 'GET',
  url: '/api/bookings/barber/stats?date=2025-10-02&type=week',
  status: 429,
  duration: '0ms',
  ip: '::1',
  userAgent: 'Mozilla/5.0 (Macintosh; Intel Mac OS X 10_15_7) AppleWebKit/537.36 (KHTML, like Gecko) Chrome/140.0.0.0 Safari/537.36',
  level: 'error',
  message: 'Request Error',
  timestamp: '2025-10-01 15:02:54'
}
{
  service: 'barber-app-backend',
  method: 'GET',
  url: '/api/bookings/barber/agenda?date=2025-10-02&type=week',
  status: 429,
  duration: '0ms',
  ip: '::1',
  userAgent: 'Mozilla/5.0 (Macintosh; Intel Mac OS X 10_15_7) AppleWebKit/537.36 (KHTML, like Gecko) Chrome/140.0.0.0 Safari/537.36',
  level: 'error',
  message: 'Request Error',
  timestamp: '2025-10-01 15:02:55'
}
{
  service: 'barber-app-backend',
  method: 'GET',
  url: '/api/bookings/barber/stats?date=2025-10-01',
  status: 429,
  duration: '0ms',
  ip: '::1',
  userAgent: 'Mozilla/5.0 (Macintosh; Intel Mac OS X 10_15_7) AppleWebKit/537.36 (KHTML, like Gecko) Chrome/140.0.0.0 Safari/537.36',
  level: 'error',
  message: 'Request Error',
  timestamp: '2025-10-01 15:02:55'
}
{
  service: 'barber-app-backend',
  method: 'GET',
  url: '/api/bookings/barber/stats?date=2025-10-02&type=week',
  status: 429,
  duration: '0ms',
  ip: '::1',
  userAgent: 'Mozilla/5.0 (Macintosh; Intel Mac OS X 10_15_7) AppleWebKit/537.36 (KHTML, like Gecko) Chrome/140.0.0.0 Safari/537.36',
  level: 'error',
  message: 'Request Error',
  timestamp: '2025-10-01 15:02:55'
}
{
  service: 'barber-app-backend',
  method: 'GET',
  url: '/api/bookings/barber/stats?date=2025-10-01',
  status: 429,
  duration: '1ms',
  ip: '::1',
  userAgent: 'Mozilla/5.0 (Macintosh; Intel Mac OS X 10_15_7) AppleWebKit/537.36 (KHTML, like Gecko) Chrome/140.0.0.0 Safari/537.36',
  level: 'error',
  message: 'Request Error',
  timestamp: '2025-10-01 15:02:56'
}
{
  service: 'barber-app-backend',
  method: 'GET',
  url: '/api/bookings/barber/agenda?date=2025-10-03&type=week',
  status: 429,
  duration: '0ms',
  ip: '::1',
  userAgent: 'Mozilla/5.0 (Macintosh; Intel Mac OS X 10_15_7) AppleWebKit/537.36 (KHTML, like Gecko) Chrome/140.0.0.0 Safari/537.36',
  level: 'error',
  message: 'Request Error',
  timestamp: '2025-10-01 15:02:56'
}
{
  service: 'barber-app-backend',
  method: 'GET',
  url: '/api/bookings/barber/stats?date=2025-10-03&type=week',
  status: 429,
  duration: '0ms',
  ip: '::1',
  userAgent: 'Mozilla/5.0 (Macintosh; Intel Mac OS X 10_15_7) AppleWebKit/537.36 (KHTML, like Gecko) Chrome/140.0.0.0 Safari/537.36',
  level: 'error',
  message: 'Request Error',
  timestamp: '2025-10-01 15:02:56'
}
{
  service: 'barber-app-backend',
  method: 'GET',
  url: '/api/bookings/barber/agenda?date=2025-10-03&type=week',
  status: 429,
  duration: '0ms',
  ip: '::1',
  userAgent: 'Mozilla/5.0 (Macintosh; Intel Mac OS X 10_15_7) AppleWebKit/537.36 (KHTML, like Gecko) Chrome/140.0.0.0 Safari/537.36',
  level: 'error',
  message: 'Request Error',
  timestamp: '2025-10-01 15:02:57'
}
{
  service: 'barber-app-backend',
  method: 'GET',
  url: '/api/bookings/barber/stats?date=2025-10-03&type=week',
  status: 429,
  duration: '1ms',
  ip: '::1',
  userAgent: 'Mozilla/5.0 (Macintosh; Intel Mac OS X 10_15_7) AppleWebKit/537.36 (KHTML, like Gecko) Chrome/140.0.0.0 Safari/537.36',
  level: 'error',
  message: 'Request Error',
  timestamp: '2025-10-01 15:02:57'
}
{
  service: 'barber-app-backend',
  method: 'GET',
  url: '/api/bookings/barber/stats?date=2025-10-01',
  status: 429,
  duration: '2ms',
  ip: '::1',
  userAgent: 'Mozilla/5.0 (Macintosh; Intel Mac OS X 10_15_7) AppleWebKit/537.36 (KHTML, like Gecko) Chrome/140.0.0.0 Safari/537.36',
  level: 'error',
  message: 'Request Error',
  timestamp: '2025-10-01 15:02:57'
}
{
  service: 'barber-app-backend',
  method: 'GET',
  url: '/api/bookings/barber/agenda?date=2025-10-03&type=week',
  status: 429,
  duration: '0ms',
  ip: '::1',
  userAgent: 'Mozilla/5.0 (Macintosh; Intel Mac OS X 10_15_7) AppleWebKit/537.36 (KHTML, like Gecko) Chrome/140.0.0.0 Safari/537.36',
  level: 'error',
  message: 'Request Error',
  timestamp: '2025-10-01 15:02:59'
}
{
  service: 'barber-app-backend',
  method: 'GET',
  url: '/api/bookings/barber/stats?date=2025-10-03&type=week',
  status: 429,
  duration: '1ms',
  ip: '::1',
  userAgent: 'Mozilla/5.0 (Macintosh; Intel Mac OS X 10_15_7) AppleWebKit/537.36 (KHTML, like Gecko) Chrome/140.0.0.0 Safari/537.36',
  level: 'error',
  message: 'Request Error',
  timestamp: '2025-10-01 15:02:59'
}
{
  service: 'barber-app-backend',
  method: 'GET',
  url: '/api/bookings/barber/stats?date=2025-10-01',
  status: 429,
  duration: '0ms',
  ip: '::1',
  userAgent: 'Mozilla/5.0 (Macintosh; Intel Mac OS X 10_15_7) AppleWebKit/537.36 (KHTML, like Gecko) Chrome/140.0.0.0 Safari/537.36',
  level: 'error',
  message: 'Request Error',
  timestamp: '2025-10-01 15:02:59'
}
{
  service: 'barber-app-backend',
  method: 'GET',
  url: '/api/bookings/barber/stats?date=2025-10-01',
  status: 404,
  duration: '2ms',
  ip: '::1',
  userAgent: 'Mozilla/5.0 (Macintosh; Intel Mac OS X 10_15_7) AppleWebKit/537.36 (KHTML, like Gecko) Chrome/140.0.0.0 Safari/537.36',
  level: 'error',
  message: 'Request Error',
  timestamp: '2025-10-01 15:08:02'
}
{
  service: 'barber-app-backend',
  method: 'GET',
  url: '/api/bookings/barber/stats?date=2025-10-01&type=week',
  status: 404,
  duration: '0ms',
  ip: '::1',
  userAgent: 'Mozilla/5.0 (Macintosh; Intel Mac OS X 10_15_7) AppleWebKit/537.36 (KHTML, like Gecko) Chrome/140.0.0.0 Safari/537.36',
  level: 'error',
  message: 'Request Error',
  timestamp: '2025-10-01 15:08:02'
}
{
  service: 'barber-app-backend',
  method: 'GET',
  url: '/api/bookings/barber/stats?date=2025-10-01',
  status: 404,
  duration: '2ms',
  ip: '::1',
  userAgent: 'Mozilla/5.0 (Macintosh; Intel Mac OS X 10_15_7) AppleWebKit/537.36 (KHTML, like Gecko) Chrome/140.0.0.0 Safari/537.36',
  level: 'error',
  message: 'Request Error',
  timestamp: '2025-10-01 15:08:03'
}
{
  service: 'barber-app-backend',
  method: 'GET',
  url: '/api/bookings/barber/stats?date=2025-10-01&type=week',
  status: 404,
  duration: '0ms',
  ip: '::1',
  userAgent: 'Mozilla/5.0 (Macintosh; Intel Mac OS X 10_15_7) AppleWebKit/537.36 (KHTML, like Gecko) Chrome/140.0.0.0 Safari/537.36',
  level: 'error',
  message: 'Request Error',
  timestamp: '2025-10-01 15:08:03'
}
{
  service: 'barber-app-backend',
  method: 'GET',
  url: '/api/bookings/barber/stats?date=2025-10-01',
  status: 404,
  duration: '2ms',
  ip: '::1',
  userAgent: 'Mozilla/5.0 (Macintosh; Intel Mac OS X 10_15_7) AppleWebKit/537.36 (KHTML, like Gecko) Chrome/140.0.0.0 Safari/537.36',
  level: 'error',
  message: 'Request Error',
  timestamp: '2025-10-01 15:08:05'
}
{
  service: 'barber-app-backend',
  method: 'GET',
  url: '/api/bookings/barber/stats?date=2025-10-01&type=week',
  status: 404,
  duration: '1ms',
  ip: '::1',
  userAgent: 'Mozilla/5.0 (Macintosh; Intel Mac OS X 10_15_7) AppleWebKit/537.36 (KHTML, like Gecko) Chrome/140.0.0.0 Safari/537.36',
  level: 'error',
  message: 'Request Error',
  timestamp: '2025-10-01 15:08:05'
}
{
  service: 'barber-app-backend',
  method: 'PATCH',
  url: '/api/bookings/68dc099887d370143141941a',
  status: 400,
  duration: '179ms',
  ip: '::1',
  userAgent: 'Mozilla/5.0 (Macintosh; Intel Mac OS X 10_15_7) AppleWebKit/537.36 (KHTML, like Gecko) Chrome/140.0.0.0 Safari/537.36',
  userId: '68dc02d6470d4c12e447aab5',
  userRole: 'barber',
  level: 'error',
  message: 'Request Error',
  timestamp: '2025-10-01 15:08:38'
}
{
  service: 'barber-app-backend',
  method: 'PATCH',
  url: '/api/bookings/68dc099887d370143141941a',
  status: 400,
  duration: '173ms',
  ip: '::1',
  userAgent: 'Mozilla/5.0 (Macintosh; Intel Mac OS X 10_15_7) AppleWebKit/537.36 (KHTML, like Gecko) Chrome/140.0.0.0 Safari/537.36',
  userId: '68dc02d6470d4c12e447aab5',
  userRole: 'barber',
  level: 'error',
  message: 'Request Error',
  timestamp: '2025-10-01 15:08:39'
}
{
  service: 'barber-app-backend',
  method: 'GET',
  url: '/api/bookings/barber/stats?date=2025-10-01',
  status: 404,
  duration: '2ms',
  ip: '::1',
  userAgent: 'Mozilla/5.0 (Macintosh; Intel Mac OS X 10_15_7) AppleWebKit/537.36 (KHTML, like Gecko) Chrome/140.0.0.0 Safari/537.36',
  level: 'error',
  message: 'Request Error',
  timestamp: '2025-10-01 15:19:15'
}
{
  service: 'barber-app-backend',
  method: 'GET',
  url: '/api/bookings/barber/stats?date=2025-10-01&type=week',
  status: 429,
  duration: '1ms',
  ip: '::1',
  userAgent: 'Mozilla/5.0 (Macintosh; Intel Mac OS X 10_15_7) AppleWebKit/537.36 (KHTML, like Gecko) Chrome/140.0.0.0 Safari/537.36',
  level: 'error',
  message: 'Request Error',
  timestamp: '2025-10-01 15:19:15'
}
{
  service: 'barber-app-backend',
  method: 'GET',
  url: '/api/bookings/barber/agenda?date=2025-10-01&type=week',
  status: 429,
  duration: '0ms',
  ip: '::1',
  userAgent: 'Mozilla/5.0 (Macintosh; Intel Mac OS X 10_15_7) AppleWebKit/537.36 (KHTML, like Gecko) Chrome/140.0.0.0 Safari/537.36',
  level: 'error',
  message: 'Request Error',
  timestamp: '2025-10-01 15:19:15'
}
{
  service: 'barber-app-backend',
  method: 'GET',
  url: '/api/bookings/barber/agenda?date=2025-10-01&type=week',
  status: 429,
  duration: '2ms',
  ip: '::1',
  userAgent: 'Mozilla/5.0 (Macintosh; Intel Mac OS X 10_15_7) AppleWebKit/537.36 (KHTML, like Gecko) Chrome/140.0.0.0 Safari/537.36',
  level: 'error',
  message: 'Request Error',
  timestamp: '2025-10-01 15:22:48'
}
{
  service: 'barber-app-backend',
  method: 'GET',
  url: '/api/bookings/barber/stats?date=2025-10-01',
  status: 429,
  duration: '0ms',
  ip: '::1',
  userAgent: 'Mozilla/5.0 (Macintosh; Intel Mac OS X 10_15_7) AppleWebKit/537.36 (KHTML, like Gecko) Chrome/140.0.0.0 Safari/537.36',
  level: 'error',
  message: 'Request Error',
  timestamp: '2025-10-01 15:22:48'
}
{
  service: 'barber-app-backend',
  method: 'GET',
  url: '/api/bookings/barber/stats?date=2025-10-01&type=week',
  status: 429,
  duration: '1ms',
  ip: '::1',
  userAgent: 'Mozilla/5.0 (Macintosh; Intel Mac OS X 10_15_7) AppleWebKit/537.36 (KHTML, like Gecko) Chrome/140.0.0.0 Safari/537.36',
  level: 'error',
  message: 'Request Error',
  timestamp: '2025-10-01 15:22:48'
}
{
  service: 'barber-app-backend',
  method: 'GET',
  url: '/api/bookings/barber/agenda?date=2025-10-01&type=week',
  status: 429,
  duration: '1ms',
  ip: '::1',
  userAgent: 'Mozilla/5.0 (Macintosh; Intel Mac OS X 10_15_7) AppleWebKit/537.36 (KHTML, like Gecko) Chrome/140.0.0.0 Safari/537.36',
  level: 'error',
  message: 'Request Error',
  timestamp: '2025-10-01 15:22:50'
}
{
  service: 'barber-app-backend',
  method: 'GET',
  url: '/api/bookings/barber/stats?date=2025-10-01',
  status: 429,
  duration: '0ms',
  ip: '::1',
  userAgent: 'Mozilla/5.0 (Macintosh; Intel Mac OS X 10_15_7) AppleWebKit/537.36 (KHTML, like Gecko) Chrome/140.0.0.0 Safari/537.36',
  level: 'error',
  message: 'Request Error',
  timestamp: '2025-10-01 15:22:50'
}
{
  service: 'barber-app-backend',
  method: 'GET',
  url: '/api/bookings/barber/stats?date=2025-10-01&type=week',
  status: 429,
  duration: '1ms',
  ip: '::1',
  userAgent: 'Mozilla/5.0 (Macintosh; Intel Mac OS X 10_15_7) AppleWebKit/537.36 (KHTML, like Gecko) Chrome/140.0.0.0 Safari/537.36',
  level: 'error',
  message: 'Request Error',
  timestamp: '2025-10-01 15:22:50'
}
{
  service: 'barber-app-backend',
  method: 'GET',
  url: '/api/services/barber',
  status: 404,
  duration: '1ms',
  ip: '::1',
  userAgent: 'Mozilla/5.0 (Macintosh; Intel Mac OS X 10_15_7) AppleWebKit/537.36 (KHTML, like Gecko) Chrome/140.0.0.0 Safari/537.36',
  level: 'error',
  message: 'Request Error',
  timestamp: '2025-10-01 15:30:32'
}
{
  service: 'barber-app-backend',
  method: 'GET',
  url: '/api/services/barber',
  status: 404,
  duration: '1ms',
  ip: '::1',
  userAgent: 'Mozilla/5.0 (Macintosh; Intel Mac OS X 10_15_7) AppleWebKit/537.36 (KHTML, like Gecko) Chrome/140.0.0.0 Safari/537.36',
  level: 'error',
  message: 'Request Error',
  timestamp: '2025-10-01 15:30:33'
}
{
  service: 'barber-app-backend',
  method: 'GET',
  url: '/api/services/barber',
  status: 404,
  duration: '1ms',
  ip: '::1',
  userAgent: 'Mozilla/5.0 (Macintosh; Intel Mac OS X 10_15_7) AppleWebKit/537.36 (KHTML, like Gecko) Chrome/140.0.0.0 Safari/537.36',
  level: 'error',
  message: 'Request Error',
  timestamp: '2025-10-01 15:30:35'
}
{
  service: 'barber-app-backend',
  method: 'GET',
  url: '/api/clients/barber',
  status: 404,
  duration: '2ms',
  ip: '::1',
  userAgent: 'Mozilla/5.0 (Macintosh; Intel Mac OS X 10_15_7) AppleWebKit/537.36 (KHTML, like Gecko) Chrome/140.0.0.0 Safari/537.36',
  level: 'error',
  message: 'Request Error',
  timestamp: '2025-10-01 15:30:44'
}
{
  service: 'barber-app-backend',
  method: 'GET',
  url: '/api/clients/barber',
  status: 404,
  duration: '1ms',
  ip: '::1',
  userAgent: 'Mozilla/5.0 (Macintosh; Intel Mac OS X 10_15_7) AppleWebKit/537.36 (KHTML, like Gecko) Chrome/140.0.0.0 Safari/537.36',
  level: 'error',
  message: 'Request Error',
  timestamp: '2025-10-01 15:30:45'
}
{
  service: 'barber-app-backend',
  method: 'GET',
  url: '/api/clients/barber',
  status: 404,
  duration: '2ms',
  ip: '::1',
  userAgent: 'Mozilla/5.0 (Macintosh; Intel Mac OS X 10_15_7) AppleWebKit/537.36 (KHTML, like Gecko) Chrome/140.0.0.0 Safari/537.36',
  level: 'error',
  message: 'Request Error',
  timestamp: '2025-10-01 15:30:47'
}
{
  service: 'barber-app-backend',
  method: 'GET',
  url: '/api/reviews/barber',
  status: 404,
  duration: '8ms',
  ip: '::1',
  userAgent: 'Mozilla/5.0 (Macintosh; Intel Mac OS X 10_15_7) AppleWebKit/537.36 (KHTML, like Gecko) Chrome/140.0.0.0 Safari/537.36',
  level: 'error',
  message: 'Request Error',
  timestamp: '2025-10-01 15:30:51'
}
{
  service: 'barber-app-backend',
  method: 'GET',
  url: '/api/bookings/barber/stats?date=2025-10-01',
  status: 404,
  duration: '23ms',
  ip: '::1',
  userAgent: 'Mozilla/5.0 (Macintosh; Intel Mac OS X 10_15_7) AppleWebKit/537.36 (KHTML, like Gecko) Chrome/140.0.0.0 Safari/537.36',
  level: 'error',
  message: 'Request Error',
  timestamp: '2025-10-01 15:32:11'
}
{
  service: 'barber-app-backend',
  method: 'GET',
  url: '/api/bookings/barber/stats?date=2025-10-01&type=week',
  status: 404,
  duration: '1ms',
  ip: '::1',
  userAgent: 'Mozilla/5.0 (Macintosh; Intel Mac OS X 10_15_7) AppleWebKit/537.36 (KHTML, like Gecko) Chrome/140.0.0.0 Safari/537.36',
  level: 'error',
  message: 'Request Error',
  timestamp: '2025-10-01 15:32:11'
}
{
  service: 'barber-app-backend',
  method: 'GET',
  url: '/api/bookings/barber/stats?date=2025-10-01',
  status: 404,
  duration: '6ms',
  ip: '::1',
  userAgent: 'Mozilla/5.0 (Macintosh; Intel Mac OS X 10_15_7) AppleWebKit/537.36 (KHTML, like Gecko) Chrome/140.0.0.0 Safari/537.36',
  level: 'error',
  message: 'Request Error',
  timestamp: '2025-10-01 15:32:12'
}
{
  service: 'barber-app-backend',
  method: 'GET',
  url: '/api/bookings/barber/stats?date=2025-10-01&type=week',
  status: 404,
  duration: '1ms',
  ip: '::1',
  userAgent: 'Mozilla/5.0 (Macintosh; Intel Mac OS X 10_15_7) AppleWebKit/537.36 (KHTML, like Gecko) Chrome/140.0.0.0 Safari/537.36',
  level: 'error',
  message: 'Request Error',
  timestamp: '2025-10-01 15:32:12'
}
{
  service: 'barber-app-backend',
  method: 'GET',
  url: '/api/services/barber',
  status: 404,
  duration: '1ms',
  ip: '::1',
  userAgent: 'Mozilla/5.0 (Macintosh; Intel Mac OS X 10_15_7) AppleWebKit/537.36 (KHTML, like Gecko) Chrome/140.0.0.0 Safari/537.36',
  level: 'error',
  message: 'Request Error',
  timestamp: '2025-10-01 15:32:12'
}
{
  service: 'barber-app-backend',
  method: 'GET',
  url: '/api/services/barber',
  status: 404,
  duration: '1ms',
  ip: '::1',
  userAgent: 'Mozilla/5.0 (Macintosh; Intel Mac OS X 10_15_7) AppleWebKit/537.36 (KHTML, like Gecko) Chrome/140.0.0.0 Safari/537.36',
  level: 'error',
  message: 'Request Error',
  timestamp: '2025-10-01 15:32:13'
}
{
  service: 'barber-app-backend',
  method: 'GET',
  url: '/api/services/barber',
  status: 404,
  duration: '2ms',
  ip: '::1',
  userAgent: 'Mozilla/5.0 (Macintosh; Intel Mac OS X 10_15_7) AppleWebKit/537.36 (KHTML, like Gecko) Chrome/140.0.0.0 Safari/537.36',
  level: 'error',
  message: 'Request Error',
  timestamp: '2025-10-01 15:32:15'
}
{
  service: 'barber-app-backend',
  message: 'Application Error Error al obtener reseñas',
  stack: 'CastError: Cast to ObjectId failed for value "stats" (type string) at path "barber" for model "Review"\n' +
    '    at SchemaObjectId.cast (/Users/Sergio/Desktop/BarberApp/barber-app-backend/node_modules/mongoose/lib/schema/objectId.js:251:11)\n' +
    '    at SchemaType.applySetters (/Users/Sergio/Desktop/BarberApp/barber-app-backend/node_modules/mongoose/lib/schemaType.js:1255:12)\n' +
    '    at SchemaType.castForQuery (/Users/Sergio/Desktop/BarberApp/barber-app-backend/node_modules/mongoose/lib/schemaType.js:1673:17)\n' +
    '    at cast (/Users/Sergio/Desktop/BarberApp/barber-app-backend/node_modules/mongoose/lib/cast.js:390:32)\n' +
    '    at Query.cast (/Users/Sergio/Desktop/BarberApp/barber-app-backend/node_modules/mongoose/lib/query.js:4999:12)\n' +
    '    at Query._castConditions (/Users/Sergio/Desktop/BarberApp/barber-app-backend/node_modules/mongoose/lib/query.js:2325:10)\n' +
    '    at model.Query._find (/Users/Sergio/Desktop/BarberApp/barber-app-backend/node_modules/mongoose/lib/query.js:2352:8)\n' +
    '    at model.Query.exec (/Users/Sergio/Desktop/BarberApp/barber-app-backend/node_modules/mongoose/lib/query.js:4548:80)\n' +
    '    at process.processTicksAndRejections (node:internal/process/task_queues:105:5)\n' +
    '    at async getReviewsByBarber (/Users/Sergio/Desktop/BarberApp/barber-app-backend/src/controllers/reviewController.js:35:25)',
  statusCode: 500,
  url: '/api/reviews/barber/stats',
  method: 'GET',
  userId: undefined,
  level: 'error',
  timestamp: '2025-10-01 15:32:16'
}
{
  service: 'barber-app-backend',
  method: 'GET',
  url: '/api/reviews/barber/stats',
  status: 500,
  duration: '3ms',
  ip: '::1',
  userAgent: 'Mozilla/5.0 (Macintosh; Intel Mac OS X 10_15_7) AppleWebKit/537.36 (KHTML, like Gecko) Chrome/140.0.0.0 Safari/537.36',
  level: 'error',
  message: 'Request Error',
  timestamp: '2025-10-01 15:32:16'
}
{
  service: 'barber-app-backend',
  method: 'GET',
  url: '/api/reviews/barber',
  status: 404,
  duration: '0ms',
  ip: '::1',
  userAgent: 'Mozilla/5.0 (Macintosh; Intel Mac OS X 10_15_7) AppleWebKit/537.36 (KHTML, like Gecko) Chrome/140.0.0.0 Safari/537.36',
  level: 'error',
  message: 'Request Error',
  timestamp: '2025-10-01 15:32:16'
}
{
  service: 'barber-app-backend',
  message: 'Application Error Error al obtener reseñas',
  stack: 'CastError: Cast to ObjectId failed for value "stats" (type string) at path "barber" for model "Review"\n' +
    '    at SchemaObjectId.cast (/Users/Sergio/Desktop/BarberApp/barber-app-backend/node_modules/mongoose/lib/schema/objectId.js:251:11)\n' +
    '    at SchemaType.applySetters (/Users/Sergio/Desktop/BarberApp/barber-app-backend/node_modules/mongoose/lib/schemaType.js:1255:12)\n' +
    '    at SchemaType.castForQuery (/Users/Sergio/Desktop/BarberApp/barber-app-backend/node_modules/mongoose/lib/schemaType.js:1673:17)\n' +
    '    at cast (/Users/Sergio/Desktop/BarberApp/barber-app-backend/node_modules/mongoose/lib/cast.js:390:32)\n' +
    '    at Query.cast (/Users/Sergio/Desktop/BarberApp/barber-app-backend/node_modules/mongoose/lib/query.js:4999:12)\n' +
    '    at Query._castConditions (/Users/Sergio/Desktop/BarberApp/barber-app-backend/node_modules/mongoose/lib/query.js:2325:10)\n' +
    '    at model.Query._find (/Users/Sergio/Desktop/BarberApp/barber-app-backend/node_modules/mongoose/lib/query.js:2352:8)\n' +
    '    at model.Query.exec (/Users/Sergio/Desktop/BarberApp/barber-app-backend/node_modules/mongoose/lib/query.js:4548:80)\n' +
    '    at process.processTicksAndRejections (node:internal/process/task_queues:105:5)\n' +
    '    at async getReviewsByBarber (/Users/Sergio/Desktop/BarberApp/barber-app-backend/src/controllers/reviewController.js:35:25)',
  statusCode: 500,
  url: '/api/reviews/barber/stats',
  method: 'GET',
  userId: undefined,
  level: 'error',
  timestamp: '2025-10-01 15:32:17'
}
{
  service: 'barber-app-backend',
  method: 'GET',
  url: '/api/reviews/barber/stats',
  status: 500,
  duration: '1ms',
  ip: '::1',
  userAgent: 'Mozilla/5.0 (Macintosh; Intel Mac OS X 10_15_7) AppleWebKit/537.36 (KHTML, like Gecko) Chrome/140.0.0.0 Safari/537.36',
  level: 'error',
  message: 'Request Error',
  timestamp: '2025-10-01 15:32:17'
}
{
  service: 'barber-app-backend',
  method: 'GET',
  url: '/api/reviews/barber',
  status: 404,
  duration: '0ms',
  ip: '::1',
  userAgent: 'Mozilla/5.0 (Macintosh; Intel Mac OS X 10_15_7) AppleWebKit/537.36 (KHTML, like Gecko) Chrome/140.0.0.0 Safari/537.36',
  level: 'error',
  message: 'Request Error',
  timestamp: '2025-10-01 15:32:17'
}
{
  service: 'barber-app-backend',
  method: 'GET',
  url: '/api/reviews/barber',
  status: 404,
  duration: '2ms',
  ip: '::1',
  userAgent: 'Mozilla/5.0 (Macintosh; Intel Mac OS X 10_15_7) AppleWebKit/537.36 (KHTML, like Gecko) Chrome/140.0.0.0 Safari/537.36',
  level: 'error',
  message: 'Request Error',
  timestamp: '2025-10-01 15:32:19'
}
{
  service: 'barber-app-backend',
  message: 'Application Error Error al obtener reseñas',
  stack: 'CastError: Cast to ObjectId failed for value "stats" (type string) at path "barber" for model "Review"\n' +
    '    at SchemaObjectId.cast (/Users/Sergio/Desktop/BarberApp/barber-app-backend/node_modules/mongoose/lib/schema/objectId.js:251:11)\n' +
    '    at SchemaType.applySetters (/Users/Sergio/Desktop/BarberApp/barber-app-backend/node_modules/mongoose/lib/schemaType.js:1255:12)\n' +
    '    at SchemaType.castForQuery (/Users/Sergio/Desktop/BarberApp/barber-app-backend/node_modules/mongoose/lib/schemaType.js:1673:17)\n' +
    '    at cast (/Users/Sergio/Desktop/BarberApp/barber-app-backend/node_modules/mongoose/lib/cast.js:390:32)\n' +
    '    at Query.cast (/Users/Sergio/Desktop/BarberApp/barber-app-backend/node_modules/mongoose/lib/query.js:4999:12)\n' +
    '    at Query._castConditions (/Users/Sergio/Desktop/BarberApp/barber-app-backend/node_modules/mongoose/lib/query.js:2325:10)\n' +
    '    at model.Query._find (/Users/Sergio/Desktop/BarberApp/barber-app-backend/node_modules/mongoose/lib/query.js:2352:8)\n' +
    '    at model.Query.exec (/Users/Sergio/Desktop/BarberApp/barber-app-backend/node_modules/mongoose/lib/query.js:4548:80)\n' +
    '    at process.processTicksAndRejections (node:internal/process/task_queues:105:5)\n' +
    '    at async getReviewsByBarber (/Users/Sergio/Desktop/BarberApp/barber-app-backend/src/controllers/reviewController.js:35:25)',
  statusCode: 500,
  url: '/api/reviews/barber/stats',
  method: 'GET',
  userId: undefined,
  level: 'error',
  timestamp: '2025-10-01 15:32:19'
}
{
  service: 'barber-app-backend',
  method: 'GET',
  url: '/api/reviews/barber/stats',
  status: 500,
  duration: '1ms',
  ip: '::1',
  userAgent: 'Mozilla/5.0 (Macintosh; Intel Mac OS X 10_15_7) AppleWebKit/537.36 (KHTML, like Gecko) Chrome/140.0.0.0 Safari/537.36',
  level: 'error',
  message: 'Request Error',
  timestamp: '2025-10-01 15:32:19'
}
{
  service: 'barber-app-backend',
  method: 'GET',
  url: '/api/reviews/barber',
  status: 404,
  duration: '1ms',
  ip: '::1',
  userAgent: 'Mozilla/5.0 (Macintosh; Intel Mac OS X 10_15_7) AppleWebKit/537.36 (KHTML, like Gecko) Chrome/140.0.0.0 Safari/537.36',
  level: 'error',
  message: 'Request Error',
  timestamp: '2025-10-01 15:32:20'
}
{
  service: 'barber-app-backend',
  message: 'Application Error Error al obtener reseñas',
  stack: 'CastError: Cast to ObjectId failed for value "stats" (type string) at path "barber" for model "Review"\n' +
    '    at SchemaObjectId.cast (/Users/Sergio/Desktop/BarberApp/barber-app-backend/node_modules/mongoose/lib/schema/objectId.js:251:11)\n' +
    '    at SchemaType.applySetters (/Users/Sergio/Desktop/BarberApp/barber-app-backend/node_modules/mongoose/lib/schemaType.js:1255:12)\n' +
    '    at SchemaType.castForQuery (/Users/Sergio/Desktop/BarberApp/barber-app-backend/node_modules/mongoose/lib/schemaType.js:1673:17)\n' +
    '    at cast (/Users/Sergio/Desktop/BarberApp/barber-app-backend/node_modules/mongoose/lib/cast.js:390:32)\n' +
    '    at Query.cast (/Users/Sergio/Desktop/BarberApp/barber-app-backend/node_modules/mongoose/lib/query.js:4999:12)\n' +
    '    at Query._castConditions (/Users/Sergio/Desktop/BarberApp/barber-app-backend/node_modules/mongoose/lib/query.js:2325:10)\n' +
    '    at model.Query._find (/Users/Sergio/Desktop/BarberApp/barber-app-backend/node_modules/mongoose/lib/query.js:2352:8)\n' +
    '    at model.Query.exec (/Users/Sergio/Desktop/BarberApp/barber-app-backend/node_modules/mongoose/lib/query.js:4548:80)\n' +
    '    at process.processTicksAndRejections (node:internal/process/task_queues:105:5)\n' +
    '    at async getReviewsByBarber (/Users/Sergio/Desktop/BarberApp/barber-app-backend/src/controllers/reviewController.js:35:25)',
  statusCode: 500,
  url: '/api/reviews/barber/stats',
  method: 'GET',
  userId: undefined,
  level: 'error',
  timestamp: '2025-10-01 15:32:20'
}
{
  service: 'barber-app-backend',
  method: 'GET',
  url: '/api/reviews/barber/stats',
  status: 500,
  duration: '2ms',
  ip: '::1',
  userAgent: 'Mozilla/5.0 (Macintosh; Intel Mac OS X 10_15_7) AppleWebKit/537.36 (KHTML, like Gecko) Chrome/140.0.0.0 Safari/537.36',
  level: 'error',
  message: 'Request Error',
  timestamp: '2025-10-01 15:32:20'
}
{
  service: 'barber-app-backend',
  method: 'GET',
  url: '/api/reviews/barber',
  status: 404,
  duration: '1ms',
  ip: '::1',
  userAgent: 'Mozilla/5.0 (Macintosh; Intel Mac OS X 10_15_7) AppleWebKit/537.36 (KHTML, like Gecko) Chrome/140.0.0.0 Safari/537.36',
  level: 'error',
  message: 'Request Error',
  timestamp: '2025-10-01 15:32:21'
}
{
  service: 'barber-app-backend',
  message: 'Application Error Error al obtener reseñas',
  stack: 'CastError: Cast to ObjectId failed for value "stats" (type string) at path "barber" for model "Review"\n' +
    '    at SchemaObjectId.cast (/Users/Sergio/Desktop/BarberApp/barber-app-backend/node_modules/mongoose/lib/schema/objectId.js:251:11)\n' +
    '    at SchemaType.applySetters (/Users/Sergio/Desktop/BarberApp/barber-app-backend/node_modules/mongoose/lib/schemaType.js:1255:12)\n' +
    '    at SchemaType.castForQuery (/Users/Sergio/Desktop/BarberApp/barber-app-backend/node_modules/mongoose/lib/schemaType.js:1673:17)\n' +
    '    at cast (/Users/Sergio/Desktop/BarberApp/barber-app-backend/node_modules/mongoose/lib/cast.js:390:32)\n' +
    '    at Query.cast (/Users/Sergio/Desktop/BarberApp/barber-app-backend/node_modules/mongoose/lib/query.js:4999:12)\n' +
    '    at Query._castConditions (/Users/Sergio/Desktop/BarberApp/barber-app-backend/node_modules/mongoose/lib/query.js:2325:10)\n' +
    '    at model.Query._find (/Users/Sergio/Desktop/BarberApp/barber-app-backend/node_modules/mongoose/lib/query.js:2352:8)\n' +
    '    at model.Query.exec (/Users/Sergio/Desktop/BarberApp/barber-app-backend/node_modules/mongoose/lib/query.js:4548:80)\n' +
    '    at process.processTicksAndRejections (node:internal/process/task_queues:105:5)\n' +
    '    at async getReviewsByBarber (/Users/Sergio/Desktop/BarberApp/barber-app-backend/src/controllers/reviewController.js:35:25)',
  statusCode: 500,
  url: '/api/reviews/barber/stats',
  method: 'GET',
  userId: undefined,
  level: 'error',
  timestamp: '2025-10-01 15:32:21'
}
{
  service: 'barber-app-backend',
  method: 'GET',
  url: '/api/reviews/barber/stats',
  status: 500,
  duration: '1ms',
  ip: '::1',
  userAgent: 'Mozilla/5.0 (Macintosh; Intel Mac OS X 10_15_7) AppleWebKit/537.36 (KHTML, like Gecko) Chrome/140.0.0.0 Safari/537.36',
  level: 'error',
  message: 'Request Error',
  timestamp: '2025-10-01 15:32:21'
}
{
  service: 'barber-app-backend',
  method: 'GET',
  url: '/api/reviews/barber',
  status: 404,
  duration: '1ms',
  ip: '::1',
  userAgent: 'Mozilla/5.0 (Macintosh; Intel Mac OS X 10_15_7) AppleWebKit/537.36 (KHTML, like Gecko) Chrome/140.0.0.0 Safari/537.36',
  level: 'error',
  message: 'Request Error',
  timestamp: '2025-10-01 15:32:23'
}
{
  service: 'barber-app-backend',
  message: 'Application Error Error al obtener reseñas',
  stack: 'CastError: Cast to ObjectId failed for value "stats" (type string) at path "barber" for model "Review"\n' +
    '    at SchemaObjectId.cast (/Users/Sergio/Desktop/BarberApp/barber-app-backend/node_modules/mongoose/lib/schema/objectId.js:251:11)\n' +
    '    at SchemaType.applySetters (/Users/Sergio/Desktop/BarberApp/barber-app-backend/node_modules/mongoose/lib/schemaType.js:1255:12)\n' +
    '    at SchemaType.castForQuery (/Users/Sergio/Desktop/BarberApp/barber-app-backend/node_modules/mongoose/lib/schemaType.js:1673:17)\n' +
    '    at cast (/Users/Sergio/Desktop/BarberApp/barber-app-backend/node_modules/mongoose/lib/cast.js:390:32)\n' +
    '    at Query.cast (/Users/Sergio/Desktop/BarberApp/barber-app-backend/node_modules/mongoose/lib/query.js:4999:12)\n' +
    '    at Query._castConditions (/Users/Sergio/Desktop/BarberApp/barber-app-backend/node_modules/mongoose/lib/query.js:2325:10)\n' +
    '    at model.Query._find (/Users/Sergio/Desktop/BarberApp/barber-app-backend/node_modules/mongoose/lib/query.js:2352:8)\n' +
    '    at model.Query.exec (/Users/Sergio/Desktop/BarberApp/barber-app-backend/node_modules/mongoose/lib/query.js:4548:80)\n' +
    '    at process.processTicksAndRejections (node:internal/process/task_queues:105:5)\n' +
    '    at async getReviewsByBarber (/Users/Sergio/Desktop/BarberApp/barber-app-backend/src/controllers/reviewController.js:35:25)',
  statusCode: 500,
  url: '/api/reviews/barber/stats',
  method: 'GET',
  userId: undefined,
  level: 'error',
  timestamp: '2025-10-01 15:32:23'
}
{
  service: 'barber-app-backend',
  method: 'GET',
  url: '/api/reviews/barber/stats',
  status: 500,
  duration: '1ms',
  ip: '::1',
  userAgent: 'Mozilla/5.0 (Macintosh; Intel Mac OS X 10_15_7) AppleWebKit/537.36 (KHTML, like Gecko) Chrome/140.0.0.0 Safari/537.36',
  level: 'error',
  message: 'Request Error',
  timestamp: '2025-10-01 15:32:23'
}
{
  service: 'barber-app-backend',
  method: 'GET',
  url: '/api/bookings/barber/stats?date=2025-10-01',
  status: 404,
  duration: '1ms',
  ip: '::1',
  userAgent: 'Mozilla/5.0 (Macintosh; Intel Mac OS X 10_15_7) AppleWebKit/537.36 (KHTML, like Gecko) Chrome/140.0.0.0 Safari/537.36',
  level: 'error',
  message: 'Request Error',
  timestamp: '2025-10-01 15:33:01'
}
{
  service: 'barber-app-backend',
  method: 'GET',
  url: '/api/bookings/barber/stats?date=2025-10-01&type=week',
  status: 404,
  duration: '1ms',
  ip: '::1',
  userAgent: 'Mozilla/5.0 (Macintosh; Intel Mac OS X 10_15_7) AppleWebKit/537.36 (KHTML, like Gecko) Chrome/140.0.0.0 Safari/537.36',
  level: 'error',
  message: 'Request Error',
  timestamp: '2025-10-01 15:33:01'
}
{
  service: 'barber-app-backend',
  method: 'GET',
  url: '/api/bookings/barber/stats?date=2025-10-01',
  status: 404,
  duration: '1ms',
  ip: '::1',
  userAgent: 'Mozilla/5.0 (Macintosh; Intel Mac OS X 10_15_7) AppleWebKit/537.36 (KHTML, like Gecko) Chrome/140.0.0.0 Safari/537.36',
  level: 'error',
  message: 'Request Error',
  timestamp: '2025-10-01 15:33:02'
}
{
  service: 'barber-app-backend',
  method: 'GET',
  url: '/api/bookings/barber/stats?date=2025-10-01&type=week',
  status: 404,
  duration: '0ms',
  ip: '::1',
  userAgent: 'Mozilla/5.0 (Macintosh; Intel Mac OS X 10_15_7) AppleWebKit/537.36 (KHTML, like Gecko) Chrome/140.0.0.0 Safari/537.36',
  level: 'error',
  message: 'Request Error',
  timestamp: '2025-10-01 15:33:02'
}
{
  service: 'barber-app-backend',
  method: 'GET',
  url: '/api/bookings/barber/stats?date=2025-10-01',
  status: 404,
  duration: '2ms',
  ip: '::1',
  userAgent: 'Mozilla/5.0 (Macintosh; Intel Mac OS X 10_15_7) AppleWebKit/537.36 (KHTML, like Gecko) Chrome/140.0.0.0 Safari/537.36',
  level: 'error',
  message: 'Request Error',
  timestamp: '2025-10-01 15:33:04'
}
{
  service: 'barber-app-backend',
  method: 'GET',
  url: '/api/bookings/barber/stats?date=2025-10-01&type=week',
  status: 404,
  duration: '1ms',
  ip: '::1',
  userAgent: 'Mozilla/5.0 (Macintosh; Intel Mac OS X 10_15_7) AppleWebKit/537.36 (KHTML, like Gecko) Chrome/140.0.0.0 Safari/537.36',
  level: 'error',
  message: 'Request Error',
  timestamp: '2025-10-01 15:33:04'
}
{
  service: 'barber-app-backend',
  method: 'GET',
  url: '/api/clients/barber',
  status: 404,
  duration: '1ms',
  ip: '::1',
  userAgent: 'Mozilla/5.0 (Macintosh; Intel Mac OS X 10_15_7) AppleWebKit/537.36 (KHTML, like Gecko) Chrome/140.0.0.0 Safari/537.36',
  level: 'error',
  message: 'Request Error',
  timestamp: '2025-10-01 15:33:05'
}
{
  service: 'barber-app-backend',
  method: 'GET',
  url: '/api/clients/barber',
  status: 404,
  duration: '2ms',
  ip: '::1',
  userAgent: 'Mozilla/5.0 (Macintosh; Intel Mac OS X 10_15_7) AppleWebKit/537.36 (KHTML, like Gecko) Chrome/140.0.0.0 Safari/537.36',
  level: 'error',
  message: 'Request Error',
  timestamp: '2025-10-01 15:33:06'
}
{
  service: 'barber-app-backend',
  method: 'GET',
  url: '/api/clients/barber',
  status: 404,
  duration: '2ms',
  ip: '::1',
  userAgent: 'Mozilla/5.0 (Macintosh; Intel Mac OS X 10_15_7) AppleWebKit/537.36 (KHTML, like Gecko) Chrome/140.0.0.0 Safari/537.36',
  level: 'error',
  message: 'Request Error',
  timestamp: '2025-10-01 15:33:08'
}
{
  service: 'barber-app-backend',
  method: 'GET',
  url: '/api/reviews/barber',
  status: 404,
  duration: '0ms',
  ip: '::1',
  userAgent: 'Mozilla/5.0 (Macintosh; Intel Mac OS X 10_15_7) AppleWebKit/537.36 (KHTML, like Gecko) Chrome/140.0.0.0 Safari/537.36',
  level: 'error',
  message: 'Request Error',
  timestamp: '2025-10-01 15:33:14'
}
{
  service: 'barber-app-backend',
  message: 'Application Error Error al obtener reseñas',
  stack: 'CastError: Cast to ObjectId failed for value "stats" (type string) at path "barber" for model "Review"\n' +
    '    at SchemaObjectId.cast (/Users/Sergio/Desktop/BarberApp/barber-app-backend/node_modules/mongoose/lib/schema/objectId.js:251:11)\n' +
    '    at SchemaType.applySetters (/Users/Sergio/Desktop/BarberApp/barber-app-backend/node_modules/mongoose/lib/schemaType.js:1255:12)\n' +
    '    at SchemaType.castForQuery (/Users/Sergio/Desktop/BarberApp/barber-app-backend/node_modules/mongoose/lib/schemaType.js:1673:17)\n' +
    '    at cast (/Users/Sergio/Desktop/BarberApp/barber-app-backend/node_modules/mongoose/lib/cast.js:390:32)\n' +
    '    at Query.cast (/Users/Sergio/Desktop/BarberApp/barber-app-backend/node_modules/mongoose/lib/query.js:4999:12)\n' +
    '    at Query._castConditions (/Users/Sergio/Desktop/BarberApp/barber-app-backend/node_modules/mongoose/lib/query.js:2325:10)\n' +
    '    at model.Query._find (/Users/Sergio/Desktop/BarberApp/barber-app-backend/node_modules/mongoose/lib/query.js:2352:8)\n' +
    '    at model.Query.exec (/Users/Sergio/Desktop/BarberApp/barber-app-backend/node_modules/mongoose/lib/query.js:4548:80)\n' +
    '    at process.processTicksAndRejections (node:internal/process/task_queues:105:5)\n' +
    '    at async getReviewsByBarber (/Users/Sergio/Desktop/BarberApp/barber-app-backend/src/controllers/reviewController.js:35:25)',
  statusCode: 500,
  url: '/api/reviews/barber/stats',
  method: 'GET',
  userId: undefined,
  level: 'error',
  timestamp: '2025-10-01 15:33:14'
}
{
  service: 'barber-app-backend',
  method: 'GET',
  url: '/api/reviews/barber/stats',
  status: 500,
  duration: '2ms',
  ip: '::1',
  userAgent: 'Mozilla/5.0 (Macintosh; Intel Mac OS X 10_15_7) AppleWebKit/537.36 (KHTML, like Gecko) Chrome/140.0.0.0 Safari/537.36',
  level: 'error',
  message: 'Request Error',
  timestamp: '2025-10-01 15:33:14'
}
{
  service: 'barber-app-backend',
  method: 'GET',
  url: '/api/reviews/barber',
  status: 404,
  duration: '2ms',
  ip: '::1',
  userAgent: 'Mozilla/5.0 (Macintosh; Intel Mac OS X 10_15_7) AppleWebKit/537.36 (KHTML, like Gecko) Chrome/140.0.0.0 Safari/537.36',
  level: 'error',
  message: 'Request Error',
  timestamp: '2025-10-01 15:33:15'
}
{
  service: 'barber-app-backend',
  message: 'Application Error Error al obtener reseñas',
  stack: 'CastError: Cast to ObjectId failed for value "stats" (type string) at path "barber" for model "Review"\n' +
    '    at SchemaObjectId.cast (/Users/Sergio/Desktop/BarberApp/barber-app-backend/node_modules/mongoose/lib/schema/objectId.js:251:11)\n' +
    '    at SchemaType.applySetters (/Users/Sergio/Desktop/BarberApp/barber-app-backend/node_modules/mongoose/lib/schemaType.js:1255:12)\n' +
    '    at SchemaType.castForQuery (/Users/Sergio/Desktop/BarberApp/barber-app-backend/node_modules/mongoose/lib/schemaType.js:1673:17)\n' +
    '    at cast (/Users/Sergio/Desktop/BarberApp/barber-app-backend/node_modules/mongoose/lib/cast.js:390:32)\n' +
    '    at Query.cast (/Users/Sergio/Desktop/BarberApp/barber-app-backend/node_modules/mongoose/lib/query.js:4999:12)\n' +
    '    at Query._castConditions (/Users/Sergio/Desktop/BarberApp/barber-app-backend/node_modules/mongoose/lib/query.js:2325:10)\n' +
    '    at model.Query._find (/Users/Sergio/Desktop/BarberApp/barber-app-backend/node_modules/mongoose/lib/query.js:2352:8)\n' +
    '    at model.Query.exec (/Users/Sergio/Desktop/BarberApp/barber-app-backend/node_modules/mongoose/lib/query.js:4548:80)\n' +
    '    at process.processTicksAndRejections (node:internal/process/task_queues:105:5)\n' +
    '    at async getReviewsByBarber (/Users/Sergio/Desktop/BarberApp/barber-app-backend/src/controllers/reviewController.js:35:25)',
  statusCode: 500,
  url: '/api/reviews/barber/stats',
  method: 'GET',
  userId: undefined,
  level: 'error',
  timestamp: '2025-10-01 15:33:15'
}
{
  service: 'barber-app-backend',
  method: 'GET',
  url: '/api/reviews/barber/stats',
  status: 500,
  duration: '0ms',
  ip: '::1',
  userAgent: 'Mozilla/5.0 (Macintosh; Intel Mac OS X 10_15_7) AppleWebKit/537.36 (KHTML, like Gecko) Chrome/140.0.0.0 Safari/537.36',
  level: 'error',
  message: 'Request Error',
  timestamp: '2025-10-01 15:33:15'
}
{
  service: 'barber-app-backend',
  method: 'GET',
  url: '/api/reviews/barber',
  status: 404,
  duration: '2ms',
  ip: '::1',
  userAgent: 'Mozilla/5.0 (Macintosh; Intel Mac OS X 10_15_7) AppleWebKit/537.36 (KHTML, like Gecko) Chrome/140.0.0.0 Safari/537.36',
  level: 'error',
  message: 'Request Error',
  timestamp: '2025-10-01 15:33:17'
}
{
  service: 'barber-app-backend',
  message: 'Application Error Error al obtener reseñas',
  stack: 'CastError: Cast to ObjectId failed for value "stats" (type string) at path "barber" for model "Review"\n' +
    '    at SchemaObjectId.cast (/Users/Sergio/Desktop/BarberApp/barber-app-backend/node_modules/mongoose/lib/schema/objectId.js:251:11)\n' +
    '    at SchemaType.applySetters (/Users/Sergio/Desktop/BarberApp/barber-app-backend/node_modules/mongoose/lib/schemaType.js:1255:12)\n' +
    '    at SchemaType.castForQuery (/Users/Sergio/Desktop/BarberApp/barber-app-backend/node_modules/mongoose/lib/schemaType.js:1673:17)\n' +
    '    at cast (/Users/Sergio/Desktop/BarberApp/barber-app-backend/node_modules/mongoose/lib/cast.js:390:32)\n' +
    '    at Query.cast (/Users/Sergio/Desktop/BarberApp/barber-app-backend/node_modules/mongoose/lib/query.js:4999:12)\n' +
    '    at Query._castConditions (/Users/Sergio/Desktop/BarberApp/barber-app-backend/node_modules/mongoose/lib/query.js:2325:10)\n' +
    '    at model.Query._find (/Users/Sergio/Desktop/BarberApp/barber-app-backend/node_modules/mongoose/lib/query.js:2352:8)\n' +
    '    at model.Query.exec (/Users/Sergio/Desktop/BarberApp/barber-app-backend/node_modules/mongoose/lib/query.js:4548:80)\n' +
    '    at process.processTicksAndRejections (node:internal/process/task_queues:105:5)\n' +
    '    at async getReviewsByBarber (/Users/Sergio/Desktop/BarberApp/barber-app-backend/src/controllers/reviewController.js:35:25)',
  statusCode: 500,
  url: '/api/reviews/barber/stats',
  method: 'GET',
  userId: undefined,
  level: 'error',
  timestamp: '2025-10-01 15:33:17'
}
{
  service: 'barber-app-backend',
  method: 'GET',
  url: '/api/reviews/barber/stats',
  status: 500,
  duration: '1ms',
  ip: '::1',
  userAgent: 'Mozilla/5.0 (Macintosh; Intel Mac OS X 10_15_7) AppleWebKit/537.36 (KHTML, like Gecko) Chrome/140.0.0.0 Safari/537.36',
  level: 'error',
  message: 'Request Error',
  timestamp: '2025-10-01 15:33:17'
}
{
  service: 'barber-app-backend',
  method: 'GET',
  url: '/api/users/profile',
  status: 404,
  duration: '2ms',
  ip: '::1',
  userAgent: 'Mozilla/5.0 (Macintosh; Intel Mac OS X 10_15_7) AppleWebKit/537.36 (KHTML, like Gecko) Chrome/140.0.0.0 Safari/537.36',
  level: 'error',
  message: 'Request Error',
  timestamp: '2025-10-01 15:33:19'
}
{
  service: 'barber-app-backend',
  method: 'GET',
  url: '/api/users/profile',
  status: 404,
  duration: '2ms',
  ip: '::1',
  userAgent: 'Mozilla/5.0 (Macintosh; Intel Mac OS X 10_15_7) AppleWebKit/537.36 (KHTML, like Gecko) Chrome/140.0.0.0 Safari/537.36',
  level: 'error',
  message: 'Request Error',
  timestamp: '2025-10-01 15:33:20'
}
{
  service: 'barber-app-backend',
  method: 'GET',
  url: '/api/users/profile',
  status: 404,
  duration: '1ms',
  ip: '::1',
  userAgent: 'Mozilla/5.0 (Macintosh; Intel Mac OS X 10_15_7) AppleWebKit/537.36 (KHTML, like Gecko) Chrome/140.0.0.0 Safari/537.36',
  level: 'error',
  message: 'Request Error',
  timestamp: '2025-10-01 15:33:22'
}
{
  service: 'barber-app-backend',
  method: 'GET',
  url: '/api/users/profile',
  status: 404,
  duration: '2ms',
  ip: '::1',
  userAgent: 'Mozilla/5.0 (Macintosh; Intel Mac OS X 10_15_7) AppleWebKit/537.36 (KHTML, like Gecko) Chrome/140.0.0.0 Safari/537.36',
  level: 'error',
  message: 'Request Error',
  timestamp: '2025-10-01 15:36:34'
}
{
  service: 'barber-app-backend',
  method: 'GET',
  url: '/api/users/profile',
  status: 404,
  duration: '1ms',
  ip: '::1',
  userAgent: 'Mozilla/5.0 (Macintosh; Intel Mac OS X 10_15_7) AppleWebKit/537.36 (KHTML, like Gecko) Chrome/140.0.0.0 Safari/537.36',
  level: 'error',
  message: 'Request Error',
  timestamp: '2025-10-01 15:36:34'
}
{
  service: 'barber-app-backend',
  method: 'GET',
  url: '/api/users/profile',
  status: 404,
  duration: '2ms',
  ip: '::1',
  userAgent: 'Mozilla/5.0 (Macintosh; Intel Mac OS X 10_15_7) AppleWebKit/537.36 (KHTML, like Gecko) Chrome/140.0.0.0 Safari/537.36',
  level: 'error',
  message: 'Request Error',
  timestamp: '2025-10-01 15:36:34'
}
{
  service: 'barber-app-backend',
  method: 'GET',
  url: '/api/users/profile',
  status: 404,
  duration: '3ms',
  ip: '::1',
  userAgent: 'Mozilla/5.0 (Macintosh; Intel Mac OS X 10_15_7) AppleWebKit/537.36 (KHTML, like Gecko) Chrome/140.0.0.0 Safari/537.36',
  level: 'error',
  message: 'Request Error',
  timestamp: '2025-10-01 15:36:35'
}
{
  service: 'barber-app-backend',
  method: 'PATCH',
  url: '/api/bookings/68dc099887d370143141941a',
  status: 400,
  duration: '141ms',
  ip: '::1',
  userAgent: 'Mozilla/5.0 (Macintosh; Intel Mac OS X 10_15_7) AppleWebKit/537.36 (KHTML, like Gecko) Chrome/140.0.0.0 Safari/537.36',
  userId: '68dc02d6470d4c12e447aab5',
  userRole: 'barber',
  level: 'error',
  message: 'Request Error',
  timestamp: '2025-10-01 15:41:42'
}
{
  service: 'barber-app-backend',
  method: 'PATCH',
  url: '/api/bookings/68dc099887d370143141941a',
  status: 400,
  duration: '153ms',
  ip: '::1',
  userAgent: 'Mozilla/5.0 (Macintosh; Intel Mac OS X 10_15_7) AppleWebKit/537.36 (KHTML, like Gecko) Chrome/140.0.0.0 Safari/537.36',
  userId: '68dc02d6470d4c12e447aab5',
  userRole: 'barber',
  level: 'error',
  message: 'Request Error',
  timestamp: '2025-10-01 15:41:43'
}
{
  service: 'barber-app-backend',
  method: 'PATCH',
  url: '/api/bookings/68dc099887d370143141941a',
  status: 400,
  duration: '151ms',
  ip: '::1',
  userAgent: 'Mozilla/5.0 (Macintosh; Intel Mac OS X 10_15_7) AppleWebKit/537.36 (KHTML, like Gecko) Chrome/140.0.0.0 Safari/537.36',
  userId: '68dc02d6470d4c12e447aab5',
  userRole: 'barber',
  level: 'error',
  message: 'Request Error',
  timestamp: '2025-10-01 15:41:48'
}
{
  service: 'barber-app-backend',
  method: 'PATCH',
  url: '/api/bookings/68dc099887d370143141941a',
  status: 400,
  duration: '150ms',
  ip: '::1',
  userAgent: 'Mozilla/5.0 (Macintosh; Intel Mac OS X 10_15_7) AppleWebKit/537.36 (KHTML, like Gecko) Chrome/140.0.0.0 Safari/537.36',
  userId: '68dc02d6470d4c12e447aab5',
  userRole: 'barber',
  level: 'error',
  message: 'Request Error',
  timestamp: '2025-10-01 15:41:49'
}
{
  service: 'barber-app-backend',
  method: 'PATCH',
  url: '/api/bookings/68dc099887d370143141941a',
  status: 400,
  duration: '148ms',
  ip: '::1',
  userAgent: 'Mozilla/5.0 (Macintosh; Intel Mac OS X 10_15_7) AppleWebKit/537.36 (KHTML, like Gecko) Chrome/140.0.0.0 Safari/537.36',
  userId: '68dc02d6470d4c12e447aab5',
  userRole: 'barber',
  level: 'error',
  message: 'Request Error',
  timestamp: '2025-10-01 15:41:49'
}
{
  service: 'barber-app-backend',
  method: 'PATCH',
  url: '/api/bookings/68dc099887d370143141941a',
  status: 400,
  duration: '156ms',
  ip: '::1',
  userAgent: 'Mozilla/5.0 (Macintosh; Intel Mac OS X 10_15_7) AppleWebKit/537.36 (KHTML, like Gecko) Chrome/140.0.0.0 Safari/537.36',
  userId: '68dc02d6470d4c12e447aab5',
  userRole: 'barber',
  level: 'error',
  message: 'Request Error',
  timestamp: '2025-10-01 15:41:50'
}
{
  service: 'barber-app-backend',
  method: 'PATCH',
  url: '/api/bookings/68dc099887d370143141941a',
  status: 400,
  duration: '146ms',
  ip: '::1',
  userAgent: 'Mozilla/5.0 (Macintosh; Intel Mac OS X 10_15_7) AppleWebKit/537.36 (KHTML, like Gecko) Chrome/140.0.0.0 Safari/537.36',
  userId: '68dc02d6470d4c12e447aab5',
  userRole: 'barber',
  level: 'error',
  message: 'Request Error',
  timestamp: '2025-10-01 15:41:50'
}
{
  service: 'barber-app-backend',
  method: 'PATCH',
  url: '/api/bookings/68dc099887d370143141941a',
  status: 429,
  duration: '2ms',
  ip: '::1',
  userAgent: 'Mozilla/5.0 (Macintosh; Intel Mac OS X 10_15_7) AppleWebKit/537.36 (KHTML, like Gecko) Chrome/140.0.0.0 Safari/537.36',
  level: 'error',
  message: 'Request Error',
  timestamp: '2025-10-01 15:41:51'
}
{
  service: 'barber-app-backend',
  method: 'GET',
  url: '/api/bookings/barber/agenda?date=2025-10-02&type=week',
  status: 429,
  duration: '0ms',
  ip: '::1',
  userAgent: 'Mozilla/5.0 (Macintosh; Intel Mac OS X 10_15_7) AppleWebKit/537.36 (KHTML, like Gecko) Chrome/140.0.0.0 Safari/537.36',
  level: 'error',
  message: 'Request Error',
  timestamp: '2025-10-01 15:42:06'
}
{
  service: 'barber-app-backend',
  method: 'GET',
  url: '/api/bookings/barber/stats?date=2025-10-02&type=week',
  status: 429,
  duration: '0ms',
  ip: '::1',
  userAgent: 'Mozilla/5.0 (Macintosh; Intel Mac OS X 10_15_7) AppleWebKit/537.36 (KHTML, like Gecko) Chrome/140.0.0.0 Safari/537.36',
  level: 'error',
  message: 'Request Error',
  timestamp: '2025-10-01 15:42:06'
}
{
  service: 'barber-app-backend',
  method: 'GET',
  url: '/api/bookings/barber/stats?date=2025-10-01',
  status: 429,
  duration: '0ms',
  ip: '::1',
  userAgent: 'Mozilla/5.0 (Macintosh; Intel Mac OS X 10_15_7) AppleWebKit/537.36 (KHTML, like Gecko) Chrome/140.0.0.0 Safari/537.36',
  level: 'error',
  message: 'Request Error',
  timestamp: '2025-10-01 15:42:06'
}
{
  service: 'barber-app-backend',
  method: 'GET',
  url: '/api/bookings/barber/agenda?date=2025-10-02&type=week',
  status: 429,
  duration: '1ms',
  ip: '::1',
  userAgent: 'Mozilla/5.0 (Macintosh; Intel Mac OS X 10_15_7) AppleWebKit/537.36 (KHTML, like Gecko) Chrome/140.0.0.0 Safari/537.36',
  level: 'error',
  message: 'Request Error',
  timestamp: '2025-10-01 15:42:07'
}
{
  service: 'barber-app-backend',
  method: 'GET',
  url: '/api/bookings/barber/stats?date=2025-10-02&type=week',
  status: 429,
  duration: '1ms',
  ip: '::1',
  userAgent: 'Mozilla/5.0 (Macintosh; Intel Mac OS X 10_15_7) AppleWebKit/537.36 (KHTML, like Gecko) Chrome/140.0.0.0 Safari/537.36',
  level: 'error',
  message: 'Request Error',
  timestamp: '2025-10-01 15:42:07'
}
{
  service: 'barber-app-backend',
  method: 'GET',
  url: '/api/bookings/barber/stats?date=2025-10-01',
  status: 429,
  duration: '0ms',
  ip: '::1',
  userAgent: 'Mozilla/5.0 (Macintosh; Intel Mac OS X 10_15_7) AppleWebKit/537.36 (KHTML, like Gecko) Chrome/140.0.0.0 Safari/537.36',
  level: 'error',
  message: 'Request Error',
  timestamp: '2025-10-01 15:42:07'
}
{
  service: 'barber-app-backend',
  method: 'GET',
  url: '/api/bookings/barber/agenda?date=2025-10-02&type=week',
  status: 429,
  duration: '1ms',
  ip: '::1',
  userAgent: 'Mozilla/5.0 (Macintosh; Intel Mac OS X 10_15_7) AppleWebKit/537.36 (KHTML, like Gecko) Chrome/140.0.0.0 Safari/537.36',
  level: 'error',
  message: 'Request Error',
  timestamp: '2025-10-01 15:42:09'
}
{
  service: 'barber-app-backend',
  method: 'GET',
  url: '/api/bookings/barber/stats?date=2025-10-01',
  status: 429,
  duration: '0ms',
  ip: '::1',
  userAgent: 'Mozilla/5.0 (Macintosh; Intel Mac OS X 10_15_7) AppleWebKit/537.36 (KHTML, like Gecko) Chrome/140.0.0.0 Safari/537.36',
  level: 'error',
  message: 'Request Error',
  timestamp: '2025-10-01 15:42:09'
}
{
  service: 'barber-app-backend',
  method: 'GET',
  url: '/api/bookings/barber/stats?date=2025-10-02&type=week',
  status: 429,
  duration: '1ms',
  ip: '::1',
  userAgent: 'Mozilla/5.0 (Macintosh; Intel Mac OS X 10_15_7) AppleWebKit/537.36 (KHTML, like Gecko) Chrome/140.0.0.0 Safari/537.36',
  level: 'error',
  message: 'Request Error',
  timestamp: '2025-10-01 15:42:09'
}
{
  service: 'barber-app-backend',
  method: 'GET',
  url: '/api/bookings/barber/agenda?date=2025-10-03&type=week',
  status: 429,
  duration: '1ms',
  ip: '::1',
  userAgent: 'Mozilla/5.0 (Macintosh; Intel Mac OS X 10_15_7) AppleWebKit/537.36 (KHTML, like Gecko) Chrome/140.0.0.0 Safari/537.36',
  level: 'error',
  message: 'Request Error',
  timestamp: '2025-10-01 15:42:09'
}
{
  service: 'barber-app-backend',
  method: 'GET',
  url: '/api/bookings/barber/stats?date=2025-10-01',
  status: 429,
  duration: '1ms',
  ip: '::1',
  userAgent: 'Mozilla/5.0 (Macintosh; Intel Mac OS X 10_15_7) AppleWebKit/537.36 (KHTML, like Gecko) Chrome/140.0.0.0 Safari/537.36',
  level: 'error',
  message: 'Request Error',
  timestamp: '2025-10-01 15:42:09'
}
{
  service: 'barber-app-backend',
  method: 'GET',
  url: '/api/bookings/barber/stats?date=2025-10-03&type=week',
  status: 429,
  duration: '0ms',
  ip: '::1',
  userAgent: 'Mozilla/5.0 (Macintosh; Intel Mac OS X 10_15_7) AppleWebKit/537.36 (KHTML, like Gecko) Chrome/140.0.0.0 Safari/537.36',
  level: 'error',
  message: 'Request Error',
  timestamp: '2025-10-01 15:42:09'
}
{
  service: 'barber-app-backend',
  method: 'GET',
  url: '/api/bookings/barber/stats?date=2025-10-01',
  status: 429,
  duration: '4ms',
  ip: '::1',
  userAgent: 'Mozilla/5.0 (Macintosh; Intel Mac OS X 10_15_7) AppleWebKit/537.36 (KHTML, like Gecko) Chrome/140.0.0.0 Safari/537.36',
  level: 'error',
  message: 'Request Error',
  timestamp: '2025-10-01 15:42:10'
}
{
  service: 'barber-app-backend',
  method: 'GET',
  url: '/api/bookings/barber/stats?date=2025-10-03&type=week',
  status: 429,
  duration: '1ms',
  ip: '::1',
  userAgent: 'Mozilla/5.0 (Macintosh; Intel Mac OS X 10_15_7) AppleWebKit/537.36 (KHTML, like Gecko) Chrome/140.0.0.0 Safari/537.36',
  level: 'error',
  message: 'Request Error',
  timestamp: '2025-10-01 15:42:10'
}
{
  service: 'barber-app-backend',
  method: 'GET',
  url: '/api/bookings/barber/agenda?date=2025-10-03&type=week',
  status: 429,
  duration: '1ms',
  ip: '::1',
  userAgent: 'Mozilla/5.0 (Macintosh; Intel Mac OS X 10_15_7) AppleWebKit/537.36 (KHTML, like Gecko) Chrome/140.0.0.0 Safari/537.36',
  level: 'error',
  message: 'Request Error',
  timestamp: '2025-10-01 15:42:10'
}
{
  service: 'barber-app-backend',
  method: 'GET',
  url: '/api/bookings/barber/agenda?date=2025-10-11&type=week',
  status: 429,
  duration: '1ms',
  ip: '::1',
  userAgent: 'Mozilla/5.0 (Macintosh; Intel Mac OS X 10_15_7) AppleWebKit/537.36 (KHTML, like Gecko) Chrome/140.0.0.0 Safari/537.36',
  level: 'error',
  message: 'Request Error',
  timestamp: '2025-10-01 15:42:11'
}
{
  service: 'barber-app-backend',
  method: 'GET',
  url: '/api/bookings/barber/stats?date=2025-10-01',
  status: 429,
  duration: '1ms',
  ip: '::1',
  userAgent: 'Mozilla/5.0 (Macintosh; Intel Mac OS X 10_15_7) AppleWebKit/537.36 (KHTML, like Gecko) Chrome/140.0.0.0 Safari/537.36',
  level: 'error',
  message: 'Request Error',
  timestamp: '2025-10-01 15:42:11'
}
{
  service: 'barber-app-backend',
  method: 'GET',
  url: '/api/bookings/barber/stats?date=2025-10-11&type=week',
  status: 429,
  duration: '0ms',
  ip: '::1',
  userAgent: 'Mozilla/5.0 (Macintosh; Intel Mac OS X 10_15_7) AppleWebKit/537.36 (KHTML, like Gecko) Chrome/140.0.0.0 Safari/537.36',
  level: 'error',
  message: 'Request Error',
  timestamp: '2025-10-01 15:42:11'
}
{
  service: 'barber-app-backend',
  method: 'GET',
  url: '/api/bookings/barber/agenda?date=2025-10-11&type=week',
  status: 429,
  duration: '1ms',
  ip: '::1',
  userAgent: 'Mozilla/5.0 (Macintosh; Intel Mac OS X 10_15_7) AppleWebKit/537.36 (KHTML, like Gecko) Chrome/140.0.0.0 Safari/537.36',
  level: 'error',
  message: 'Request Error',
  timestamp: '2025-10-01 15:42:12'
}
{
  service: 'barber-app-backend',
  method: 'GET',
  url: '/api/bookings/barber/stats?date=2025-10-11&type=week',
  status: 429,
  duration: '0ms',
  ip: '::1',
  userAgent: 'Mozilla/5.0 (Macintosh; Intel Mac OS X 10_15_7) AppleWebKit/537.36 (KHTML, like Gecko) Chrome/140.0.0.0 Safari/537.36',
  level: 'error',
  message: 'Request Error',
  timestamp: '2025-10-01 15:42:12'
}
{
  service: 'barber-app-backend',
  method: 'GET',
  url: '/api/bookings/barber/stats?date=2025-10-01',
  status: 429,
  duration: '0ms',
  ip: '::1',
  userAgent: 'Mozilla/5.0 (Macintosh; Intel Mac OS X 10_15_7) AppleWebKit/537.36 (KHTML, like Gecko) Chrome/140.0.0.0 Safari/537.36',
  level: 'error',
  message: 'Request Error',
  timestamp: '2025-10-01 15:42:12'
}
{
  service: 'barber-app-backend',
  method: 'GET',
  url: '/api/bookings/barber/stats?date=2025-10-01',
  status: 429,
  duration: '2ms',
  ip: '::1',
  userAgent: 'Mozilla/5.0 (Macintosh; Intel Mac OS X 10_15_7) AppleWebKit/537.36 (KHTML, like Gecko) Chrome/140.0.0.0 Safari/537.36',
  level: 'error',
  message: 'Request Error',
  timestamp: '2025-10-01 15:42:13'
}
{
  service: 'barber-app-backend',
  method: 'GET',
  url: '/api/bookings/barber/agenda?date=2025-10-14&type=week',
  status: 429,
  duration: '1ms',
  ip: '::1',
  userAgent: 'Mozilla/5.0 (Macintosh; Intel Mac OS X 10_15_7) AppleWebKit/537.36 (KHTML, like Gecko) Chrome/140.0.0.0 Safari/537.36',
  level: 'error',
  message: 'Request Error',
  timestamp: '2025-10-01 15:42:13'
}
{
  service: 'barber-app-backend',
  method: 'GET',
  url: '/api/bookings/barber/stats?date=2025-10-14&type=week',
  status: 429,
  duration: '0ms',
  ip: '::1',
  userAgent: 'Mozilla/5.0 (Macintosh; Intel Mac OS X 10_15_7) AppleWebKit/537.36 (KHTML, like Gecko) Chrome/140.0.0.0 Safari/537.36',
  level: 'error',
  message: 'Request Error',
  timestamp: '2025-10-01 15:42:13'
}
{
  service: 'barber-app-backend',
  method: 'GET',
  url: '/api/bookings/barber/agenda?date=2025-10-14&type=week',
  status: 429,
  duration: '1ms',
  ip: '::1',
  userAgent: 'Mozilla/5.0 (Macintosh; Intel Mac OS X 10_15_7) AppleWebKit/537.36 (KHTML, like Gecko) Chrome/140.0.0.0 Safari/537.36',
  level: 'error',
  message: 'Request Error',
  timestamp: '2025-10-01 15:42:14'
}
{
  service: 'barber-app-backend',
  method: 'GET',
  url: '/api/bookings/barber/stats?date=2025-10-01',
  status: 429,
  duration: '0ms',
  ip: '::1',
  userAgent: 'Mozilla/5.0 (Macintosh; Intel Mac OS X 10_15_7) AppleWebKit/537.36 (KHTML, like Gecko) Chrome/140.0.0.0 Safari/537.36',
  level: 'error',
  message: 'Request Error',
  timestamp: '2025-10-01 15:42:14'
}
{
  service: 'barber-app-backend',
  method: 'GET',
  url: '/api/bookings/barber/stats?date=2025-10-14&type=week',
  status: 429,
  duration: '0ms',
  ip: '::1',
  userAgent: 'Mozilla/5.0 (Macintosh; Intel Mac OS X 10_15_7) AppleWebKit/537.36 (KHTML, like Gecko) Chrome/140.0.0.0 Safari/537.36',
  level: 'error',
  message: 'Request Error',
  timestamp: '2025-10-01 15:42:14'
}
{
  service: 'barber-app-backend',
  method: 'GET',
  url: '/api/bookings/barber/agenda?date=2025-10-14&type=week',
  status: 429,
  duration: '1ms',
  ip: '::1',
  userAgent: 'Mozilla/5.0 (Macintosh; Intel Mac OS X 10_15_7) AppleWebKit/537.36 (KHTML, like Gecko) Chrome/140.0.0.0 Safari/537.36',
  level: 'error',
  message: 'Request Error',
  timestamp: '2025-10-01 15:42:16'
}
{
  service: 'barber-app-backend',
  method: 'GET',
  url: '/api/bookings/barber/stats?date=2025-10-01',
  status: 429,
  duration: '0ms',
  ip: '::1',
  userAgent: 'Mozilla/5.0 (Macintosh; Intel Mac OS X 10_15_7) AppleWebKit/537.36 (KHTML, like Gecko) Chrome/140.0.0.0 Safari/537.36',
  level: 'error',
  message: 'Request Error',
  timestamp: '2025-10-01 15:42:16'
}
{
  service: 'barber-app-backend',
  method: 'GET',
  url: '/api/bookings/barber/stats?date=2025-10-14&type=week',
  status: 429,
  duration: '0ms',
  ip: '::1',
  userAgent: 'Mozilla/5.0 (Macintosh; Intel Mac OS X 10_15_7) AppleWebKit/537.36 (KHTML, like Gecko) Chrome/140.0.0.0 Safari/537.36',
  level: 'error',
  message: 'Request Error',
  timestamp: '2025-10-01 15:42:16'
}
{
  service: 'barber-app-backend',
  method: 'POST',
  url: '/api/availability',
  status: 400,
  duration: '90ms',
  ip: '::1',
  userAgent: 'Mozilla/5.0 (Macintosh; Intel Mac OS X 10_15_7) AppleWebKit/537.36 (KHTML, like Gecko) Chrome/140.0.0.0 Safari/537.36',
  userId: '68dc02d6470d4c12e447aab5',
  userRole: 'barber',
  level: 'error',
  message: 'Request Error',
  timestamp: '2025-10-01 15:42:46'
}
{
  service: 'barber-app-backend',
  method: 'POST',
  url: '/api/availability',
  status: 400,
  duration: '78ms',
  ip: '::1',
  userAgent: 'Mozilla/5.0 (Macintosh; Intel Mac OS X 10_15_7) AppleWebKit/537.36 (KHTML, like Gecko) Chrome/140.0.0.0 Safari/537.36',
  userId: '68dc02d6470d4c12e447aab5',
  userRole: 'barber',
  level: 'error',
  message: 'Request Error',
  timestamp: '2025-10-01 15:42:47'
}
{
  service: 'barber-app-backend',
  method: 'GET',
  url: '/api/bookings/barber/agenda?date=2025-10-29&type=week',
  status: 429,
  duration: '0ms',
  ip: '::1',
  userAgent: 'Mozilla/5.0 (Macintosh; Intel Mac OS X 10_15_7) AppleWebKit/537.36 (KHTML, like Gecko) Chrome/140.0.0.0 Safari/537.36',
  level: 'error',
  message: 'Request Error',
  timestamp: '2025-10-01 15:42:57'
}
{
  service: 'barber-app-backend',
  method: 'GET',
  url: '/api/bookings/barber/stats?date=2025-10-01',
  status: 429,
  duration: '0ms',
  ip: '::1',
  userAgent: 'Mozilla/5.0 (Macintosh; Intel Mac OS X 10_15_7) AppleWebKit/537.36 (KHTML, like Gecko) Chrome/140.0.0.0 Safari/537.36',
  level: 'error',
  message: 'Request Error',
  timestamp: '2025-10-01 15:42:57'
}
{
  service: 'barber-app-backend',
  method: 'GET',
  url: '/api/bookings/barber/stats?date=2025-10-29&type=week',
  status: 429,
  duration: '0ms',
  ip: '::1',
  userAgent: 'Mozilla/5.0 (Macintosh; Intel Mac OS X 10_15_7) AppleWebKit/537.36 (KHTML, like Gecko) Chrome/140.0.0.0 Safari/537.36',
  level: 'error',
  message: 'Request Error',
  timestamp: '2025-10-01 15:42:57'
}
{
  service: 'barber-app-backend',
  method: 'GET',
  url: '/api/bookings/barber/agenda?date=2025-10-29&type=week',
  status: 429,
  duration: '1ms',
  ip: '::1',
  userAgent: 'Mozilla/5.0 (Macintosh; Intel Mac OS X 10_15_7) AppleWebKit/537.36 (KHTML, like Gecko) Chrome/140.0.0.0 Safari/537.36',
  level: 'error',
  message: 'Request Error',
  timestamp: '2025-10-01 15:42:58'
}
{
  service: 'barber-app-backend',
  method: 'GET',
  url: '/api/bookings/barber/stats?date=2025-10-29&type=week',
  status: 429,
  duration: '1ms',
  ip: '::1',
  userAgent: 'Mozilla/5.0 (Macintosh; Intel Mac OS X 10_15_7) AppleWebKit/537.36 (KHTML, like Gecko) Chrome/140.0.0.0 Safari/537.36',
  level: 'error',
  message: 'Request Error',
  timestamp: '2025-10-01 15:42:58'
}
{
  service: 'barber-app-backend',
  method: 'GET',
  url: '/api/bookings/barber/stats?date=2025-10-01',
  status: 429,
  duration: '0ms',
  ip: '::1',
  userAgent: 'Mozilla/5.0 (Macintosh; Intel Mac OS X 10_15_7) AppleWebKit/537.36 (KHTML, like Gecko) Chrome/140.0.0.0 Safari/537.36',
  level: 'error',
  message: 'Request Error',
  timestamp: '2025-10-01 15:42:58'
}
{
  service: 'barber-app-backend',
  method: 'GET',
  url: '/api/bookings/barber/stats?date=2025-10-29&type=week',
  status: 429,
  duration: '0ms',
  ip: '::1',
  userAgent: 'Mozilla/5.0 (Macintosh; Intel Mac OS X 10_15_7) AppleWebKit/537.36 (KHTML, like Gecko) Chrome/140.0.0.0 Safari/537.36',
  level: 'error',
  message: 'Request Error',
  timestamp: '2025-10-01 15:43:00'
}
{
  service: 'barber-app-backend',
  method: 'GET',
  url: '/api/bookings/barber/agenda?date=2025-10-29&type=week',
  status: 429,
  duration: '0ms',
  ip: '::1',
  userAgent: 'Mozilla/5.0 (Macintosh; Intel Mac OS X 10_15_7) AppleWebKit/537.36 (KHTML, like Gecko) Chrome/140.0.0.0 Safari/537.36',
  level: 'error',
  message: 'Request Error',
  timestamp: '2025-10-01 15:43:00'
}
{
  service: 'barber-app-backend',
  method: 'GET',
  url: '/api/bookings/barber/stats?date=2025-10-01',
  status: 429,
  duration: '0ms',
  ip: '::1',
  userAgent: 'Mozilla/5.0 (Macintosh; Intel Mac OS X 10_15_7) AppleWebKit/537.36 (KHTML, like Gecko) Chrome/140.0.0.0 Safari/537.36',
  level: 'error',
  message: 'Request Error',
  timestamp: '2025-10-01 15:43:00'
}
{
  service: 'barber-app-backend',
  method: 'POST',
  url: '/api/auth/login',
  status: 404,
  duration: '87ms',
  ip: '::1',
  userAgent: 'Mozilla/5.0 (Macintosh; Intel Mac OS X 10_15_7) AppleWebKit/537.36 (KHTML, like Gecko) Chrome/140.0.0.0 Safari/537.36',
  level: 'error',
  message: 'Request Error',
  timestamp: '2025-10-02 14:17:41'
}
{
  service: 'barber-app-backend',
  method: 'GET',
  url: '/api/barbers/favorites',
  status: 404,
  duration: '1ms',
  ip: '::1',
  userAgent: 'Mozilla/5.0 (Macintosh; Intel Mac OS X 10_15_7) AppleWebKit/537.36 (KHTML, like Gecko) Chrome/140.0.0.0 Safari/537.36',
  level: 'error',
  message: 'Request Error',
  timestamp: '2025-10-02 14:18:34'
}
{
  service: 'barber-app-backend',
  method: 'GET',
  url: '/api/barbers/favorites',
  status: 404,
  duration: '2ms',
  ip: '::1',
  userAgent: 'Mozilla/5.0 (Macintosh; Intel Mac OS X 10_15_7) AppleWebKit/537.36 (KHTML, like Gecko) Chrome/140.0.0.0 Safari/537.36',
  level: 'error',
  message: 'Request Error',
  timestamp: '2025-10-02 14:18:35'
}
{
  service: 'barber-app-backend',
  method: 'GET',
  url: '/api/barbers/favorites',
  status: 404,
  duration: '6ms',
  ip: '::1',
  userAgent: 'Mozilla/5.0 (Macintosh; Intel Mac OS X 10_15_7) AppleWebKit/537.36 (KHTML, like Gecko) Chrome/140.0.0.0 Safari/537.36',
  level: 'error',
  message: 'Request Error',
  timestamp: '2025-10-02 14:18:37'
}
{
  service: 'barber-app-backend',
  method: 'GET',
  url: '/api/barbers/favorites',
  status: 404,
  duration: '1ms',
  ip: '::1',
  userAgent: 'Mozilla/5.0 (Macintosh; Intel Mac OS X 10_15_7) AppleWebKit/537.36 (KHTML, like Gecko) Chrome/140.0.0.0 Safari/537.36',
  level: 'error',
  message: 'Request Error',
  timestamp: '2025-10-02 14:21:13'
}
{
  service: 'barber-app-backend',
  method: 'GET',
  url: '/api/bookings?status=completed&limit=5',
  status: 429,
  duration: '1ms',
  ip: '::1',
  userAgent: 'Mozilla/5.0 (Macintosh; Intel Mac OS X 10_15_7) AppleWebKit/537.36 (KHTML, like Gecko) Chrome/140.0.0.0 Safari/537.36',
  level: 'error',
  message: 'Request Error',
  timestamp: '2025-10-02 14:21:13'
}
{
  service: 'barber-app-backend',
  method: 'GET',
  url: '/api/barbers/favorites',
  status: 404,
  duration: '2ms',
  ip: '::1',
  userAgent: 'Mozilla/5.0 (Macintosh; Intel Mac OS X 10_15_7) AppleWebKit/537.36 (KHTML, like Gecko) Chrome/140.0.0.0 Safari/537.36',
  level: 'error',
  message: 'Request Error',
  timestamp: '2025-10-02 14:21:14'
}
{
  service: 'barber-app-backend',
  method: 'GET',
  url: '/api/bookings?status=completed&limit=5',
  status: 429,
  duration: '0ms',
  ip: '::1',
  userAgent: 'Mozilla/5.0 (Macintosh; Intel Mac OS X 10_15_7) AppleWebKit/537.36 (KHTML, like Gecko) Chrome/140.0.0.0 Safari/537.36',
  level: 'error',
  message: 'Request Error',
  timestamp: '2025-10-02 14:21:14'
}
{
  service: 'barber-app-backend',
  method: 'GET',
  url: '/api/barbers/favorites',
  status: 404,
  duration: '2ms',
  ip: '::1',
  userAgent: 'Mozilla/5.0 (Macintosh; Intel Mac OS X 10_15_7) AppleWebKit/537.36 (KHTML, like Gecko) Chrome/140.0.0.0 Safari/537.36',
  level: 'error',
  message: 'Request Error',
  timestamp: '2025-10-02 14:21:16'
}
{
  service: 'barber-app-backend',
  method: 'GET',
  url: '/api/bookings?status=completed&limit=5',
  status: 429,
  duration: '1ms',
  ip: '::1',
  userAgent: 'Mozilla/5.0 (Macintosh; Intel Mac OS X 10_15_7) AppleWebKit/537.36 (KHTML, like Gecko) Chrome/140.0.0.0 Safari/537.36',
  level: 'error',
  message: 'Request Error',
  timestamp: '2025-10-02 14:21:16'
}
{
  service: 'barber-app-backend',
  method: 'GET',
  url: '/api/bookings/availability?barbershopId=68cc5cb0c2809f94bbe92e2e&barberId=68dc02d6470d4c12e447aab5&serviceId=68cc5cb0c2809f94bbe92e2f&date=2025-10-03',
  status: 429,
  duration: '3ms',
  ip: '::1',
  userAgent: 'Mozilla/5.0 (Macintosh; Intel Mac OS X 10_15_7) AppleWebKit/537.36 (KHTML, like Gecko) Chrome/140.0.0.0 Safari/537.36',
  level: 'error',
  message: 'Request Error',
  timestamp: '2025-10-02 14:21:37'
}
{
  service: 'barber-app-backend',
  method: 'GET',
  url: '/api/bookings/availability?barbershopId=68cc5cb0c2809f94bbe92e2e&barberId=68dc02d6470d4c12e447aab5&serviceId=68cc5cb0c2809f94bbe92e2f&date=2025-10-03',
  status: 429,
  duration: '1ms',
  ip: '::1',
  userAgent: 'Mozilla/5.0 (Macintosh; Intel Mac OS X 10_15_7) AppleWebKit/537.36 (KHTML, like Gecko) Chrome/140.0.0.0 Safari/537.36',
  level: 'error',
  message: 'Request Error',
  timestamp: '2025-10-02 14:21:38'
}
{
  service: 'barber-app-backend',
  method: 'GET',
  url: '/api/bookings/availability?barbershopId=68cc5cb0c2809f94bbe92e2e&barberId=68dc02d6470d4c12e447aab5&serviceId=68cc5cb0c2809f94bbe92e2f&date=2025-10-03',
  status: 429,
  duration: '2ms',
  ip: '::1',
  userAgent: 'Mozilla/5.0 (Macintosh; Intel Mac OS X 10_15_7) AppleWebKit/537.36 (KHTML, like Gecko) Chrome/140.0.0.0 Safari/537.36',
  level: 'error',
  message: 'Request Error',
  timestamp: '2025-10-02 14:21:40'
}
{
  service: 'barber-app-backend',
  method: 'GET',
  url: '/api/bookings/availability?barbershopId=68cc5cb0c2809f94bbe92e2e&barberId=68dc02d6470d4c12e447aab5&serviceId=68cc5cb0c2809f94bbe92e2f&date=2025-10-03',
  status: 429,
  duration: '1ms',
  ip: '::1',
  userAgent: 'Mozilla/5.0 (Macintosh; Intel Mac OS X 10_15_7) AppleWebKit/537.36 (KHTML, like Gecko) Chrome/140.0.0.0 Safari/537.36',
  level: 'error',
  message: 'Request Error',
  timestamp: '2025-10-02 14:21:51'
}
{
  service: 'barber-app-backend',
  method: 'GET',
  url: '/api/bookings/availability?barbershopId=68cc5cb0c2809f94bbe92e2e&barberId=68dc02d6470d4c12e447aab5&serviceId=68cc5cb0c2809f94bbe92e2f&date=2025-10-03',
  status: 429,
  duration: '3ms',
  ip: '::1',
  userAgent: 'Mozilla/5.0 (Macintosh; Intel Mac OS X 10_15_7) AppleWebKit/537.36 (KHTML, like Gecko) Chrome/140.0.0.0 Safari/537.36',
  level: 'error',
  message: 'Request Error',
  timestamp: '2025-10-02 14:21:53'
}
{
  service: 'barber-app-backend',
  method: 'GET',
  url: '/api/bookings/availability?barbershopId=68cc5cb0c2809f94bbe92e2e&barberId=68dc02d6470d4c12e447aab5&serviceId=68cc5cb0c2809f94bbe92e2f&date=2025-10-03',
  status: 429,
  duration: '0ms',
  ip: '::1',
  userAgent: 'Mozilla/5.0 (Macintosh; Intel Mac OS X 10_15_7) AppleWebKit/537.36 (KHTML, like Gecko) Chrome/140.0.0.0 Safari/537.36',
  level: 'error',
  message: 'Request Error',
  timestamp: '2025-10-02 14:21:55'
}
{
  service: 'barber-app-backend',
  method: 'GET',
  url: '/api/bookings/availability?barbershopId=68cc5cb0c2809f94bbe92e2e&barberId=68dc02d6470d4c12e447aab5&serviceId=68cc5cb0c2809f94bbe92e2f&date=2025-10-04',
  status: 429,
  duration: '1ms',
  ip: '::1',
  userAgent: 'Mozilla/5.0 (Macintosh; Intel Mac OS X 10_15_7) AppleWebKit/537.36 (KHTML, like Gecko) Chrome/140.0.0.0 Safari/537.36',
  level: 'error',
  message: 'Request Error',
  timestamp: '2025-10-02 14:21:57'
}
{
  service: 'barber-app-backend',
  method: 'GET',
  url: '/api/bookings/availability?barbershopId=68cc5cb0c2809f94bbe92e2e&barberId=68dc02d6470d4c12e447aab5&serviceId=68cc5cb0c2809f94bbe92e2f&date=2025-10-04',
  status: 429,
  duration: '1ms',
  ip: '::1',
  userAgent: 'Mozilla/5.0 (Macintosh; Intel Mac OS X 10_15_7) AppleWebKit/537.36 (KHTML, like Gecko) Chrome/140.0.0.0 Safari/537.36',
  level: 'error',
  message: 'Request Error',
  timestamp: '2025-10-02 14:21:58'
}
{
  service: 'barber-app-backend',
  method: 'GET',
  url: '/api/bookings/availability?barbershopId=68cc5cb0c2809f94bbe92e2e&barberId=68dc02d6470d4c12e447aab5&serviceId=68cc5cb0c2809f94bbe92e2f&date=2025-10-04',
  status: 429,
  duration: '1ms',
  ip: '::1',
  userAgent: 'Mozilla/5.0 (Macintosh; Intel Mac OS X 10_15_7) AppleWebKit/537.36 (KHTML, like Gecko) Chrome/140.0.0.0 Safari/537.36',
  level: 'error',
  message: 'Request Error',
  timestamp: '2025-10-02 14:22:00'
}
{
  service: 'barber-app-backend',
  method: 'GET',
  url: '/api/services/barber',
  status: 404,
  duration: '2ms',
  ip: '::1',
  userAgent: 'Mozilla/5.0 (Macintosh; Intel Mac OS X 10_15_7) AppleWebKit/537.36 (KHTML, like Gecko) Chrome/140.0.0.0 Safari/537.36',
  level: 'error',
  message: 'Request Error',
  timestamp: '2025-10-02 14:24:08'
}
{
  service: 'barber-app-backend',
  method: 'GET',
  url: '/api/services/barber',
  status: 404,
  duration: '3ms',
  ip: '::1',
  userAgent: 'Mozilla/5.0 (Macintosh; Intel Mac OS X 10_15_7) AppleWebKit/537.36 (KHTML, like Gecko) Chrome/140.0.0.0 Safari/537.36',
  level: 'error',
  message: 'Request Error',
  timestamp: '2025-10-02 14:24:09'
}
{
  service: 'barber-app-backend',
  method: 'GET',
  url: '/api/services/barber',
  status: 404,
  duration: '0ms',
  ip: '::1',
  userAgent: 'Mozilla/5.0 (Macintosh; Intel Mac OS X 10_15_7) AppleWebKit/537.36 (KHTML, like Gecko) Chrome/140.0.0.0 Safari/537.36',
  level: 'error',
  message: 'Request Error',
  timestamp: '2025-10-02 14:24:11'
}
{
  service: 'barber-app-backend',
  method: 'GET',
  url: '/api/clients/barber',
  status: 404,
  duration: '1ms',
  ip: '::1',
  userAgent: 'Mozilla/5.0 (Macintosh; Intel Mac OS X 10_15_7) AppleWebKit/537.36 (KHTML, like Gecko) Chrome/140.0.0.0 Safari/537.36',
  level: 'error',
  message: 'Request Error',
  timestamp: '2025-10-02 14:24:13'
}
{
  service: 'barber-app-backend',
  method: 'GET',
  url: '/api/clients/barber',
  status: 404,
  duration: '1ms',
  ip: '::1',
  userAgent: 'Mozilla/5.0 (Macintosh; Intel Mac OS X 10_15_7) AppleWebKit/537.36 (KHTML, like Gecko) Chrome/140.0.0.0 Safari/537.36',
  level: 'error',
  message: 'Request Error',
  timestamp: '2025-10-02 14:24:14'
}
{
  service: 'barber-app-backend',
  method: 'GET',
  url: '/api/clients/barber',
  status: 404,
  duration: '2ms',
  ip: '::1',
  userAgent: 'Mozilla/5.0 (Macintosh; Intel Mac OS X 10_15_7) AppleWebKit/537.36 (KHTML, like Gecko) Chrome/140.0.0.0 Safari/537.36',
  level: 'error',
  message: 'Request Error',
  timestamp: '2025-10-02 14:24:16'
}
{
  service: 'barber-app-backend',
  method: 'GET',
  url: '/api/users/profile',
  status: 404,
  duration: '2ms',
  ip: '::1',
  userAgent: 'Mozilla/5.0 (Macintosh; Intel Mac OS X 10_15_7) AppleWebKit/537.36 (KHTML, like Gecko) Chrome/140.0.0.0 Safari/537.36',
  level: 'error',
  message: 'Request Error',
  timestamp: '2025-10-02 14:24:23'
}
{
  service: 'barber-app-backend',
  method: 'GET',
  url: '/api/users/profile',
  status: 404,
  duration: '0ms',
  ip: '::1',
  userAgent: 'Mozilla/5.0 (Macintosh; Intel Mac OS X 10_15_7) AppleWebKit/537.36 (KHTML, like Gecko) Chrome/140.0.0.0 Safari/537.36',
  level: 'error',
  message: 'Request Error',
  timestamp: '2025-10-02 14:24:24'
}
{
  service: 'barber-app-backend',
  method: 'GET',
  url: '/api/users/profile',
  status: 404,
  duration: '1ms',
  ip: '::1',
  userAgent: 'Mozilla/5.0 (Macintosh; Intel Mac OS X 10_15_7) AppleWebKit/537.36 (KHTML, like Gecko) Chrome/140.0.0.0 Safari/537.36',
  level: 'error',
  message: 'Request Error',
  timestamp: '2025-10-02 14:24:26'
}
{
  service: 'barber-app-backend',
  method: 'POST',
  url: '/api/auth/login',
  status: 401,
  duration: '150ms',
  ip: '::1',
  userAgent: 'Mozilla/5.0 (Macintosh; Intel Mac OS X 10_15_7) AppleWebKit/537.36 (KHTML, like Gecko) Chrome/140.0.0.0 Safari/537.36',
  level: 'error',
  message: 'Request Error',
  timestamp: '2025-10-02 14:26:52'
}
{
  service: 'barber-app-backend',
  method: 'GET',
  url: '/api/admin/stats',
  status: 404,
  duration: '0ms',
  ip: '::1',
  userAgent: 'Mozilla/5.0 (Macintosh; Intel Mac OS X 10_15_7) AppleWebKit/537.36 (KHTML, like Gecko) Chrome/140.0.0.0 Safari/537.36',
  level: 'error',
  message: 'Request Error',
  timestamp: '2025-10-02 14:26:58'
}
{
  service: 'barber-app-backend',
  method: 'GET',
  url: '/api/admin/top-barbers',
  status: 404,
  duration: '0ms',
  ip: '::1',
  userAgent: 'Mozilla/5.0 (Macintosh; Intel Mac OS X 10_15_7) AppleWebKit/537.36 (KHTML, like Gecko) Chrome/140.0.0.0 Safari/537.36',
  level: 'error',
  message: 'Request Error',
  timestamp: '2025-10-02 14:26:58'
}
{
  service: 'barber-app-backend',
  method: 'GET',
  url: '/api/admin/monthly-data',
  status: 404,
  duration: '0ms',
  ip: '::1',
  userAgent: 'Mozilla/5.0 (Macintosh; Intel Mac OS X 10_15_7) AppleWebKit/537.36 (KHTML, like Gecko) Chrome/140.0.0.0 Safari/537.36',
  level: 'error',
  message: 'Request Error',
  timestamp: '2025-10-02 14:26:58'
}
{
  service: 'barber-app-backend',
  method: 'GET',
  url: '/api/admin/top-barbers',
  status: 404,
  duration: '1ms',
  ip: '::1',
  userAgent: 'Mozilla/5.0 (Macintosh; Intel Mac OS X 10_15_7) AppleWebKit/537.36 (KHTML, like Gecko) Chrome/140.0.0.0 Safari/537.36',
  level: 'error',
  message: 'Request Error',
  timestamp: '2025-10-02 14:26:59'
}
{
  service: 'barber-app-backend',
  method: 'GET',
  url: '/api/admin/stats',
  status: 404,
  duration: '1ms',
  ip: '::1',
  userAgent: 'Mozilla/5.0 (Macintosh; Intel Mac OS X 10_15_7) AppleWebKit/537.36 (KHTML, like Gecko) Chrome/140.0.0.0 Safari/537.36',
  level: 'error',
  message: 'Request Error',
  timestamp: '2025-10-02 14:26:59'
}
{
  service: 'barber-app-backend',
  method: 'GET',
  url: '/api/admin/monthly-data',
  status: 404,
  duration: '1ms',
  ip: '::1',
  userAgent: 'Mozilla/5.0 (Macintosh; Intel Mac OS X 10_15_7) AppleWebKit/537.36 (KHTML, like Gecko) Chrome/140.0.0.0 Safari/537.36',
  level: 'error',
  message: 'Request Error',
  timestamp: '2025-10-02 14:26:59'
}
{
  service: 'barber-app-backend',
  method: 'GET',
  url: '/api/admin/top-barbers',
  status: 404,
  duration: '6ms',
  ip: '::1',
  userAgent: 'Mozilla/5.0 (Macintosh; Intel Mac OS X 10_15_7) AppleWebKit/537.36 (KHTML, like Gecko) Chrome/140.0.0.0 Safari/537.36',
  level: 'error',
  message: 'Request Error',
  timestamp: '2025-10-02 14:27:01'
}
{
  service: 'barber-app-backend',
  method: 'GET',
  url: '/api/admin/stats',
  status: 404,
  duration: '0ms',
  ip: '::1',
  userAgent: 'Mozilla/5.0 (Macintosh; Intel Mac OS X 10_15_7) AppleWebKit/537.36 (KHTML, like Gecko) Chrome/140.0.0.0 Safari/537.36',
  level: 'error',
  message: 'Request Error',
  timestamp: '2025-10-02 14:27:01'
}
{
  service: 'barber-app-backend',
  method: 'GET',
  url: '/api/admin/monthly-data',
  status: 404,
  duration: '2ms',
  ip: '::1',
  userAgent: 'Mozilla/5.0 (Macintosh; Intel Mac OS X 10_15_7) AppleWebKit/537.36 (KHTML, like Gecko) Chrome/140.0.0.0 Safari/537.36',
  level: 'error',
  message: 'Request Error',
  timestamp: '2025-10-02 14:27:01'
}
{
  service: 'barber-app-backend',
  method: 'GET',
  url: '/api/admin/stats',
  status: 404,
  duration: '1ms',
  ip: '::1',
  userAgent: 'Mozilla/5.0 (Macintosh; Intel Mac OS X 10_15_7) AppleWebKit/537.36 (KHTML, like Gecko) Chrome/140.0.0.0 Safari/537.36',
  level: 'error',
  message: 'Request Error',
  timestamp: '2025-10-02 14:28:49'
}
{
  service: 'barber-app-backend',
  method: 'GET',
  url: '/api/admin/top-barbers',
  status: 404,
  duration: '0ms',
  ip: '::1',
  userAgent: 'Mozilla/5.0 (Macintosh; Intel Mac OS X 10_15_7) AppleWebKit/537.36 (KHTML, like Gecko) Chrome/140.0.0.0 Safari/537.36',
  level: 'error',
  message: 'Request Error',
  timestamp: '2025-10-02 14:28:49'
}
{
  service: 'barber-app-backend',
  method: 'GET',
  url: '/api/admin/monthly-data',
  status: 404,
  duration: '0ms',
  ip: '::1',
  userAgent: 'Mozilla/5.0 (Macintosh; Intel Mac OS X 10_15_7) AppleWebKit/537.36 (KHTML, like Gecko) Chrome/140.0.0.0 Safari/537.36',
  level: 'error',
  message: 'Request Error',
  timestamp: '2025-10-02 14:28:49'
}
{
  service: 'barber-app-backend',
  method: 'GET',
  url: '/api/admin/top-barbers',
  status: 404,
  duration: '0ms',
  ip: '::1',
  userAgent: 'Mozilla/5.0 (Macintosh; Intel Mac OS X 10_15_7) AppleWebKit/537.36 (KHTML, like Gecko) Chrome/140.0.0.0 Safari/537.36',
  level: 'error',
  message: 'Request Error',
  timestamp: '2025-10-02 14:28:50'
}
{
  service: 'barber-app-backend',
  method: 'GET',
  url: '/api/admin/stats',
  status: 404,
  duration: '0ms',
  ip: '::1',
  userAgent: 'Mozilla/5.0 (Macintosh; Intel Mac OS X 10_15_7) AppleWebKit/537.36 (KHTML, like Gecko) Chrome/140.0.0.0 Safari/537.36',
  level: 'error',
  message: 'Request Error',
  timestamp: '2025-10-02 14:28:50'
}
{
  service: 'barber-app-backend',
  method: 'GET',
  url: '/api/admin/monthly-data',
  status: 404,
  duration: '0ms',
  ip: '::1',
  userAgent: 'Mozilla/5.0 (Macintosh; Intel Mac OS X 10_15_7) AppleWebKit/537.36 (KHTML, like Gecko) Chrome/140.0.0.0 Safari/537.36',
  level: 'error',
  message: 'Request Error',
  timestamp: '2025-10-02 14:28:50'
}
{
  service: 'barber-app-backend',
  method: 'GET',
  url: '/api/admin/top-barbers',
  status: 404,
  duration: '1ms',
  ip: '::1',
  userAgent: 'Mozilla/5.0 (Macintosh; Intel Mac OS X 10_15_7) AppleWebKit/537.36 (KHTML, like Gecko) Chrome/140.0.0.0 Safari/537.36',
  level: 'error',
  message: 'Request Error',
  timestamp: '2025-10-02 14:28:52'
}
{
  service: 'barber-app-backend',
  method: 'GET',
  url: '/api/admin/stats',
  status: 404,
  duration: '2ms',
  ip: '::1',
  userAgent: 'Mozilla/5.0 (Macintosh; Intel Mac OS X 10_15_7) AppleWebKit/537.36 (KHTML, like Gecko) Chrome/140.0.0.0 Safari/537.36',
  level: 'error',
  message: 'Request Error',
  timestamp: '2025-10-02 14:28:52'
}
{
  service: 'barber-app-backend',
  method: 'GET',
  url: '/api/admin/monthly-data',
  status: 404,
  duration: '0ms',
  ip: '::1',
  userAgent: 'Mozilla/5.0 (Macintosh; Intel Mac OS X 10_15_7) AppleWebKit/537.36 (KHTML, like Gecko) Chrome/140.0.0.0 Safari/537.36',
  level: 'error',
  message: 'Request Error',
  timestamp: '2025-10-02 14:28:52'
}
{
  service: 'barber-app-backend',
  method: 'GET',
  url: '/api/admin/stats',
  status: 404,
  duration: '0ms',
  ip: '::1',
  userAgent: 'Mozilla/5.0 (Macintosh; Intel Mac OS X 10_15_7) AppleWebKit/537.36 (KHTML, like Gecko) Chrome/140.0.0.0 Safari/537.36',
  level: 'error',
  message: 'Request Error',
  timestamp: '2025-10-02 14:35:55'
}
{
  service: 'barber-app-backend',
  method: 'GET',
  url: '/api/admin/top-barbers',
  status: 404,
  duration: '0ms',
  ip: '::1',
  userAgent: 'Mozilla/5.0 (Macintosh; Intel Mac OS X 10_15_7) AppleWebKit/537.36 (KHTML, like Gecko) Chrome/140.0.0.0 Safari/537.36',
  level: 'error',
  message: 'Request Error',
  timestamp: '2025-10-02 14:35:55'
}
{
  service: 'barber-app-backend',
  method: 'GET',
  url: '/api/admin/monthly-data',
  status: 404,
  duration: '1ms',
  ip: '::1',
  userAgent: 'Mozilla/5.0 (Macintosh; Intel Mac OS X 10_15_7) AppleWebKit/537.36 (KHTML, like Gecko) Chrome/140.0.0.0 Safari/537.36',
  level: 'error',
  message: 'Request Error',
  timestamp: '2025-10-02 14:35:55'
}
{
  service: 'barber-app-backend',
  method: 'GET',
  url: '/api/admin/top-barbers',
  status: 404,
  duration: '2ms',
  ip: '::1',
  userAgent: 'Mozilla/5.0 (Macintosh; Intel Mac OS X 10_15_7) AppleWebKit/537.36 (KHTML, like Gecko) Chrome/140.0.0.0 Safari/537.36',
  level: 'error',
  message: 'Request Error',
  timestamp: '2025-10-02 14:35:56'
}
{
  service: 'barber-app-backend',
  method: 'GET',
  url: '/api/admin/monthly-data',
  status: 404,
  duration: '1ms',
  ip: '::1',
  userAgent: 'Mozilla/5.0 (Macintosh; Intel Mac OS X 10_15_7) AppleWebKit/537.36 (KHTML, like Gecko) Chrome/140.0.0.0 Safari/537.36',
  level: 'error',
  message: 'Request Error',
  timestamp: '2025-10-02 14:35:56'
}
{
  service: 'barber-app-backend',
  method: 'GET',
  url: '/api/admin/stats',
  status: 404,
  duration: '1ms',
  ip: '::1',
  userAgent: 'Mozilla/5.0 (Macintosh; Intel Mac OS X 10_15_7) AppleWebKit/537.36 (KHTML, like Gecko) Chrome/140.0.0.0 Safari/537.36',
  level: 'error',
  message: 'Request Error',
  timestamp: '2025-10-02 14:35:56'
}
{
  service: 'barber-app-backend',
  method: 'GET',
  url: '/api/admin/top-barbers',
  status: 404,
  duration: '4ms',
  ip: '::1',
  userAgent: 'Mozilla/5.0 (Macintosh; Intel Mac OS X 10_15_7) AppleWebKit/537.36 (KHTML, like Gecko) Chrome/140.0.0.0 Safari/537.36',
  level: 'error',
  message: 'Request Error',
  timestamp: '2025-10-02 14:35:58'
}
{
  service: 'barber-app-backend',
  method: 'GET',
  url: '/api/admin/monthly-data',
  status: 404,
  duration: '1ms',
  ip: '::1',
  userAgent: 'Mozilla/5.0 (Macintosh; Intel Mac OS X 10_15_7) AppleWebKit/537.36 (KHTML, like Gecko) Chrome/140.0.0.0 Safari/537.36',
  level: 'error',
  message: 'Request Error',
  timestamp: '2025-10-02 14:35:58'
}
{
  service: 'barber-app-backend',
  method: 'GET',
  url: '/api/admin/stats',
  status: 404,
  duration: '1ms',
  ip: '::1',
  userAgent: 'Mozilla/5.0 (Macintosh; Intel Mac OS X 10_15_7) AppleWebKit/537.36 (KHTML, like Gecko) Chrome/140.0.0.0 Safari/537.36',
  level: 'error',
  message: 'Request Error',
  timestamp: '2025-10-02 14:35:58'
}
{
  service: 'barber-app-backend',
  method: 'PATCH',
  url: '/api/bookings/68dc099887d370143141941a',
  status: 400,
  duration: '189ms',
  ip: '::1',
  userAgent: 'Mozilla/5.0 (Macintosh; Intel Mac OS X 10_15_7) AppleWebKit/537.36 (KHTML, like Gecko) Chrome/140.0.0.0 Safari/537.36',
  userId: '68cc5cafc2809f94bbe92e2b',
  userRole: 'admin',
  level: 'error',
  message: 'Request Error',
  timestamp: '2025-10-02 14:36:30'
}
{
  service: 'barber-app-backend',
  method: 'PATCH',
  url: '/api/bookings/68dc099887d370143141941a',
  status: 400,
  duration: '180ms',
  ip: '::1',
  userAgent: 'Mozilla/5.0 (Macintosh; Intel Mac OS X 10_15_7) AppleWebKit/537.36 (KHTML, like Gecko) Chrome/140.0.0.0 Safari/537.36',
  userId: '68cc5cafc2809f94bbe92e2b',
  userRole: 'admin',
  level: 'error',
  message: 'Request Error',
  timestamp: '2025-10-02 14:36:32'
}
{
  service: 'barber-app-backend',
  method: 'PATCH',
  url: '/api/bookings/68dc099887d370143141941a',
  status: 400,
  duration: '200ms',
  ip: '::1',
  userAgent: 'Mozilla/5.0 (Macintosh; Intel Mac OS X 10_15_7) AppleWebKit/537.36 (KHTML, like Gecko) Chrome/140.0.0.0 Safari/537.36',
  userId: '68cc5cafc2809f94bbe92e2b',
  userRole: 'admin',
  level: 'error',
  message: 'Request Error',
  timestamp: '2025-10-02 14:36:32'
}
{
  service: 'barber-app-backend',
  method: 'PATCH',
  url: '/api/bookings/68dc099887d370143141941a',
  status: 400,
  duration: '187ms',
  ip: '::1',
  userAgent: 'Mozilla/5.0 (Macintosh; Intel Mac OS X 10_15_7) AppleWebKit/537.36 (KHTML, like Gecko) Chrome/140.0.0.0 Safari/537.36',
  userId: '68cc5cafc2809f94bbe92e2b',
  userRole: 'admin',
  level: 'error',
  message: 'Request Error',
  timestamp: '2025-10-02 14:36:33'
}
{
  service: 'barber-app-backend',
  method: 'PATCH',
  url: '/api/bookings/68ded0834e385058289fff8b',
  status: 429,
  duration: '1ms',
  ip: '::1',
  userAgent: 'Mozilla/5.0 (Macintosh; Intel Mac OS X 10_15_7) AppleWebKit/537.36 (KHTML, like Gecko) Chrome/140.0.0.0 Safari/537.36',
  level: 'error',
  message: 'Request Error',
  timestamp: '2025-10-02 14:36:42'
}
{
  service: 'barber-app-backend',
  method: 'PATCH',
  url: '/api/bookings/68ded0834e385058289fff8b',
  status: 429,
  duration: '1ms',
  ip: '::1',
  userAgent: 'Mozilla/5.0 (Macintosh; Intel Mac OS X 10_15_7) AppleWebKit/537.36 (KHTML, like Gecko) Chrome/140.0.0.0 Safari/537.36',
  level: 'error',
  message: 'Request Error',
  timestamp: '2025-10-02 14:36:43'
}
{
  service: 'barber-app-backend',
  method: 'PATCH',
  url: '/api/bookings/68ded0834e385058289fff8b',
  status: 429,
  duration: '1ms',
  ip: '::1',
  userAgent: 'Mozilla/5.0 (Macintosh; Intel Mac OS X 10_15_7) AppleWebKit/537.36 (KHTML, like Gecko) Chrome/140.0.0.0 Safari/537.36',
  level: 'error',
  message: 'Request Error',
  timestamp: '2025-10-02 14:36:47'
}
{
  service: 'barber-app-backend',
  method: 'PATCH',
  url: '/api/bookings/68ded0834e385058289fff8b',
  status: 429,
  duration: '2ms',
  ip: '::1',
  userAgent: 'Mozilla/5.0 (Macintosh; Intel Mac OS X 10_15_7) AppleWebKit/537.36 (KHTML, like Gecko) Chrome/140.0.0.0 Safari/537.36',
  level: 'error',
  message: 'Request Error',
  timestamp: '2025-10-02 14:36:48'
}
{
  service: 'barber-app-backend',
  method: 'PATCH',
  url: '/api/bookings/68ded0834e385058289fff8b',
  status: 429,
  duration: '1ms',
  ip: '::1',
  userAgent: 'Mozilla/5.0 (Macintosh; Intel Mac OS X 10_15_7) AppleWebKit/537.36 (KHTML, like Gecko) Chrome/140.0.0.0 Safari/537.36',
  level: 'error',
  message: 'Request Error',
  timestamp: '2025-10-02 14:36:50'
}
{
  service: 'barber-app-backend',
  method: 'PATCH',
  url: '/api/bookings/68ded0834e385058289fff8b',
  status: 429,
  duration: '1ms',
  ip: '::1',
  userAgent: 'Mozilla/5.0 (Macintosh; Intel Mac OS X 10_15_7) AppleWebKit/537.36 (KHTML, like Gecko) Chrome/140.0.0.0 Safari/537.36',
  level: 'error',
  message: 'Request Error',
  timestamp: '2025-10-02 14:36:51'
}
{
  service: 'barber-app-backend',
  method: 'GET',
  url: '/api/admin/stats',
  status: 404,
  duration: '1ms',
  ip: '::1',
  userAgent: 'Mozilla/5.0 (Macintosh; Intel Mac OS X 10_15_7) AppleWebKit/537.36 (KHTML, like Gecko) Chrome/140.0.0.0 Safari/537.36',
  level: 'error',
  message: 'Request Error',
  timestamp: '2025-10-02 14:36:56'
}
{
  service: 'barber-app-backend',
  method: 'GET',
  url: '/api/admin/monthly-data',
  status: 404,
  duration: '2ms',
  ip: '::1',
  userAgent: 'Mozilla/5.0 (Macintosh; Intel Mac OS X 10_15_7) AppleWebKit/537.36 (KHTML, like Gecko) Chrome/140.0.0.0 Safari/537.36',
  level: 'error',
  message: 'Request Error',
  timestamp: '2025-10-02 14:36:56'
}
{
  service: 'barber-app-backend',
  method: 'GET',
  url: '/api/admin/top-barbers',
  status: 404,
  duration: '0ms',
  ip: '::1',
  userAgent: 'Mozilla/5.0 (Macintosh; Intel Mac OS X 10_15_7) AppleWebKit/537.36 (KHTML, like Gecko) Chrome/140.0.0.0 Safari/537.36',
  level: 'error',
  message: 'Request Error',
  timestamp: '2025-10-02 14:36:56'
}
{
  service: 'barber-app-backend',
  method: 'GET',
  url: '/api/admin/stats',
  status: 404,
  duration: '1ms',
  ip: '::1',
  userAgent: 'Mozilla/5.0 (Macintosh; Intel Mac OS X 10_15_7) AppleWebKit/537.36 (KHTML, like Gecko) Chrome/140.0.0.0 Safari/537.36',
  level: 'error',
  message: 'Request Error',
  timestamp: '2025-10-02 14:36:57'
}
{
  service: 'barber-app-backend',
  method: 'GET',
  url: '/api/admin/monthly-data',
  status: 404,
  duration: '0ms',
  ip: '::1',
  userAgent: 'Mozilla/5.0 (Macintosh; Intel Mac OS X 10_15_7) AppleWebKit/537.36 (KHTML, like Gecko) Chrome/140.0.0.0 Safari/537.36',
  level: 'error',
  message: 'Request Error',
  timestamp: '2025-10-02 14:36:57'
}
{
  service: 'barber-app-backend',
  method: 'GET',
  url: '/api/admin/top-barbers',
  status: 404,
  duration: '1ms',
  ip: '::1',
  userAgent: 'Mozilla/5.0 (Macintosh; Intel Mac OS X 10_15_7) AppleWebKit/537.36 (KHTML, like Gecko) Chrome/140.0.0.0 Safari/537.36',
  level: 'error',
  message: 'Request Error',
  timestamp: '2025-10-02 14:36:57'
}
{
  service: 'barber-app-backend',
  method: 'GET',
  url: '/api/admin/monthly-data',
  status: 404,
  duration: '2ms',
  ip: '::1',
  userAgent: 'Mozilla/5.0 (Macintosh; Intel Mac OS X 10_15_7) AppleWebKit/537.36 (KHTML, like Gecko) Chrome/140.0.0.0 Safari/537.36',
  level: 'error',
  message: 'Request Error',
  timestamp: '2025-10-02 14:36:59'
}
{
  service: 'barber-app-backend',
  method: 'GET',
  url: '/api/admin/stats',
  status: 404,
  duration: '1ms',
  ip: '::1',
  userAgent: 'Mozilla/5.0 (Macintosh; Intel Mac OS X 10_15_7) AppleWebKit/537.36 (KHTML, like Gecko) Chrome/140.0.0.0 Safari/537.36',
  level: 'error',
  message: 'Request Error',
  timestamp: '2025-10-02 14:36:59'
}
{
  service: 'barber-app-backend',
  method: 'GET',
  url: '/api/admin/top-barbers',
  status: 404,
  duration: '0ms',
  ip: '::1',
  userAgent: 'Mozilla/5.0 (Macintosh; Intel Mac OS X 10_15_7) AppleWebKit/537.36 (KHTML, like Gecko) Chrome/140.0.0.0 Safari/537.36',
  level: 'error',
  message: 'Request Error',
  timestamp: '2025-10-02 14:36:59'
}
{
  service: 'barber-app-backend',
  method: 'GET',
  url: '/api/admin/stats',
  status: 404,
  duration: '2ms',
  ip: '::1',
  userAgent: 'Mozilla/5.0 (Macintosh; Intel Mac OS X 10_15_7) AppleWebKit/537.36 (KHTML, like Gecko) Chrome/140.0.0.0 Safari/537.36',
  level: 'error',
  message: 'Request Error',
  timestamp: '2025-10-02 15:23:13'
}
{
  service: 'barber-app-backend',
  method: 'GET',
  url: '/api/admin/top-barbers',
  status: 404,
  duration: '1ms',
  ip: '::1',
  userAgent: 'Mozilla/5.0 (Macintosh; Intel Mac OS X 10_15_7) AppleWebKit/537.36 (KHTML, like Gecko) Chrome/140.0.0.0 Safari/537.36',
  level: 'error',
  message: 'Request Error',
  timestamp: '2025-10-02 15:23:13'
}
{
  service: 'barber-app-backend',
  method: 'GET',
  url: '/api/admin/monthly-data',
  status: 404,
  duration: '0ms',
  ip: '::1',
  userAgent: 'Mozilla/5.0 (Macintosh; Intel Mac OS X 10_15_7) AppleWebKit/537.36 (KHTML, like Gecko) Chrome/140.0.0.0 Safari/537.36',
  level: 'error',
  message: 'Request Error',
  timestamp: '2025-10-02 15:23:13'
}
{
  service: 'barber-app-backend',
  method: 'GET',
  url: '/api/admin/top-barbers',
  status: 404,
  duration: '2ms',
  ip: '::1',
  userAgent: 'Mozilla/5.0 (Macintosh; Intel Mac OS X 10_15_7) AppleWebKit/537.36 (KHTML, like Gecko) Chrome/140.0.0.0 Safari/537.36',
  level: 'error',
  message: 'Request Error',
  timestamp: '2025-10-02 15:23:14'
}
{
  service: 'barber-app-backend',
  method: 'GET',
  url: '/api/admin/stats',
  status: 404,
  duration: '1ms',
  ip: '::1',
  userAgent: 'Mozilla/5.0 (Macintosh; Intel Mac OS X 10_15_7) AppleWebKit/537.36 (KHTML, like Gecko) Chrome/140.0.0.0 Safari/537.36',
  level: 'error',
  message: 'Request Error',
  timestamp: '2025-10-02 15:23:14'
}
{
  service: 'barber-app-backend',
  method: 'GET',
  url: '/api/admin/monthly-data',
  status: 404,
  duration: '1ms',
  ip: '::1',
  userAgent: 'Mozilla/5.0 (Macintosh; Intel Mac OS X 10_15_7) AppleWebKit/537.36 (KHTML, like Gecko) Chrome/140.0.0.0 Safari/537.36',
  level: 'error',
  message: 'Request Error',
  timestamp: '2025-10-02 15:23:14'
}
{
  service: 'barber-app-backend',
  method: 'GET',
  url: '/api/admin/top-barbers',
  status: 404,
  duration: '1ms',
  ip: '::1',
  userAgent: 'Mozilla/5.0 (Macintosh; Intel Mac OS X 10_15_7) AppleWebKit/537.36 (KHTML, like Gecko) Chrome/140.0.0.0 Safari/537.36',
  level: 'error',
  message: 'Request Error',
  timestamp: '2025-10-02 15:23:16'
}
{
  service: 'barber-app-backend',
  method: 'GET',
  url: '/api/admin/stats',
  status: 404,
  duration: '1ms',
  ip: '::1',
  userAgent: 'Mozilla/5.0 (Macintosh; Intel Mac OS X 10_15_7) AppleWebKit/537.36 (KHTML, like Gecko) Chrome/140.0.0.0 Safari/537.36',
  level: 'error',
  message: 'Request Error',
  timestamp: '2025-10-02 15:23:16'
}
{
  service: 'barber-app-backend',
  method: 'GET',
  url: '/api/admin/monthly-data',
  status: 404,
  duration: '0ms',
  ip: '::1',
  userAgent: 'Mozilla/5.0 (Macintosh; Intel Mac OS X 10_15_7) AppleWebKit/537.36 (KHTML, like Gecko) Chrome/140.0.0.0 Safari/537.36',
  level: 'error',
  message: 'Request Error',
  timestamp: '2025-10-02 15:23:16'
}
{
  service: 'barber-app-backend',
  method: 'GET',
  url: '/api/admin/top-barbers',
  status: 404,
  duration: '1ms',
  ip: '::1',
  userAgent: 'Mozilla/5.0 (Macintosh; Intel Mac OS X 10_15_7) AppleWebKit/537.36 (KHTML, like Gecko) Chrome/140.0.0.0 Safari/537.36',
  level: 'error',
  message: 'Request Error',
  timestamp: '2025-10-02 15:23:27'
}
{
  service: 'barber-app-backend',
  method: 'GET',
  url: '/api/admin/stats',
  status: 404,
  duration: '1ms',
  ip: '::1',
  userAgent: 'Mozilla/5.0 (Macintosh; Intel Mac OS X 10_15_7) AppleWebKit/537.36 (KHTML, like Gecko) Chrome/140.0.0.0 Safari/537.36',
  level: 'error',
  message: 'Request Error',
  timestamp: '2025-10-02 15:23:27'
}
{
  service: 'barber-app-backend',
  method: 'GET',
  url: '/api/admin/monthly-data',
  status: 404,
  duration: '2ms',
  ip: '::1',
  userAgent: 'Mozilla/5.0 (Macintosh; Intel Mac OS X 10_15_7) AppleWebKit/537.36 (KHTML, like Gecko) Chrome/140.0.0.0 Safari/537.36',
  level: 'error',
  message: 'Request Error',
  timestamp: '2025-10-02 15:23:27'
}
{
  service: 'barber-app-backend',
  method: 'GET',
  url: '/api/admin/stats',
  status: 404,
  duration: '0ms',
  ip: '::1',
  userAgent: 'Mozilla/5.0 (Macintosh; Intel Mac OS X 10_15_7) AppleWebKit/537.36 (KHTML, like Gecko) Chrome/140.0.0.0 Safari/537.36',
  level: 'error',
  message: 'Request Error',
  timestamp: '2025-10-02 15:23:28'
}
{
  service: 'barber-app-backend',
  method: 'GET',
  url: '/api/admin/monthly-data',
  status: 404,
  duration: '0ms',
  ip: '::1',
  userAgent: 'Mozilla/5.0 (Macintosh; Intel Mac OS X 10_15_7) AppleWebKit/537.36 (KHTML, like Gecko) Chrome/140.0.0.0 Safari/537.36',
  level: 'error',
  message: 'Request Error',
  timestamp: '2025-10-02 15:23:28'
}
{
  service: 'barber-app-backend',
  method: 'GET',
  url: '/api/admin/top-barbers',
  status: 404,
  duration: '0ms',
  ip: '::1',
  userAgent: 'Mozilla/5.0 (Macintosh; Intel Mac OS X 10_15_7) AppleWebKit/537.36 (KHTML, like Gecko) Chrome/140.0.0.0 Safari/537.36',
  level: 'error',
  message: 'Request Error',
  timestamp: '2025-10-02 15:23:28'
}
{
  service: 'barber-app-backend',
  method: 'GET',
  url: '/api/clients/barber',
  status: 404,
  duration: '4ms',
  ip: '::1',
  userAgent: 'Mozilla/5.0 (Macintosh; Intel Mac OS X 10_15_7) AppleWebKit/537.36 (KHTML, like Gecko) Chrome/140.0.0.0 Safari/537.36',
  level: 'error',
  message: 'Request Error',
  timestamp: '2025-10-02 15:24:36'
}
{
  service: 'barber-app-backend',
  method: 'GET',
  url: '/api/clients/barber',
  status: 404,
  duration: '1ms',
  ip: '::1',
  userAgent: 'Mozilla/5.0 (Macintosh; Intel Mac OS X 10_15_7) AppleWebKit/537.36 (KHTML, like Gecko) Chrome/140.0.0.0 Safari/537.36',
  level: 'error',
  message: 'Request Error',
  timestamp: '2025-10-02 15:24:37'
}
{
  service: 'barber-app-backend',
  message: 'Application Error Error al obtener reseñas',
  stack: 'CastError: Cast to ObjectId failed for value "stats" (type string) at path "barber" for model "Review"\n' +
    '    at SchemaObjectId.cast (/Users/Sergio/Desktop/BarberApp/barber-app-backend/node_modules/mongoose/lib/schema/objectId.js:251:11)\n' +
    '    at SchemaType.applySetters (/Users/Sergio/Desktop/BarberApp/barber-app-backend/node_modules/mongoose/lib/schemaType.js:1255:12)\n' +
    '    at SchemaType.castForQuery (/Users/Sergio/Desktop/BarberApp/barber-app-backend/node_modules/mongoose/lib/schemaType.js:1673:17)\n' +
    '    at cast (/Users/Sergio/Desktop/BarberApp/barber-app-backend/node_modules/mongoose/lib/cast.js:390:32)\n' +
    '    at Query.cast (/Users/Sergio/Desktop/BarberApp/barber-app-backend/node_modules/mongoose/lib/query.js:4999:12)\n' +
    '    at Query._castConditions (/Users/Sergio/Desktop/BarberApp/barber-app-backend/node_modules/mongoose/lib/query.js:2325:10)\n' +
    '    at model.Query._find (/Users/Sergio/Desktop/BarberApp/barber-app-backend/node_modules/mongoose/lib/query.js:2352:8)\n' +
    '    at model.Query.exec (/Users/Sergio/Desktop/BarberApp/barber-app-backend/node_modules/mongoose/lib/query.js:4548:80)\n' +
    '    at process.processTicksAndRejections (node:internal/process/task_queues:105:5)\n' +
    '    at async getReviewsByBarber (/Users/Sergio/Desktop/BarberApp/barber-app-backend/src/controllers/reviewController.js:35:25)',
  statusCode: 500,
  url: '/api/reviews/barber/stats',
  method: 'GET',
  userId: undefined,
  level: 'error',
  timestamp: '2025-10-02 15:24:38'
}
{
  service: 'barber-app-backend',
  method: 'GET',
  url: '/api/reviews/barber/stats',
  status: 500,
  duration: '3ms',
  ip: '::1',
  userAgent: 'Mozilla/5.0 (Macintosh; Intel Mac OS X 10_15_7) AppleWebKit/537.36 (KHTML, like Gecko) Chrome/140.0.0.0 Safari/537.36',
  level: 'error',
  message: 'Request Error',
  timestamp: '2025-10-02 15:24:38'
}
{
  service: 'barber-app-backend',
  message: 'Application Error Error al obtener reseñas',
  stack: 'CastError: Cast to ObjectId failed for value "stats" (type string) at path "barber" for model "Review"\n' +
    '    at SchemaObjectId.cast (/Users/Sergio/Desktop/BarberApp/barber-app-backend/node_modules/mongoose/lib/schema/objectId.js:251:11)\n' +
    '    at SchemaType.applySetters (/Users/Sergio/Desktop/BarberApp/barber-app-backend/node_modules/mongoose/lib/schemaType.js:1255:12)\n' +
    '    at SchemaType.castForQuery (/Users/Sergio/Desktop/BarberApp/barber-app-backend/node_modules/mongoose/lib/schemaType.js:1673:17)\n' +
    '    at cast (/Users/Sergio/Desktop/BarberApp/barber-app-backend/node_modules/mongoose/lib/cast.js:390:32)\n' +
    '    at Query.cast (/Users/Sergio/Desktop/BarberApp/barber-app-backend/node_modules/mongoose/lib/query.js:4999:12)\n' +
    '    at Query._castConditions (/Users/Sergio/Desktop/BarberApp/barber-app-backend/node_modules/mongoose/lib/query.js:2325:10)\n' +
    '    at model.Query._find (/Users/Sergio/Desktop/BarberApp/barber-app-backend/node_modules/mongoose/lib/query.js:2352:8)\n' +
    '    at model.Query.exec (/Users/Sergio/Desktop/BarberApp/barber-app-backend/node_modules/mongoose/lib/query.js:4548:80)\n' +
    '    at process.processTicksAndRejections (node:internal/process/task_queues:105:5)\n' +
    '    at async getReviewsByBarber (/Users/Sergio/Desktop/BarberApp/barber-app-backend/src/controllers/reviewController.js:35:25)',
  statusCode: 500,
  url: '/api/reviews/barber/stats',
  method: 'GET',
  userId: undefined,
  level: 'error',
  timestamp: '2025-10-02 15:24:39'
}
{
  service: 'barber-app-backend',
  method: 'GET',
  url: '/api/reviews/barber/stats',
  status: 500,
  duration: '4ms',
  ip: '::1',
  userAgent: 'Mozilla/5.0 (Macintosh; Intel Mac OS X 10_15_7) AppleWebKit/537.36 (KHTML, like Gecko) Chrome/140.0.0.0 Safari/537.36',
  level: 'error',
  message: 'Request Error',
  timestamp: '2025-10-02 15:24:39'
}
{
  service: 'barber-app-backend',
  method: 'GET',
  url: '/api/users/profile',
  status: 404,
  duration: '1ms',
  ip: '::1',
  userAgent: 'Mozilla/5.0 (Macintosh; Intel Mac OS X 10_15_7) AppleWebKit/537.36 (KHTML, like Gecko) Chrome/140.0.0.0 Safari/537.36',
  level: 'error',
  message: 'Request Error',
  timestamp: '2025-10-02 15:24:40'
}
{
  service: 'barber-app-backend',
  method: 'GET',
  url: '/api/users/profile',
  status: 404,
  duration: '1ms',
  ip: '::1',
  userAgent: 'Mozilla/5.0 (Macintosh; Intel Mac OS X 10_15_7) AppleWebKit/537.36 (KHTML, like Gecko) Chrome/140.0.0.0 Safari/537.36',
  level: 'error',
  message: 'Request Error',
  timestamp: '2025-10-02 15:24:41'
}
{
  service: 'barber-app-backend',
  method: 'PATCH',
  url: '/api/bookings/68dc099887d370143141941a',
  status: 400,
  duration: '200ms',
  ip: '::1',
  userAgent: 'Mozilla/5.0 (Macintosh; Intel Mac OS X 10_15_7) AppleWebKit/537.36 (KHTML, like Gecko) Chrome/140.0.0.0 Safari/537.36',
  userId: '68dc02d6470d4c12e447aab5',
  userRole: 'barber',
  level: 'error',
  message: 'Request Error',
  timestamp: '2025-10-02 15:25:12'
}
{
  service: 'barber-app-backend',
  method: 'PATCH',
  url: '/api/bookings/68dc099887d370143141941a',
  status: 400,
  duration: '175ms',
  ip: '::1',
  userAgent: 'Mozilla/5.0 (Macintosh; Intel Mac OS X 10_15_7) AppleWebKit/537.36 (KHTML, like Gecko) Chrome/140.0.0.0 Safari/537.36',
  userId: '68dc02d6470d4c12e447aab5',
  userRole: 'barber',
  level: 'error',
  message: 'Request Error',
  timestamp: '2025-10-02 15:25:13'
}
{
  service: 'barber-app-backend',
  method: 'GET',
  url: '/api/clients/barber',
  status: 404,
  duration: '2ms',
  ip: '::1',
  userAgent: 'Mozilla/5.0 (Macintosh; Intel Mac OS X 10_15_7) AppleWebKit/537.36 (KHTML, like Gecko) Chrome/140.0.0.0 Safari/537.36',
  level: 'error',
  message: 'Request Error',
  timestamp: '2025-10-02 15:25:31'
}
{
  service: 'barber-app-backend',
  method: 'DELETE',
  url: '/api/services/custom/68cc5cb0c2809f94bbe92e2f',
  status: 404,
  duration: '220ms',
  ip: '::1',
  userAgent: 'Mozilla/5.0 (iPhone; CPU iPhone OS 18_5 like Mac OS X) AppleWebKit/605.1.15 (KHTML, like Gecko) Version/18.5 Mobile/15E148 Safari/604.1',
  userId: '68dc02d6470d4c12e447aab5',
  userRole: 'barber',
  level: 'error',
  message: 'Request Error',
  timestamp: '2025-10-02 15:27:45'
}
{
  service: 'barber-app-backend',
  method: 'DELETE',
  url: '/api/services/custom/68cc5cb0c2809f94bbe92e2f',
  status: 404,
  duration: '185ms',
  ip: '::1',
  userAgent: 'Mozilla/5.0 (iPhone; CPU iPhone OS 18_5 like Mac OS X) AppleWebKit/605.1.15 (KHTML, like Gecko) Version/18.5 Mobile/15E148 Safari/604.1',
  userId: '68dc02d6470d4c12e447aab5',
  userRole: 'barber',
  level: 'error',
  message: 'Request Error',
  timestamp: '2025-10-02 15:27:45'
}
{
  service: 'barber-app-backend',
  method: 'DELETE',
  url: '/api/services/custom/68cc5cb0c2809f94bbe92e2f',
  status: 404,
  duration: '166ms',
  ip: '::1',
  userAgent: 'Mozilla/5.0 (iPhone; CPU iPhone OS 18_5 like Mac OS X) AppleWebKit/605.1.15 (KHTML, like Gecko) Version/18.5 Mobile/15E148 Safari/604.1',
  userId: '68dc02d6470d4c12e447aab5',
  userRole: 'barber',
  level: 'error',
  message: 'Request Error',
  timestamp: '2025-10-02 15:27:46'
}
{
  service: 'barber-app-backend',
  method: 'DELETE',
  url: '/api/services/custom/68cc5cb0c2809f94bbe92e2f',
  status: 404,
  duration: '145ms',
  ip: '::1',
  userAgent: 'Mozilla/5.0 (iPhone; CPU iPhone OS 18_5 like Mac OS X) AppleWebKit/605.1.15 (KHTML, like Gecko) Version/18.5 Mobile/15E148 Safari/604.1',
  userId: '68dc02d6470d4c12e447aab5',
  userRole: 'barber',
  level: 'error',
  message: 'Request Error',
  timestamp: '2025-10-02 15:27:46'
}
{
  service: 'barber-app-backend',
  method: 'DELETE',
  url: '/api/services/custom/68cc5cb0c2809f94bbe92e2f',
  status: 404,
  duration: '151ms',
  ip: '::1',
  userAgent: 'Mozilla/5.0 (iPhone; CPU iPhone OS 18_5 like Mac OS X) AppleWebKit/605.1.15 (KHTML, like Gecko) Version/18.5 Mobile/15E148 Safari/604.1',
  userId: '68dc02d6470d4c12e447aab5',
  userRole: 'barber',
  level: 'error',
  message: 'Request Error',
  timestamp: '2025-10-02 15:27:46'
}
{
  service: 'barber-app-backend',
  method: 'DELETE',
  url: '/api/services/custom/68cc5cb0c2809f94bbe92e2f',
  status: 404,
  duration: '143ms',
  ip: '::1',
  userAgent: 'Mozilla/5.0 (iPhone; CPU iPhone OS 18_5 like Mac OS X) AppleWebKit/605.1.15 (KHTML, like Gecko) Version/18.5 Mobile/15E148 Safari/604.1',
  userId: '68dc02d6470d4c12e447aab5',
  userRole: 'barber',
  level: 'error',
  message: 'Request Error',
  timestamp: '2025-10-02 15:27:46'
}
{
  service: 'barber-app-backend',
  method: 'DELETE',
  url: '/api/services/custom/68cc5cb0c2809f94bbe92e2f',
  status: 404,
  duration: '142ms',
  ip: '::1',
  userAgent: 'Mozilla/5.0 (iPhone; CPU iPhone OS 18_5 like Mac OS X) AppleWebKit/605.1.15 (KHTML, like Gecko) Version/18.5 Mobile/15E148 Safari/604.1',
  userId: '68dc02d6470d4c12e447aab5',
  userRole: 'barber',
  level: 'error',
  message: 'Request Error',
  timestamp: '2025-10-02 15:27:47'
}
{
  service: 'barber-app-backend',
  method: 'DELETE',
  url: '/api/services/custom/68cc5cb0c2809f94bbe92e2f',
  status: 404,
  duration: '147ms',
  ip: '::1',
  userAgent: 'Mozilla/5.0 (iPhone; CPU iPhone OS 18_5 like Mac OS X) AppleWebKit/605.1.15 (KHTML, like Gecko) Version/18.5 Mobile/15E148 Safari/604.1',
  userId: '68dc02d6470d4c12e447aab5',
  userRole: 'barber',
  level: 'error',
  message: 'Request Error',
  timestamp: '2025-10-02 15:27:47'
}
{
  service: 'barber-app-backend',
  method: 'GET',
  url: '/api/clients/barber',
  status: 404,
  duration: '1ms',
  ip: '::1',
  userAgent: 'Mozilla/5.0 (Macintosh; Intel Mac OS X 10_15_7) AppleWebKit/537.36 (KHTML, like Gecko) Chrome/140.0.0.0 Safari/537.36',
  level: 'error',
  message: 'Request Error',
  timestamp: '2025-10-02 15:37:55'
}
{
  service: 'barber-app-backend',
  method: 'GET',
  url: '/api/clients/barber',
  status: 404,
  duration: '1ms',
  ip: '::1',
  userAgent: 'Mozilla/5.0 (Macintosh; Intel Mac OS X 10_15_7) AppleWebKit/537.36 (KHTML, like Gecko) Chrome/140.0.0.0 Safari/537.36',
  level: 'error',
  message: 'Request Error',
  timestamp: '2025-10-02 15:37:56'
}
{
  service: 'barber-app-backend',
  message: 'Application Error Error al obtener reseñas',
  stack: 'CastError: Cast to ObjectId failed for value "stats" (type string) at path "barber" for model "Review"\n' +
    '    at SchemaObjectId.cast (/Users/Sergio/Desktop/BarberApp/barber-app-backend/node_modules/mongoose/lib/schema/objectId.js:251:11)\n' +
    '    at SchemaType.applySetters (/Users/Sergio/Desktop/BarberApp/barber-app-backend/node_modules/mongoose/lib/schemaType.js:1255:12)\n' +
    '    at SchemaType.castForQuery (/Users/Sergio/Desktop/BarberApp/barber-app-backend/node_modules/mongoose/lib/schemaType.js:1673:17)\n' +
    '    at cast (/Users/Sergio/Desktop/BarberApp/barber-app-backend/node_modules/mongoose/lib/cast.js:390:32)\n' +
    '    at Query.cast (/Users/Sergio/Desktop/BarberApp/barber-app-backend/node_modules/mongoose/lib/query.js:4999:12)\n' +
    '    at Query._castConditions (/Users/Sergio/Desktop/BarberApp/barber-app-backend/node_modules/mongoose/lib/query.js:2325:10)\n' +
    '    at model.Query._find (/Users/Sergio/Desktop/BarberApp/barber-app-backend/node_modules/mongoose/lib/query.js:2352:8)\n' +
    '    at model.Query.exec (/Users/Sergio/Desktop/BarberApp/barber-app-backend/node_modules/mongoose/lib/query.js:4548:80)\n' +
    '    at process.processTicksAndRejections (node:internal/process/task_queues:105:5)\n' +
    '    at async getReviewsByBarber (/Users/Sergio/Desktop/BarberApp/barber-app-backend/src/controllers/reviewController.js:35:25)',
  statusCode: 500,
  url: '/api/reviews/barber/stats',
  method: 'GET',
  userId: undefined,
  level: 'error',
  timestamp: '2025-10-02 15:37:57'
}
{
  service: 'barber-app-backend',
  method: 'GET',
  url: '/api/reviews/barber/stats',
  status: 500,
  duration: '3ms',
  ip: '::1',
  userAgent: 'Mozilla/5.0 (Macintosh; Intel Mac OS X 10_15_7) AppleWebKit/537.36 (KHTML, like Gecko) Chrome/140.0.0.0 Safari/537.36',
  level: 'error',
  message: 'Request Error',
  timestamp: '2025-10-02 15:37:57'
}
{
  service: 'barber-app-backend',
  message: 'Application Error Error al obtener reseñas',
  stack: 'CastError: Cast to ObjectId failed for value "stats" (type string) at path "barber" for model "Review"\n' +
    '    at SchemaObjectId.cast (/Users/Sergio/Desktop/BarberApp/barber-app-backend/node_modules/mongoose/lib/schema/objectId.js:251:11)\n' +
    '    at SchemaType.applySetters (/Users/Sergio/Desktop/BarberApp/barber-app-backend/node_modules/mongoose/lib/schemaType.js:1255:12)\n' +
    '    at SchemaType.castForQuery (/Users/Sergio/Desktop/BarberApp/barber-app-backend/node_modules/mongoose/lib/schemaType.js:1673:17)\n' +
    '    at cast (/Users/Sergio/Desktop/BarberApp/barber-app-backend/node_modules/mongoose/lib/cast.js:390:32)\n' +
    '    at Query.cast (/Users/Sergio/Desktop/BarberApp/barber-app-backend/node_modules/mongoose/lib/query.js:4999:12)\n' +
    '    at Query._castConditions (/Users/Sergio/Desktop/BarberApp/barber-app-backend/node_modules/mongoose/lib/query.js:2325:10)\n' +
    '    at model.Query._find (/Users/Sergio/Desktop/BarberApp/barber-app-backend/node_modules/mongoose/lib/query.js:2352:8)\n' +
    '    at model.Query.exec (/Users/Sergio/Desktop/BarberApp/barber-app-backend/node_modules/mongoose/lib/query.js:4548:80)\n' +
    '    at process.processTicksAndRejections (node:internal/process/task_queues:105:5)\n' +
    '    at async getReviewsByBarber (/Users/Sergio/Desktop/BarberApp/barber-app-backend/src/controllers/reviewController.js:35:25)',
  statusCode: 500,
  url: '/api/reviews/barber/stats',
  method: 'GET',
  userId: undefined,
  level: 'error',
  timestamp: '2025-10-02 15:37:58'
}
{
  service: 'barber-app-backend',
  method: 'GET',
  url: '/api/reviews/barber/stats',
  status: 500,
  duration: '3ms',
  ip: '::1',
  userAgent: 'Mozilla/5.0 (Macintosh; Intel Mac OS X 10_15_7) AppleWebKit/537.36 (KHTML, like Gecko) Chrome/140.0.0.0 Safari/537.36',
  level: 'error',
  message: 'Request Error',
  timestamp: '2025-10-02 15:37:58'
}
{
  service: 'barber-app-backend',
  method: 'GET',
  url: '/api/users/profile',
  status: 404,
  duration: '2ms',
  ip: '::1',
  userAgent: 'Mozilla/5.0 (Macintosh; Intel Mac OS X 10_15_7) AppleWebKit/537.36 (KHTML, like Gecko) Chrome/140.0.0.0 Safari/537.36',
  level: 'error',
  message: 'Request Error',
  timestamp: '2025-10-02 15:37:58'
}
{
  service: 'barber-app-backend',
  method: 'GET',
  url: '/api/clients/barber',
  status: 404,
  duration: '2ms',
  ip: '::1',
  userAgent: 'Mozilla/5.0 (Macintosh; Intel Mac OS X 10_15_7) AppleWebKit/537.36 (KHTML, like Gecko) Chrome/140.0.0.0 Safari/537.36',
  level: 'error',
  message: 'Request Error',
  timestamp: '2025-10-02 15:39:35'
}
{
  service: 'barber-app-backend',
  method: 'GET',
  url: '/api/clients/barber',
  status: 404,
  duration: '1ms',
  ip: '::1',
  userAgent: 'Mozilla/5.0 (Macintosh; Intel Mac OS X 10_15_7) AppleWebKit/537.36 (KHTML, like Gecko) Chrome/140.0.0.0 Safari/537.36',
  level: 'error',
  message: 'Request Error',
  timestamp: '2025-10-02 15:39:36'
}
{
  service: 'barber-app-backend',
  method: 'GET',
  url: '/api/clients/barber',
  status: 404,
  duration: '0ms',
  ip: '::1',
  userAgent: 'Mozilla/5.0 (Macintosh; Intel Mac OS X 10_15_7) AppleWebKit/537.36 (KHTML, like Gecko) Chrome/140.0.0.0 Safari/537.36',
  level: 'error',
  message: 'Request Error',
  timestamp: '2025-10-02 15:39:38'
}
{
  service: 'barber-app-backend',
  message: 'Application Error Error al obtener reseñas',
  stack: 'CastError: Cast to ObjectId failed for value "stats" (type string) at path "barber" for model "Review"\n' +
    '    at SchemaObjectId.cast (/Users/Sergio/Desktop/BarberApp/barber-app-backend/node_modules/mongoose/lib/schema/objectId.js:251:11)\n' +
    '    at SchemaType.applySetters (/Users/Sergio/Desktop/BarberApp/barber-app-backend/node_modules/mongoose/lib/schemaType.js:1255:12)\n' +
    '    at SchemaType.castForQuery (/Users/Sergio/Desktop/BarberApp/barber-app-backend/node_modules/mongoose/lib/schemaType.js:1673:17)\n' +
    '    at cast (/Users/Sergio/Desktop/BarberApp/barber-app-backend/node_modules/mongoose/lib/cast.js:390:32)\n' +
    '    at Query.cast (/Users/Sergio/Desktop/BarberApp/barber-app-backend/node_modules/mongoose/lib/query.js:4999:12)\n' +
    '    at Query._castConditions (/Users/Sergio/Desktop/BarberApp/barber-app-backend/node_modules/mongoose/lib/query.js:2325:10)\n' +
    '    at model.Query._find (/Users/Sergio/Desktop/BarberApp/barber-app-backend/node_modules/mongoose/lib/query.js:2352:8)\n' +
    '    at model.Query.exec (/Users/Sergio/Desktop/BarberApp/barber-app-backend/node_modules/mongoose/lib/query.js:4548:80)\n' +
    '    at process.processTicksAndRejections (node:internal/process/task_queues:105:5)\n' +
    '    at async getReviewsByBarber (/Users/Sergio/Desktop/BarberApp/barber-app-backend/src/controllers/reviewController.js:35:25)',
  statusCode: 500,
  url: '/api/reviews/barber/stats',
  method: 'GET',
  userId: undefined,
  level: 'error',
  timestamp: '2025-10-02 15:39:40'
}
{
  service: 'barber-app-backend',
  method: 'GET',
  url: '/api/reviews/barber/stats',
  status: 500,
  duration: '2ms',
  ip: '::1',
  userAgent: 'Mozilla/5.0 (Macintosh; Intel Mac OS X 10_15_7) AppleWebKit/537.36 (KHTML, like Gecko) Chrome/140.0.0.0 Safari/537.36',
  level: 'error',
  message: 'Request Error',
  timestamp: '2025-10-02 15:39:40'
}
{
  service: 'barber-app-backend',
  message: 'Application Error Error al obtener reseñas',
  stack: 'CastError: Cast to ObjectId failed for value "stats" (type string) at path "barber" for model "Review"\n' +
    '    at SchemaObjectId.cast (/Users/Sergio/Desktop/BarberApp/barber-app-backend/node_modules/mongoose/lib/schema/objectId.js:251:11)\n' +
    '    at SchemaType.applySetters (/Users/Sergio/Desktop/BarberApp/barber-app-backend/node_modules/mongoose/lib/schemaType.js:1255:12)\n' +
    '    at SchemaType.castForQuery (/Users/Sergio/Desktop/BarberApp/barber-app-backend/node_modules/mongoose/lib/schemaType.js:1673:17)\n' +
    '    at cast (/Users/Sergio/Desktop/BarberApp/barber-app-backend/node_modules/mongoose/lib/cast.js:390:32)\n' +
    '    at Query.cast (/Users/Sergio/Desktop/BarberApp/barber-app-backend/node_modules/mongoose/lib/query.js:4999:12)\n' +
    '    at Query._castConditions (/Users/Sergio/Desktop/BarberApp/barber-app-backend/node_modules/mongoose/lib/query.js:2325:10)\n' +
    '    at model.Query._find (/Users/Sergio/Desktop/BarberApp/barber-app-backend/node_modules/mongoose/lib/query.js:2352:8)\n' +
    '    at model.Query.exec (/Users/Sergio/Desktop/BarberApp/barber-app-backend/node_modules/mongoose/lib/query.js:4548:80)\n' +
    '    at process.processTicksAndRejections (node:internal/process/task_queues:105:5)\n' +
    '    at async getReviewsByBarber (/Users/Sergio/Desktop/BarberApp/barber-app-backend/src/controllers/reviewController.js:35:25)',
  statusCode: 500,
  url: '/api/reviews/barber/stats',
  method: 'GET',
  userId: undefined,
  level: 'error',
  timestamp: '2025-10-02 15:39:41'
}
{
  service: 'barber-app-backend',
  method: 'GET',
  url: '/api/reviews/barber/stats',
  status: 500,
  duration: '1ms',
  ip: '::1',
  userAgent: 'Mozilla/5.0 (Macintosh; Intel Mac OS X 10_15_7) AppleWebKit/537.36 (KHTML, like Gecko) Chrome/140.0.0.0 Safari/537.36',
  level: 'error',
  message: 'Request Error',
  timestamp: '2025-10-02 15:39:41'
}
{
  service: 'barber-app-backend',
  method: 'GET',
  url: '/api/clients/barber',
  status: 404,
  duration: '0ms',
  ip: '::1',
  userAgent: 'Mozilla/5.0 (Macintosh; Intel Mac OS X 10_15_7) AppleWebKit/537.36 (KHTML, like Gecko) Chrome/140.0.0.0 Safari/537.36',
  level: 'error',
  message: 'Request Error',
  timestamp: '2025-10-02 15:52:30'
}
{
  service: 'barber-app-backend',
  message: 'Application Error Error al obtener reseñas',
  stack: 'CastError: Cast to ObjectId failed for value "stats" (type string) at path "barber" for model "Review"\n' +
    '    at SchemaObjectId.cast (/Users/Sergio/Desktop/BarberApp/barber-app-backend/node_modules/mongoose/lib/schema/objectId.js:251:11)\n' +
    '    at SchemaType.applySetters (/Users/Sergio/Desktop/BarberApp/barber-app-backend/node_modules/mongoose/lib/schemaType.js:1255:12)\n' +
    '    at SchemaType.castForQuery (/Users/Sergio/Desktop/BarberApp/barber-app-backend/node_modules/mongoose/lib/schemaType.js:1673:17)\n' +
    '    at cast (/Users/Sergio/Desktop/BarberApp/barber-app-backend/node_modules/mongoose/lib/cast.js:390:32)\n' +
    '    at Query.cast (/Users/Sergio/Desktop/BarberApp/barber-app-backend/node_modules/mongoose/lib/query.js:4999:12)\n' +
    '    at Query._castConditions (/Users/Sergio/Desktop/BarberApp/barber-app-backend/node_modules/mongoose/lib/query.js:2325:10)\n' +
    '    at model.Query._find (/Users/Sergio/Desktop/BarberApp/barber-app-backend/node_modules/mongoose/lib/query.js:2352:8)\n' +
    '    at model.Query.exec (/Users/Sergio/Desktop/BarberApp/barber-app-backend/node_modules/mongoose/lib/query.js:4548:80)\n' +
    '    at process.processTicksAndRejections (node:internal/process/task_queues:105:5)\n' +
    '    at async getReviewsByBarber (/Users/Sergio/Desktop/BarberApp/barber-app-backend/src/controllers/reviewController.js:35:25)',
  statusCode: 500,
  url: '/api/reviews/barber/stats',
  method: 'GET',
  userId: undefined,
  level: 'error',
  timestamp: '2025-10-02 15:52:31'
}
{
  service: 'barber-app-backend',
  method: 'GET',
  url: '/api/reviews/barber/stats',
  status: 500,
  duration: '3ms',
  ip: '::1',
  userAgent: 'Mozilla/5.0 (Macintosh; Intel Mac OS X 10_15_7) AppleWebKit/537.36 (KHTML, like Gecko) Chrome/140.0.0.0 Safari/537.36',
  level: 'error',
  message: 'Request Error',
  timestamp: '2025-10-02 15:52:31'
}
{
  service: 'barber-app-backend',
  method: 'GET',
  url: '/api/users/profile',
  status: 404,
  duration: '4ms',
  ip: '::1',
  userAgent: 'Mozilla/5.0 (Macintosh; Intel Mac OS X 10_15_7) AppleWebKit/537.36 (KHTML, like Gecko) Chrome/140.0.0.0 Safari/537.36',
  level: 'error',
  message: 'Request Error',
  timestamp: '2025-10-02 15:52:32'
}
{
  service: 'barber-app-backend',
  method: 'GET',
  url: '/api/users/profile',
  status: 404,
  duration: '1ms',
  ip: '::1',
  userAgent: 'Mozilla/5.0 (Macintosh; Intel Mac OS X 10_15_7) AppleWebKit/537.36 (KHTML, like Gecko) Chrome/140.0.0.0 Safari/537.36',
  level: 'error',
  message: 'Request Error',
  timestamp: '2025-10-02 15:52:33'
}
{
  service: 'barber-app-backend',
  method: 'PATCH',
  url: '/api/bookings/68dc099887d370143141941a',
  status: 400,
  duration: '157ms',
  ip: '::1',
  userAgent: 'Mozilla/5.0 (Macintosh; Intel Mac OS X 10_15_7) AppleWebKit/537.36 (KHTML, like Gecko) Chrome/140.0.0.0 Safari/537.36',
  userId: '68dc02d6470d4c12e447aab5',
  userRole: 'barber',
  level: 'error',
  message: 'Request Error',
  timestamp: '2025-10-02 15:52:41'
}
{
  service: 'barber-app-backend',
  method: 'PATCH',
  url: '/api/bookings/68dc099887d370143141941a',
  status: 400,
  duration: '144ms',
  ip: '::1',
  userAgent: 'Mozilla/5.0 (Macintosh; Intel Mac OS X 10_15_7) AppleWebKit/537.36 (KHTML, like Gecko) Chrome/140.0.0.0 Safari/537.36',
  userId: '68dc02d6470d4c12e447aab5',
  userRole: 'barber',
  level: 'error',
  message: 'Request Error',
  timestamp: '2025-10-02 15:52:42'
}
{
  service: 'barber-app-backend',
  method: 'PATCH',
  url: '/api/bookings/68ded0834e385058289fff8b',
  status: 400,
  duration: '151ms',
  ip: '::1',
  userAgent: 'Mozilla/5.0 (Macintosh; Intel Mac OS X 10_15_7) AppleWebKit/537.36 (KHTML, like Gecko) Chrome/140.0.0.0 Safari/537.36',
  userId: '68dc02d6470d4c12e447aab5',
  userRole: 'barber',
  level: 'error',
  message: 'Request Error',
  timestamp: '2025-10-02 15:52:46'
}
{
  service: 'barber-app-backend',
  method: 'PATCH',
  url: '/api/bookings/68ded0834e385058289fff8b',
  status: 400,
  duration: '147ms',
  ip: '::1',
  userAgent: 'Mozilla/5.0 (Macintosh; Intel Mac OS X 10_15_7) AppleWebKit/537.36 (KHTML, like Gecko) Chrome/140.0.0.0 Safari/537.36',
  userId: '68dc02d6470d4c12e447aab5',
  userRole: 'barber',
  level: 'error',
  message: 'Request Error',
  timestamp: '2025-10-02 15:52:47'
}
{
  service: 'barber-app-backend',
  method: 'PATCH',
  url: '/api/bookings/68ded0834e385058289fff8b',
  status: 400,
  duration: '149ms',
  ip: '::1',
  userAgent: 'Mozilla/5.0 (Macintosh; Intel Mac OS X 10_15_7) AppleWebKit/537.36 (KHTML, like Gecko) Chrome/140.0.0.0 Safari/537.36',
  userId: '68dc02d6470d4c12e447aab5',
  userRole: 'barber',
  level: 'error',
  message: 'Request Error',
  timestamp: '2025-10-02 15:52:48'
}
{
  service: 'barber-app-backend',
  method: 'PATCH',
  url: '/api/bookings/68ded0834e385058289fff8b',
  status: 400,
  duration: '156ms',
  ip: '::1',
  userAgent: 'Mozilla/5.0 (Macintosh; Intel Mac OS X 10_15_7) AppleWebKit/537.36 (KHTML, like Gecko) Chrome/140.0.0.0 Safari/537.36',
  userId: '68dc02d6470d4c12e447aab5',
  userRole: 'barber',
  level: 'error',
  message: 'Request Error',
  timestamp: '2025-10-02 15:52:49'
}
{
  service: 'barber-app-backend',
  method: 'POST',
  url: '/api/auth/login',
  status: 404,
  duration: '85ms',
  ip: '::1',
  userAgent: 'Mozilla/5.0 (Macintosh; Intel Mac OS X 10_15_7) AppleWebKit/537.36 (KHTML, like Gecko) Chrome/140.0.0.0 Safari/537.36',
  level: 'error',
  message: 'Request Error',
  timestamp: '2025-10-02 15:53:36'
}
{
  service: 'barber-app-backend',
  method: 'GET',
  url: '/api/bookings',
  status: 429,
  duration: '2ms',
  ip: '::1',
  userAgent: 'Mozilla/5.0 (Macintosh; Intel Mac OS X 10_15_7) AppleWebKit/537.36 (KHTML, like Gecko) Chrome/140.0.0.0 Safari/537.36',
  level: 'error',
  message: 'Request Error',
  timestamp: '2025-10-02 15:53:46'
}
{
  service: 'barber-app-backend',
  method: 'GET',
  url: '/api/bookings?status=completed&limit=5',
  status: 429,
  duration: '0ms',
  ip: '::1',
  userAgent: 'Mozilla/5.0 (Macintosh; Intel Mac OS X 10_15_7) AppleWebKit/537.36 (KHTML, like Gecko) Chrome/140.0.0.0 Safari/537.36',
  level: 'error',
  message: 'Request Error',
  timestamp: '2025-10-02 15:53:46'
}
{
  service: 'barber-app-backend',
  method: 'GET',
  url: '/api/barbers/favorites',
  status: 404,
  duration: '0ms',
  ip: '::1',
  userAgent: 'Mozilla/5.0 (Macintosh; Intel Mac OS X 10_15_7) AppleWebKit/537.36 (KHTML, like Gecko) Chrome/140.0.0.0 Safari/537.36',
  level: 'error',
  message: 'Request Error',
  timestamp: '2025-10-02 15:53:46'
}
{
  service: 'barber-app-backend',
  method: 'GET',
  url: '/api/bookings',
  status: 429,
  duration: '1ms',
  ip: '::1',
  userAgent: 'Mozilla/5.0 (Macintosh; Intel Mac OS X 10_15_7) AppleWebKit/537.36 (KHTML, like Gecko) Chrome/140.0.0.0 Safari/537.36',
  level: 'error',
  message: 'Request Error',
  timestamp: '2025-10-02 15:53:47'
}
{
  service: 'barber-app-backend',
  method: 'GET',
  url: '/api/bookings?status=completed&limit=5',
  status: 429,
  duration: '1ms',
  ip: '::1',
  userAgent: 'Mozilla/5.0 (Macintosh; Intel Mac OS X 10_15_7) AppleWebKit/537.36 (KHTML, like Gecko) Chrome/140.0.0.0 Safari/537.36',
  level: 'error',
  message: 'Request Error',
  timestamp: '2025-10-02 15:53:47'
}
{
  service: 'barber-app-backend',
  method: 'GET',
  url: '/api/barbers/favorites',
  status: 404,
  duration: '0ms',
  ip: '::1',
  userAgent: 'Mozilla/5.0 (Macintosh; Intel Mac OS X 10_15_7) AppleWebKit/537.36 (KHTML, like Gecko) Chrome/140.0.0.0 Safari/537.36',
  level: 'error',
  message: 'Request Error',
  timestamp: '2025-10-02 15:53:47'
}
{
  service: 'barber-app-backend',
  method: 'GET',
  url: '/api/bookings',
  status: 429,
  duration: '0ms',
  ip: '::1',
  userAgent: 'Mozilla/5.0 (Macintosh; Intel Mac OS X 10_15_7) AppleWebKit/537.36 (KHTML, like Gecko) Chrome/140.0.0.0 Safari/537.36',
  level: 'error',
  message: 'Request Error',
  timestamp: '2025-10-02 15:53:49'
}
{
  service: 'barber-app-backend',
  method: 'GET',
  url: '/api/barbers/favorites',
  status: 404,
  duration: '0ms',
  ip: '::1',
  userAgent: 'Mozilla/5.0 (Macintosh; Intel Mac OS X 10_15_7) AppleWebKit/537.36 (KHTML, like Gecko) Chrome/140.0.0.0 Safari/537.36',
  level: 'error',
  message: 'Request Error',
  timestamp: '2025-10-02 15:53:49'
}
{
  service: 'barber-app-backend',
  method: 'GET',
  url: '/api/bookings?status=completed&limit=5',
  status: 429,
  duration: '1ms',
  ip: '::1',
  userAgent: 'Mozilla/5.0 (Macintosh; Intel Mac OS X 10_15_7) AppleWebKit/537.36 (KHTML, like Gecko) Chrome/140.0.0.0 Safari/537.36',
  level: 'error',
  message: 'Request Error',
  timestamp: '2025-10-02 15:53:49'
}
{
  service: 'barber-app-backend',
  method: 'GET',
  url: '/api/bookings/availability?barbershopId=68cc5cb0c2809f94bbe92e2e&barberId=68dc02d6470d4c12e447aab5&serviceId=68cc5cb0c2809f94bbe92e30&date=2025-10-02',
  status: 429,
  duration: '0ms',
  ip: '::1',
  userAgent: 'Mozilla/5.0 (Macintosh; Intel Mac OS X 10_15_7) AppleWebKit/537.36 (KHTML, like Gecko) Chrome/140.0.0.0 Safari/537.36',
  level: 'error',
  message: 'Request Error',
  timestamp: '2025-10-02 15:53:57'
}
{
  service: 'barber-app-backend',
  method: 'GET',
  url: '/api/bookings/availability?barbershopId=68cc5cb0c2809f94bbe92e2e&barberId=68dc02d6470d4c12e447aab5&serviceId=68cc5cb0c2809f94bbe92e30&date=2025-10-02',
  status: 429,
  duration: '1ms',
  ip: '::1',
  userAgent: 'Mozilla/5.0 (Macintosh; Intel Mac OS X 10_15_7) AppleWebKit/537.36 (KHTML, like Gecko) Chrome/140.0.0.0 Safari/537.36',
  level: 'error',
  message: 'Request Error',
  timestamp: '2025-10-02 15:53:58'
}
{
  service: 'barber-app-backend',
  method: 'GET',
  url: '/api/bookings/availability?barbershopId=68cc5cb0c2809f94bbe92e2e&barberId=68dc02d6470d4c12e447aab5&serviceId=68cc5cb0c2809f94bbe92e30&date=2025-10-02',
  status: 429,
  duration: '1ms',
  ip: '::1',
  userAgent: 'Mozilla/5.0 (Macintosh; Intel Mac OS X 10_15_7) AppleWebKit/537.36 (KHTML, like Gecko) Chrome/140.0.0.0 Safari/537.36',
  level: 'error',
  message: 'Request Error',
  timestamp: '2025-10-02 15:54:00'
}
{
  service: 'barber-app-backend',
  method: 'POST',
  url: '/api/bookings',
  status: 404,
  duration: '384ms',
  ip: '::1',
  userAgent: 'Mozilla/5.0 (Macintosh; Intel Mac OS X 10_15_7) AppleWebKit/537.36 (KHTML, like Gecko) Chrome/140.0.0.0 Safari/537.36',
  userId: '68dbe16be9141724d90142ad',
  userRole: 'client',
  level: 'error',
  message: 'Request Error',
  timestamp: '2025-10-02 15:54:32'
}
{
  service: 'barber-app-backend',
  method: 'POST',
  url: '/api/bookings',
  status: 404,
  duration: '369ms',
  ip: '::1',
  userAgent: 'Mozilla/5.0 (Macintosh; Intel Mac OS X 10_15_7) AppleWebKit/537.36 (KHTML, like Gecko) Chrome/140.0.0.0 Safari/537.36',
  userId: '68dbe16be9141724d90142ad',
  userRole: 'client',
  level: 'error',
  message: 'Request Error',
  timestamp: '2025-10-02 15:54:33'
}
{
  service: 'barber-app-backend',
  method: 'GET',
  url: '/api/barbers/favorites',
  status: 404,
  duration: '1ms',
  ip: '::1',
  userAgent: 'Mozilla/5.0 (Macintosh; Intel Mac OS X 10_15_7) AppleWebKit/537.36 (KHTML, like Gecko) Chrome/140.0.0.0 Safari/537.36',
  level: 'error',
  message: 'Request Error',
  timestamp: '2025-10-02 15:54:42'
}
{
  service: 'barber-app-backend',
  method: 'GET',
  url: '/api/barbers/favorites',
  status: 404,
  duration: '2ms',
  ip: '::1',
  userAgent: 'Mozilla/5.0 (Macintosh; Intel Mac OS X 10_15_7) AppleWebKit/537.36 (KHTML, like Gecko) Chrome/140.0.0.0 Safari/537.36',
  level: 'error',
  message: 'Request Error',
  timestamp: '2025-10-02 15:54:43'
}
{
  service: 'barber-app-backend',
  method: 'GET',
  url: '/api/barbers/favorites',
  status: 404,
  duration: '4ms',
  ip: '::1',
  userAgent: 'Mozilla/5.0 (Macintosh; Intel Mac OS X 10_15_7) AppleWebKit/537.36 (KHTML, like Gecko) Chrome/140.0.0.0 Safari/537.36',
  level: 'error',
  message: 'Request Error',
  timestamp: '2025-10-02 15:54:45'
}
{
  service: 'barber-app-backend',
  method: 'GET',
  url: '/api/barbers/favorites',
  status: 404,
  duration: '1ms',
  ip: '::1',
  userAgent: 'Mozilla/5.0 (Macintosh; Intel Mac OS X 10_15_7) AppleWebKit/537.36 (KHTML, like Gecko) Chrome/140.0.0.0 Safari/537.36',
  level: 'error',
  message: 'Request Error',
  timestamp: '2025-10-02 15:57:36'
}
{
  service: 'barber-app-backend',
  method: 'GET',
  url: '/api/barbers/favorites',
  status: 404,
  duration: '1ms',
  ip: '::1',
  userAgent: 'Mozilla/5.0 (Macintosh; Intel Mac OS X 10_15_7) AppleWebKit/537.36 (KHTML, like Gecko) Chrome/140.0.0.0 Safari/537.36',
  level: 'error',
  message: 'Request Error',
  timestamp: '2025-10-02 15:57:37'
}
{
  service: 'barber-app-backend',
  method: 'GET',
  url: '/api/barbers/favorites',
  status: 404,
  duration: '4ms',
  ip: '::1',
  userAgent: 'Mozilla/5.0 (Macintosh; Intel Mac OS X 10_15_7) AppleWebKit/537.36 (KHTML, like Gecko) Chrome/140.0.0.0 Safari/537.36',
  level: 'error',
  message: 'Request Error',
  timestamp: '2025-10-02 15:57:39'
}
{
  service: 'barber-app-backend',
  method: 'GET',
  url: '/api/barbers/favorites',
  status: 404,
  duration: '15ms',
  ip: '::1',
  userAgent: 'Mozilla/5.0 (Macintosh; Intel Mac OS X 10_15_7) AppleWebKit/537.36 (KHTML, like Gecko) Chrome/140.0.0.0 Safari/537.36',
  level: 'error',
  message: 'Request Error',
  timestamp: '2025-10-02 16:19:36'
}
{
  service: 'barber-app-backend',
  method: 'GET',
  url: '/api/barbers/favorites',
  status: 404,
  duration: '1ms',
  ip: '::1',
  userAgent: 'Mozilla/5.0 (Macintosh; Intel Mac OS X 10_15_7) AppleWebKit/537.36 (KHTML, like Gecko) Chrome/140.0.0.0 Safari/537.36',
  level: 'error',
  message: 'Request Error',
  timestamp: '2025-10-02 16:19:37'
}
{
  service: 'barber-app-backend',
  method: 'GET',
  url: '/api/barbers/favorites',
  status: 404,
  duration: '1ms',
  ip: '::1',
  userAgent: 'Mozilla/5.0 (Macintosh; Intel Mac OS X 10_15_7) AppleWebKit/537.36 (KHTML, like Gecko) Chrome/140.0.0.0 Safari/537.36',
  level: 'error',
  message: 'Request Error',
  timestamp: '2025-10-02 16:19:39'
}
{
  service: 'barber-app-backend',
  method: 'GET',
  url: '/api/barbers/favorites',
  status: 404,
  duration: '2ms',
  ip: '::1',
  userAgent: 'Mozilla/5.0 (Macintosh; Intel Mac OS X 10_15_7) AppleWebKit/537.36 (KHTML, like Gecko) Chrome/140.0.0.0 Safari/537.36',
  level: 'error',
  message: 'Request Error',
  timestamp: '2025-10-02 16:19:40'
}
{
  service: 'barber-app-backend',
  method: 'GET',
  url: '/api/barbers/favorites',
  status: 404,
  duration: '0ms',
  ip: '::1',
  userAgent: 'Mozilla/5.0 (Macintosh; Intel Mac OS X 10_15_7) AppleWebKit/537.36 (KHTML, like Gecko) Chrome/140.0.0.0 Safari/537.36',
  level: 'error',
  message: 'Request Error',
  timestamp: '2025-10-02 16:19:42'
}
{
  service: 'barber-app-backend',
  method: 'GET',
  url: '/api/barbers/favorites',
  status: 404,
  duration: '2ms',
  ip: '::1',
  userAgent: 'Mozilla/5.0 (Macintosh; Intel Mac OS X 10_15_7) AppleWebKit/537.36 (KHTML, like Gecko) Chrome/140.0.0.0 Safari/537.36',
  level: 'error',
  message: 'Request Error',
  timestamp: '2025-10-02 16:20:12'
}
{
  service: 'barber-app-backend',
  method: 'GET',
  url: '/api/barbers/favorites',
  status: 404,
  duration: '2ms',
  ip: '::1',
  userAgent: 'Mozilla/5.0 (Macintosh; Intel Mac OS X 10_15_7) AppleWebKit/537.36 (KHTML, like Gecko) Chrome/140.0.0.0 Safari/537.36',
  level: 'error',
  message: 'Request Error',
  timestamp: '2025-10-02 16:20:13'
}
{
  service: 'barber-app-backend',
  method: 'GET',
  url: '/api/barbers/favorites',
  status: 404,
  duration: '2ms',
  ip: '::1',
  userAgent: 'Mozilla/5.0 (Macintosh; Intel Mac OS X 10_15_7) AppleWebKit/537.36 (KHTML, like Gecko) Chrome/140.0.0.0 Safari/537.36',
  level: 'error',
  message: 'Request Error',
  timestamp: '2025-10-02 16:20:15'
}
{
  service: 'barber-app-backend',
  message: 'Application Error Error al crear reseña',
  stack: 'ValidationError: Review validation failed: barber: Path `barber` is required., booking: Path `booking` is required.\n' +
    '    at Document.invalidate (/Users/Sergio/Desktop/BarberApp/barber-app-backend/node_modules/mongoose/lib/document.js:3343:32)\n' +
    '    at /Users/Sergio/Desktop/BarberApp/barber-app-backend/node_modules/mongoose/lib/document.js:3104:17\n' +
    '    at /Users/Sergio/Desktop/BarberApp/barber-app-backend/node_modules/mongoose/lib/schemaType.js:1407:9\n' +
    '    at process.processTicksAndRejections (node:internal/process/task_queues:85:11)',
  statusCode: 500,
  url: '/api/reviews',
  method: 'POST',
  userId: '68dbe16be9141724d90142ad',
  level: 'error',
  timestamp: '2025-10-02 16:22:07'
}
{
  service: 'barber-app-backend',
  method: 'POST',
  url: '/api/reviews',
  status: 500,
  duration: '202ms',
  ip: '::1',
  userAgent: 'Mozilla/5.0 (Macintosh; Intel Mac OS X 10_15_7) AppleWebKit/537.36 (KHTML, like Gecko) Chrome/140.0.0.0 Safari/537.36',
  userId: '68dbe16be9141724d90142ad',
  userRole: 'client',
  level: 'error',
  message: 'Request Error',
  timestamp: '2025-10-02 16:22:07'
}
{
  service: 'barber-app-backend',
  message: 'Application Error Error al crear reseña',
  stack: 'ValidationError: Review validation failed: barber: Path `barber` is required., booking: Path `booking` is required.\n' +
    '    at Document.invalidate (/Users/Sergio/Desktop/BarberApp/barber-app-backend/node_modules/mongoose/lib/document.js:3343:32)\n' +
    '    at /Users/Sergio/Desktop/BarberApp/barber-app-backend/node_modules/mongoose/lib/document.js:3104:17\n' +
    '    at /Users/Sergio/Desktop/BarberApp/barber-app-backend/node_modules/mongoose/lib/schemaType.js:1407:9\n' +
    '    at process.processTicksAndRejections (node:internal/process/task_queues:85:11)',
  statusCode: 500,
  url: '/api/reviews',
  method: 'POST',
  userId: '68dbe16be9141724d90142ad',
  level: 'error',
  timestamp: '2025-10-02 16:22:08'
}
{
  service: 'barber-app-backend',
  method: 'POST',
  url: '/api/reviews',
  status: 500,
  duration: '195ms',
  ip: '::1',
  userAgent: 'Mozilla/5.0 (Macintosh; Intel Mac OS X 10_15_7) AppleWebKit/537.36 (KHTML, like Gecko) Chrome/140.0.0.0 Safari/537.36',
  userId: '68dbe16be9141724d90142ad',
  userRole: 'client',
  level: 'error',
  message: 'Request Error',
  timestamp: '2025-10-02 16:22:08'
}
{
  service: 'barber-app-backend',
  method: 'GET',
  url: '/api/barbers/favorites',
  status: 404,
  duration: '2ms',
  ip: '::1',
  userAgent: 'Mozilla/5.0 (Macintosh; Intel Mac OS X 10_15_7) AppleWebKit/537.36 (KHTML, like Gecko) Chrome/140.0.0.0 Safari/537.36',
  level: 'error',
  message: 'Request Error',
  timestamp: '2025-10-02 16:22:30'
}
{
  service: 'barber-app-backend',
  method: 'GET',
  url: '/api/barbers/favorites',
  status: 404,
  duration: '5ms',
  ip: '::1',
  userAgent: 'Mozilla/5.0 (Macintosh; Intel Mac OS X 10_15_7) AppleWebKit/537.36 (KHTML, like Gecko) Chrome/140.0.0.0 Safari/537.36',
  level: 'error',
  message: 'Request Error',
  timestamp: '2025-10-02 16:22:31'
}
{
  service: 'barber-app-backend',
  method: 'GET',
  url: '/api/barbers/favorites',
  status: 404,
  duration: '0ms',
  ip: '::1',
  userAgent: 'Mozilla/5.0 (Macintosh; Intel Mac OS X 10_15_7) AppleWebKit/537.36 (KHTML, like Gecko) Chrome/140.0.0.0 Safari/537.36',
  level: 'error',
  message: 'Request Error',
  timestamp: '2025-10-02 16:22:33'
}
{
  service: 'barber-app-backend',
  method: 'GET',
  url: '/api/barbers/favorites',
  status: 404,
  duration: '30ms',
  ip: '::1',
  userAgent: 'Mozilla/5.0 (Macintosh; Intel Mac OS X 10_15_7) AppleWebKit/537.36 (KHTML, like Gecko) Chrome/140.0.0.0 Safari/537.36',
  level: 'error',
  message: 'Request Error',
  timestamp: '2025-10-02 16:24:13'
}
{
  service: 'barber-app-backend',
  method: 'GET',
  url: '/api/barbers/favorites',
  status: 404,
  duration: '1ms',
  ip: '::1',
  userAgent: 'Mozilla/5.0 (Macintosh; Intel Mac OS X 10_15_7) AppleWebKit/537.36 (KHTML, like Gecko) Chrome/140.0.0.0 Safari/537.36',
  level: 'error',
  message: 'Request Error',
  timestamp: '2025-10-02 16:24:14'
}
{
  service: 'barber-app-backend',
  method: 'GET',
  url: '/api/barbers/favorites',
  status: 404,
  duration: '1ms',
  ip: '::1',
  userAgent: 'Mozilla/5.0 (Macintosh; Intel Mac OS X 10_15_7) AppleWebKit/537.36 (KHTML, like Gecko) Chrome/140.0.0.0 Safari/537.36',
  level: 'error',
  message: 'Request Error',
  timestamp: '2025-10-02 16:24:16'
}
{
  service: 'barber-app-backend',
  method: 'GET',
  url: '/api/barbers/favorites',
  status: 404,
  duration: '0ms',
  ip: '::1',
  userAgent: 'Mozilla/5.0 (Macintosh; Intel Mac OS X 10_15_7) AppleWebKit/537.36 (KHTML, like Gecko) Chrome/140.0.0.0 Safari/537.36',
  level: 'error',
  message: 'Request Error',
  timestamp: '2025-10-02 16:24:46'
}
{
  service: 'barber-app-backend',
  method: 'GET',
  url: '/api/barbers/favorites',
  status: 404,
  duration: '1ms',
  ip: '::1',
  userAgent: 'Mozilla/5.0 (Macintosh; Intel Mac OS X 10_15_7) AppleWebKit/537.36 (KHTML, like Gecko) Chrome/140.0.0.0 Safari/537.36',
  level: 'error',
  message: 'Request Error',
  timestamp: '2025-10-02 16:24:47'
}
{
  service: 'barber-app-backend',
  method: 'GET',
  url: '/api/barbers/favorites',
  status: 404,
  duration: '1ms',
  ip: '::1',
  userAgent: 'Mozilla/5.0 (Macintosh; Intel Mac OS X 10_15_7) AppleWebKit/537.36 (KHTML, like Gecko) Chrome/140.0.0.0 Safari/537.36',
  level: 'error',
  message: 'Request Error',
  timestamp: '2025-10-02 16:24:49'
}
{
  service: 'barber-app-backend',
  method: 'GET',
  url: '/api/barbers/favorites',
  status: 404,
  duration: '0ms',
  ip: '::1',
  userAgent: 'Mozilla/5.0 (Macintosh; Intel Mac OS X 10_15_7) AppleWebKit/537.36 (KHTML, like Gecko) Chrome/140.0.0.0 Safari/537.36',
  level: 'error',
  message: 'Request Error',
  timestamp: '2025-10-02 16:24:51'
}
{
  service: 'barber-app-backend',
  method: 'GET',
  url: '/api/barbers/favorites',
  status: 404,
  duration: '1ms',
  ip: '::1',
  userAgent: 'Mozilla/5.0 (Macintosh; Intel Mac OS X 10_15_7) AppleWebKit/537.36 (KHTML, like Gecko) Chrome/140.0.0.0 Safari/537.36',
  level: 'error',
  message: 'Request Error',
  timestamp: '2025-10-02 16:24:52'
}
{
  service: 'barber-app-backend',
  method: 'GET',
  url: '/api/barbers/favorites',
  status: 404,
  duration: '1ms',
  ip: '::1',
  userAgent: 'Mozilla/5.0 (Macintosh; Intel Mac OS X 10_15_7) AppleWebKit/537.36 (KHTML, like Gecko) Chrome/140.0.0.0 Safari/537.36',
  level: 'error',
  message: 'Request Error',
  timestamp: '2025-10-02 16:24:54'
}
{
  service: 'barber-app-backend',
  method: 'GET',
  url: '/api/barbers/favorites',
  status: 404,
  duration: '2ms',
  ip: '::1',
  userAgent: 'Mozilla/5.0 (Macintosh; Intel Mac OS X 10_15_7) AppleWebKit/537.36 (KHTML, like Gecko) Chrome/140.0.0.0 Safari/537.36',
  level: 'error',
  message: 'Request Error',
  timestamp: '2025-10-02 16:25:19'
}
{
  service: 'barber-app-backend',
  method: 'GET',
  url: '/api/barbers/favorites',
  status: 404,
  duration: '1ms',
  ip: '::1',
  userAgent: 'Mozilla/5.0 (Macintosh; Intel Mac OS X 10_15_7) AppleWebKit/537.36 (KHTML, like Gecko) Chrome/140.0.0.0 Safari/537.36',
  level: 'error',
  message: 'Request Error',
  timestamp: '2025-10-02 16:25:20'
}
{
  service: 'barber-app-backend',
  method: 'GET',
  url: '/api/barbers/favorites',
  status: 404,
  duration: '3ms',
  ip: '::1',
  userAgent: 'Mozilla/5.0 (Macintosh; Intel Mac OS X 10_15_7) AppleWebKit/537.36 (KHTML, like Gecko) Chrome/140.0.0.0 Safari/537.36',
  level: 'error',
  message: 'Request Error',
  timestamp: '2025-10-02 16:26:06'
}
{
  service: 'barber-app-backend',
  method: 'GET',
  url: '/api/barbers/favorites',
  status: 404,
  duration: '1ms',
  ip: '::1',
  userAgent: 'Mozilla/5.0 (Macintosh; Intel Mac OS X 10_15_7) AppleWebKit/537.36 (KHTML, like Gecko) Chrome/140.0.0.0 Safari/537.36',
  level: 'error',
  message: 'Request Error',
  timestamp: '2025-10-02 16:26:07'
}
{
  service: 'barber-app-backend',
  method: 'GET',
  url: '/api/barbers/favorites',
  status: 404,
  duration: '0ms',
  ip: '::1',
  userAgent: 'Mozilla/5.0 (Macintosh; Intel Mac OS X 10_15_7) AppleWebKit/537.36 (KHTML, like Gecko) Chrome/140.0.0.0 Safari/537.36',
  level: 'error',
  message: 'Request Error',
  timestamp: '2025-10-02 16:26:09'
}
{
  service: 'barber-app-backend',
  method: 'GET',
  url: '/api/barbers/favorites',
  status: 404,
  duration: '2ms',
  ip: '::1',
  userAgent: 'Mozilla/5.0 (Macintosh; Intel Mac OS X 10_15_7) AppleWebKit/537.36 (KHTML, like Gecko) Chrome/140.0.0.0 Safari/537.36',
  level: 'error',
  message: 'Request Error',
  timestamp: '2025-10-02 16:26:10'
}
{
  service: 'barber-app-backend',
  method: 'GET',
  url: '/api/barbers/favorites',
  status: 404,
  duration: '0ms',
  ip: '::1',
  userAgent: 'Mozilla/5.0 (Macintosh; Intel Mac OS X 10_15_7) AppleWebKit/537.36 (KHTML, like Gecko) Chrome/140.0.0.0 Safari/537.36',
  level: 'error',
  message: 'Request Error',
  timestamp: '2025-10-02 16:26:12'
}
{
  service: 'barber-app-backend',
  method: 'GET',
  url: '/api/barbers/favorites',
  status: 404,
  duration: '2ms',
  ip: '::1',
  userAgent: 'Mozilla/5.0 (Macintosh; Intel Mac OS X 10_15_7) AppleWebKit/537.36 (KHTML, like Gecko) Chrome/140.0.0.0 Safari/537.36',
  level: 'error',
  message: 'Request Error',
  timestamp: '2025-10-02 16:27:00'
}
{
  service: 'barber-app-backend',
  method: 'GET',
  url: '/api/barbers/favorites',
  status: 404,
  duration: '2ms',
  ip: '::1',
  userAgent: 'Mozilla/5.0 (Macintosh; Intel Mac OS X 10_15_7) AppleWebKit/537.36 (KHTML, like Gecko) Chrome/140.0.0.0 Safari/537.36',
  level: 'error',
  message: 'Request Error',
  timestamp: '2025-10-02 16:27:01'
}
{
  service: 'barber-app-backend',
  method: 'GET',
  url: '/api/barbers/favorites',
  status: 404,
  duration: '4ms',
  ip: '::1',
  userAgent: 'Mozilla/5.0 (Macintosh; Intel Mac OS X 10_15_7) AppleWebKit/537.36 (KHTML, like Gecko) Chrome/140.0.0.0 Safari/537.36',
  level: 'error',
  message: 'Request Error',
  timestamp: '2025-10-02 16:27:03'
}
{
  service: 'barber-app-backend',
  method: 'GET',
  url: '/api/barbers/favorites',
  status: 404,
  duration: '1ms',
  ip: '::1',
  userAgent: 'Mozilla/5.0 (Macintosh; Intel Mac OS X 10_15_7) AppleWebKit/537.36 (KHTML, like Gecko) Chrome/140.0.0.0 Safari/537.36',
  level: 'error',
  message: 'Request Error',
  timestamp: '2025-10-02 16:27:28'
}
{
  service: 'barber-app-backend',
  method: 'GET',
  url: '/api/barbers/favorites',
  status: 404,
  duration: '2ms',
  ip: '::1',
  userAgent: 'Mozilla/5.0 (Macintosh; Intel Mac OS X 10_15_7) AppleWebKit/537.36 (KHTML, like Gecko) Chrome/140.0.0.0 Safari/537.36',
  level: 'error',
  message: 'Request Error',
  timestamp: '2025-10-02 16:27:29'
}
{
  service: 'barber-app-backend',
  method: 'GET',
  url: '/api/barbers/favorites',
  status: 404,
  duration: '1ms',
  ip: '::1',
  userAgent: 'Mozilla/5.0 (Macintosh; Intel Mac OS X 10_15_7) AppleWebKit/537.36 (KHTML, like Gecko) Chrome/140.0.0.0 Safari/537.36',
  level: 'error',
  message: 'Request Error',
  timestamp: '2025-10-02 16:27:31'
}
{
  service: 'barber-app-backend',
  method: 'GET',
  url: '/api/barbers/favorites',
  status: 404,
  duration: '2ms',
  ip: '::1',
  userAgent: 'Mozilla/5.0 (Macintosh; Intel Mac OS X 10_15_7) AppleWebKit/537.36 (KHTML, like Gecko) Chrome/140.0.0.0 Safari/537.36',
  level: 'error',
  message: 'Request Error',
  timestamp: '2025-10-02 16:28:20'
}
{
  service: 'barber-app-backend',
  method: 'GET',
  url: '/api/barbers/favorites',
  status: 404,
  duration: '1ms',
  ip: '::1',
  userAgent: 'Mozilla/5.0 (Macintosh; Intel Mac OS X 10_15_7) AppleWebKit/537.36 (KHTML, like Gecko) Chrome/140.0.0.0 Safari/537.36',
  level: 'error',
  message: 'Request Error',
  timestamp: '2025-10-02 16:28:21'
}
{
  service: 'barber-app-backend',
  method: 'GET',
  url: '/api/barbers/favorites',
  status: 404,
  duration: '2ms',
  ip: '::1',
  userAgent: 'Mozilla/5.0 (Macintosh; Intel Mac OS X 10_15_7) AppleWebKit/537.36 (KHTML, like Gecko) Chrome/140.0.0.0 Safari/537.36',
  level: 'error',
  message: 'Request Error',
  timestamp: '2025-10-02 16:28:23'
}
{
  service: 'barber-app-backend',
  method: 'GET',
  url: '/api/barbers/favorites',
  status: 404,
  duration: '1ms',
  ip: '::1',
  userAgent: 'Mozilla/5.0 (Macintosh; Intel Mac OS X 10_15_7) AppleWebKit/537.36 (KHTML, like Gecko) Chrome/140.0.0.0 Safari/537.36',
  level: 'error',
  message: 'Request Error',
  timestamp: '2025-10-02 16:28:40'
}
{
  service: 'barber-app-backend',
  method: 'GET',
  url: '/api/barbers/favorites',
  status: 404,
  duration: '0ms',
  ip: '::1',
  userAgent: 'Mozilla/5.0 (Macintosh; Intel Mac OS X 10_15_7) AppleWebKit/537.36 (KHTML, like Gecko) Chrome/140.0.0.0 Safari/537.36',
  level: 'error',
  message: 'Request Error',
  timestamp: '2025-10-02 16:28:41'
}
{
  service: 'barber-app-backend',
  method: 'GET',
  url: '/api/barbers/favorites',
  status: 404,
  duration: '0ms',
  ip: '::1',
  userAgent: 'Mozilla/5.0 (Macintosh; Intel Mac OS X 10_15_7) AppleWebKit/537.36 (KHTML, like Gecko) Chrome/140.0.0.0 Safari/537.36',
  level: 'error',
  message: 'Request Error',
  timestamp: '2025-10-02 16:28:43'
}
{
  service: 'barber-app-backend',
  method: 'GET',
  url: '/api/barbers/favorites',
  status: 404,
  duration: '1ms',
  ip: '::1',
  userAgent: 'Mozilla/5.0 (Macintosh; Intel Mac OS X 10_15_7) AppleWebKit/537.36 (KHTML, like Gecko) Chrome/140.0.0.0 Safari/537.36',
  level: 'error',
  message: 'Request Error',
  timestamp: '2025-10-02 16:28:45'
}
{
  service: 'barber-app-backend',
  method: 'GET',
  url: '/api/barbers/favorites',
  status: 404,
  duration: '1ms',
  ip: '::1',
  userAgent: 'Mozilla/5.0 (Macintosh; Intel Mac OS X 10_15_7) AppleWebKit/537.36 (KHTML, like Gecko) Chrome/140.0.0.0 Safari/537.36',
  level: 'error',
  message: 'Request Error',
  timestamp: '2025-10-02 16:28:46'
}
{
  service: 'barber-app-backend',
  method: 'GET',
  url: '/api/barbers/favorites',
  status: 404,
  duration: '0ms',
  ip: '::1',
  userAgent: 'Mozilla/5.0 (Macintosh; Intel Mac OS X 10_15_7) AppleWebKit/537.36 (KHTML, like Gecko) Chrome/140.0.0.0 Safari/537.36',
  level: 'error',
  message: 'Request Error',
  timestamp: '2025-10-02 16:28:48'
}
{
  service: 'barber-app-backend',
  method: 'GET',
  url: '/api/barbers/favorites',
  status: 404,
  duration: '0ms',
  ip: '::1',
  userAgent: 'Mozilla/5.0 (Macintosh; Intel Mac OS X 10_15_7) AppleWebKit/537.36 (KHTML, like Gecko) Chrome/140.0.0.0 Safari/537.36',
  level: 'error',
  message: 'Request Error',
  timestamp: '2025-10-02 16:29:02'
}
{
  service: 'barber-app-backend',
  method: 'GET',
  url: '/api/barbers/favorites',
  status: 404,
  duration: '1ms',
  ip: '::1',
  userAgent: 'Mozilla/5.0 (Macintosh; Intel Mac OS X 10_15_7) AppleWebKit/537.36 (KHTML, like Gecko) Chrome/140.0.0.0 Safari/537.36',
  level: 'error',
  message: 'Request Error',
  timestamp: '2025-10-02 16:29:03'
}
{
  service: 'barber-app-backend',
  method: 'GET',
  url: '/api/barbers/favorites',
  status: 404,
  duration: '1ms',
  ip: '::1',
  userAgent: 'Mozilla/5.0 (Macintosh; Intel Mac OS X 10_15_7) AppleWebKit/537.36 (KHTML, like Gecko) Chrome/140.0.0.0 Safari/537.36',
  level: 'error',
  message: 'Request Error',
  timestamp: '2025-10-02 16:29:05'
}
{
  service: 'barber-app-backend',
  method: 'PUT',
  url: '/api/bookings/68ded0834e385058289fff8b/cancel',
  status: 400,
  duration: '190ms',
  ip: '::1',
  userAgent: 'Mozilla/5.0 (Macintosh; Intel Mac OS X 10_15_7) AppleWebKit/537.36 (KHTML, like Gecko) Chrome/140.0.0.0 Safari/537.36',
  userId: '68dbe16be9141724d90142ad',
  userRole: 'client',
  level: 'error',
  message: 'Request Error',
  timestamp: '2025-10-02 16:29:20'
}
{
  service: 'barber-app-backend',
  method: 'PUT',
  url: '/api/bookings/68ded0834e385058289fff8b/cancel',
  status: 400,
  duration: '165ms',
  ip: '::1',
  userAgent: 'Mozilla/5.0 (Macintosh; Intel Mac OS X 10_15_7) AppleWebKit/537.36 (KHTML, like Gecko) Chrome/140.0.0.0 Safari/537.36',
  userId: '68dbe16be9141724d90142ad',
  userRole: 'client',
  level: 'error',
  message: 'Request Error',
  timestamp: '2025-10-02 16:29:21'
}
{
  service: 'barber-app-backend',
  method: 'GET',
  url: '/api/barbers/favorites',
  status: 404,
  duration: '1ms',
  ip: '::1',
  userAgent: 'Mozilla/5.0 (Macintosh; Intel Mac OS X 10_15_7) AppleWebKit/537.36 (KHTML, like Gecko) Chrome/140.0.0.0 Safari/537.36',
  level: 'error',
  message: 'Request Error',
  timestamp: '2025-10-02 16:29:25'
}
{
  service: 'barber-app-backend',
  method: 'GET',
  url: '/api/barbers/favorites',
  status: 404,
  duration: '1ms',
  ip: '::1',
  userAgent: 'Mozilla/5.0 (Macintosh; Intel Mac OS X 10_15_7) AppleWebKit/537.36 (KHTML, like Gecko) Chrome/140.0.0.0 Safari/537.36',
  level: 'error',
  message: 'Request Error',
  timestamp: '2025-10-02 16:29:26'
}
{
  service: 'barber-app-backend',
  method: 'GET',
  url: '/api/barbers/favorites',
  status: 404,
  duration: '3ms',
  ip: '::1',
  userAgent: 'Mozilla/5.0 (Macintosh; Intel Mac OS X 10_15_7) AppleWebKit/537.36 (KHTML, like Gecko) Chrome/140.0.0.0 Safari/537.36',
  level: 'error',
  message: 'Request Error',
  timestamp: '2025-10-02 16:29:28'
}
{
  service: 'barber-app-backend',
  method: 'GET',
  url: '/api/barbers/favorites',
  status: 404,
  duration: '1ms',
  ip: '::1',
  userAgent: 'Mozilla/5.0 (Macintosh; Intel Mac OS X 10_15_7) AppleWebKit/537.36 (KHTML, like Gecko) Chrome/140.0.0.0 Safari/537.36',
  level: 'error',
  message: 'Request Error',
  timestamp: '2025-10-02 16:32:40'
}
{
  service: 'barber-app-backend',
  method: 'GET',
  url: '/api/barbers/favorites',
  status: 404,
  duration: '1ms',
  ip: '::1',
  userAgent: 'Mozilla/5.0 (Macintosh; Intel Mac OS X 10_15_7) AppleWebKit/537.36 (KHTML, like Gecko) Chrome/140.0.0.0 Safari/537.36',
  level: 'error',
  message: 'Request Error',
  timestamp: '2025-10-02 16:32:41'
}
{
  service: 'barber-app-backend',
  method: 'GET',
  url: '/api/barbers/favorites',
  status: 404,
  duration: '0ms',
  ip: '::1',
  userAgent: 'Mozilla/5.0 (Macintosh; Intel Mac OS X 10_15_7) AppleWebKit/537.36 (KHTML, like Gecko) Chrome/140.0.0.0 Safari/537.36',
  level: 'error',
  message: 'Request Error',
  timestamp: '2025-10-02 16:32:43'
}
{
  service: 'barber-app-backend',
  method: 'GET',
  url: '/api/barbers/favorites',
  status: 404,
  duration: '1ms',
  ip: '::1',
  userAgent: 'Mozilla/5.0 (Macintosh; Intel Mac OS X 10_15_7) AppleWebKit/537.36 (KHTML, like Gecko) Chrome/140.0.0.0 Safari/537.36',
  level: 'error',
  message: 'Request Error',
  timestamp: '2025-10-02 16:32:43'
}
{
  service: 'barber-app-backend',
  method: 'GET',
  url: '/api/barbers/favorites',
  status: 404,
  duration: '1ms',
  ip: '::1',
  userAgent: 'Mozilla/5.0 (Macintosh; Intel Mac OS X 10_15_7) AppleWebKit/537.36 (KHTML, like Gecko) Chrome/140.0.0.0 Safari/537.36',
  level: 'error',
  message: 'Request Error',
  timestamp: '2025-10-02 16:32:44'
}
{
  service: 'barber-app-backend',
  method: 'GET',
  url: '/api/barbers/favorites',
  status: 404,
  duration: '0ms',
  ip: '::1',
  userAgent: 'Mozilla/5.0 (Macintosh; Intel Mac OS X 10_15_7) AppleWebKit/537.36 (KHTML, like Gecko) Chrome/140.0.0.0 Safari/537.36',
  level: 'error',
  message: 'Request Error',
  timestamp: '2025-10-02 16:32:46'
}
{
  service: 'barber-app-backend',
  method: 'GET',
  url: '/api/barbers/favorites',
  status: 404,
  duration: '1ms',
  ip: '::1',
  userAgent: 'Mozilla/5.0 (Macintosh; Intel Mac OS X 10_15_7) AppleWebKit/537.36 (KHTML, like Gecko) Chrome/140.0.0.0 Safari/537.36',
  level: 'error',
  message: 'Request Error',
  timestamp: '2025-10-02 16:32:47'
}
{
  service: 'barber-app-backend',
  method: 'GET',
  url: '/api/barbers/favorites',
  status: 404,
  duration: '0ms',
  ip: '::1',
  userAgent: 'Mozilla/5.0 (Macintosh; Intel Mac OS X 10_15_7) AppleWebKit/537.36 (KHTML, like Gecko) Chrome/140.0.0.0 Safari/537.36',
  level: 'error',
  message: 'Request Error',
  timestamp: '2025-10-02 16:32:48'
}
{
  service: 'barber-app-backend',
  method: 'GET',
  url: '/api/barbers/favorites',
  status: 404,
  duration: '1ms',
  ip: '::1',
  userAgent: 'Mozilla/5.0 (Macintosh; Intel Mac OS X 10_15_7) AppleWebKit/537.36 (KHTML, like Gecko) Chrome/140.0.0.0 Safari/537.36',
  level: 'error',
  message: 'Request Error',
  timestamp: '2025-10-02 16:32:50'
}
{
  service: 'barber-app-backend',
  method: 'GET',
  url: '/api/barbers/favorites',
  status: 404,
  duration: '0ms',
  ip: '::1',
  userAgent: 'Mozilla/5.0 (Macintosh; Intel Mac OS X 10_15_7) AppleWebKit/537.36 (KHTML, like Gecko) Chrome/140.0.0.0 Safari/537.36',
  level: 'error',
  message: 'Request Error',
  timestamp: '2025-10-02 16:33:04'
}
{
  service: 'barber-app-backend',
  method: 'GET',
  url: '/api/barbers/favorites',
  status: 404,
  duration: '1ms',
  ip: '::1',
  userAgent: 'Mozilla/5.0 (Macintosh; Intel Mac OS X 10_15_7) AppleWebKit/537.36 (KHTML, like Gecko) Chrome/140.0.0.0 Safari/537.36',
  level: 'error',
  message: 'Request Error',
  timestamp: '2025-10-02 16:33:05'
}
{
  service: 'barber-app-backend',
  method: 'GET',
  url: '/api/barbers/favorites',
  status: 404,
  duration: '1ms',
  ip: '::1',
  userAgent: 'Mozilla/5.0 (Macintosh; Intel Mac OS X 10_15_7) AppleWebKit/537.36 (KHTML, like Gecko) Chrome/140.0.0.0 Safari/537.36',
  level: 'error',
  message: 'Request Error',
  timestamp: '2025-10-02 16:33:07'
}
{
  service: 'barber-app-backend',
  method: 'POST',
  url: '/api/bookings',
  status: 404,
  duration: '443ms',
  ip: '::1',
  userAgent: 'Mozilla/5.0 (Macintosh; Intel Mac OS X 10_15_7) AppleWebKit/537.36 (KHTML, like Gecko) Chrome/140.0.0.0 Safari/537.36',
  userId: '68dbe16be9141724d90142ad',
  userRole: 'client',
  level: 'error',
  message: 'Request Error',
  timestamp: '2025-10-02 16:33:37'
}
{
  service: 'barber-app-backend',
  method: 'POST',
  url: '/api/bookings',
  status: 404,
  duration: '438ms',
  ip: '::1',
  userAgent: 'Mozilla/5.0 (Macintosh; Intel Mac OS X 10_15_7) AppleWebKit/537.36 (KHTML, like Gecko) Chrome/140.0.0.0 Safari/537.36',
  userId: '68dbe16be9141724d90142ad',
  userRole: 'client',
  level: 'error',
  message: 'Request Error',
  timestamp: '2025-10-02 16:33:39'
}
{
  service: 'barber-app-backend',
  method: 'GET',
  url: '/api/barbers/favorites',
  status: 404,
  duration: '0ms',
  ip: '::1',
  userAgent: 'Mozilla/5.0 (Macintosh; Intel Mac OS X 10_15_7) AppleWebKit/537.36 (KHTML, like Gecko) Chrome/140.0.0.0 Safari/537.36',
  level: 'error',
  message: 'Request Error',
  timestamp: '2025-10-02 16:36:14'
}
{
  service: 'barber-app-backend',
  method: 'GET',
  url: '/api/barbers/favorites',
  status: 404,
  duration: '5ms',
  ip: '::1',
  userAgent: 'Mozilla/5.0 (Macintosh; Intel Mac OS X 10_15_7) AppleWebKit/537.36 (KHTML, like Gecko) Chrome/140.0.0.0 Safari/537.36',
  level: 'error',
  message: 'Request Error',
  timestamp: '2025-10-02 16:36:15'
}
{
  service: 'barber-app-backend',
  method: 'GET',
  url: '/api/barbers/favorites',
  status: 404,
  duration: '3ms',
  ip: '::1',
  userAgent: 'Mozilla/5.0 (Macintosh; Intel Mac OS X 10_15_7) AppleWebKit/537.36 (KHTML, like Gecko) Chrome/140.0.0.0 Safari/537.36',
  level: 'error',
  message: 'Request Error',
  timestamp: '2025-10-02 16:36:17'
}
{
  service: 'barber-app-backend',
  method: 'GET',
  url: '/api/barbers/favorites',
  status: 404,
  duration: '2ms',
  ip: '::1',
  userAgent: 'Mozilla/5.0 (Macintosh; Intel Mac OS X 10_15_7) AppleWebKit/537.36 (KHTML, like Gecko) Chrome/140.0.0.0 Safari/537.36',
  level: 'error',
  message: 'Request Error',
  timestamp: '2025-10-02 16:37:18'
}
{
  service: 'barber-app-backend',
  method: 'GET',
  url: '/api/barbers/favorites',
  status: 404,
  duration: '1ms',
  ip: '::1',
  userAgent: 'Mozilla/5.0 (Macintosh; Intel Mac OS X 10_15_7) AppleWebKit/537.36 (KHTML, like Gecko) Chrome/140.0.0.0 Safari/537.36',
  level: 'error',
  message: 'Request Error',
  timestamp: '2025-10-02 16:37:19'
}
{
  service: 'barber-app-backend',
  method: 'GET',
  url: '/api/barbers/favorites',
  status: 404,
  duration: '1ms',
  ip: '::1',
  userAgent: 'Mozilla/5.0 (Macintosh; Intel Mac OS X 10_15_7) AppleWebKit/537.36 (KHTML, like Gecko) Chrome/140.0.0.0 Safari/537.36',
  level: 'error',
  message: 'Request Error',
  timestamp: '2025-10-02 16:37:21'
}
{
  service: 'barber-app-backend',
  method: 'GET',
  url: '/api/barbers/locations',
  status: 404,
  duration: '0ms',
  ip: '::1',
  userAgent: 'Mozilla/5.0 (Macintosh; Intel Mac OS X 10_15_7) AppleWebKit/537.36 (KHTML, like Gecko) Chrome/140.0.0.0 Safari/537.36',
  level: 'error',
  message: 'Request Error',
  timestamp: '2025-10-02 16:44:43'
}
{
  service: 'barber-app-backend',
  method: 'GET',
  url: '/api/barbers',
  status: 404,
  duration: '1ms',
  ip: '::1',
  userAgent: 'Mozilla/5.0 (Macintosh; Intel Mac OS X 10_15_7) AppleWebKit/537.36 (KHTML, like Gecko) Chrome/140.0.0.0 Safari/537.36',
  level: 'error',
  message: 'Request Error',
  timestamp: '2025-10-02 16:44:43'
}
{
  service: 'barber-app-backend',
  method: 'GET',
  url: '/api/barbers/locations',
  status: 404,
  duration: '0ms',
  ip: '::1',
  userAgent: 'Mozilla/5.0 (Macintosh; Intel Mac OS X 10_15_7) AppleWebKit/537.36 (KHTML, like Gecko) Chrome/140.0.0.0 Safari/537.36',
  level: 'error',
  message: 'Request Error',
  timestamp: '2025-10-02 16:44:44'
}
{
  service: 'barber-app-backend',
  method: 'GET',
  url: '/api/barbers',
  status: 404,
  duration: '0ms',
  ip: '::1',
  userAgent: 'Mozilla/5.0 (Macintosh; Intel Mac OS X 10_15_7) AppleWebKit/537.36 (KHTML, like Gecko) Chrome/140.0.0.0 Safari/537.36',
  level: 'error',
  message: 'Request Error',
  timestamp: '2025-10-02 16:44:44'
}
{
  service: 'barber-app-backend',
  method: 'GET',
  url: '/api/barbers/locations',
  status: 404,
  duration: '0ms',
  ip: '::1',
  userAgent: 'Mozilla/5.0 (Macintosh; Intel Mac OS X 10_15_7) AppleWebKit/537.36 (KHTML, like Gecko) Chrome/140.0.0.0 Safari/537.36',
  level: 'error',
  message: 'Request Error',
  timestamp: '2025-10-02 16:44:46'
}
{
  service: 'barber-app-backend',
  method: 'GET',
  url: '/api/barbers',
  status: 404,
  duration: '1ms',
  ip: '::1',
  userAgent: 'Mozilla/5.0 (Macintosh; Intel Mac OS X 10_15_7) AppleWebKit/537.36 (KHTML, like Gecko) Chrome/140.0.0.0 Safari/537.36',
  level: 'error',
  message: 'Request Error',
  timestamp: '2025-10-02 16:44:46'
}
{
  service: 'barber-app-backend',
  method: 'GET',
  url: '/api/barbers',
  status: 404,
  duration: '1ms',
  ip: '::1',
  userAgent: 'curl/8.7.1',
  level: 'error',
  message: 'Request Error',
  timestamp: '2025-10-02 16:46:41'
}
{
  service: 'barber-app-backend',
  method: 'GET',
  url: '/api/barbers',
  status: 401,
  duration: '1ms',
  ip: '::1',
  userAgent: 'curl/8.7.1',
  level: 'error',
  message: 'Request Error',
  timestamp: '2025-10-02 16:51:00'
}
{
  service: 'barber-app-backend',
  method: 'GET',
  url: '/api/barbers',
  status: 401,
  duration: '2ms',
  ip: '::1',
  userAgent: 'curl/8.7.1',
  level: 'error',
  message: 'Request Error',
  timestamp: '2025-10-02 16:58:54'
}
{
  service: 'barber-app-backend',
  method: 'GET',
  url: '/api/barbers',
  status: 401,
  duration: '1ms',
  ip: '::1',
  userAgent: 'curl/8.7.1',
  level: 'error',
  message: 'Request Error',
  timestamp: '2025-10-02 16:58:54'
}
{
  service: 'barber-app-backend',
  method: 'GET',
  url: '/api/users/profile',
  status: 404,
  duration: '2ms',
  ip: '::1',
  userAgent: 'Mozilla/5.0 (Macintosh; Intel Mac OS X 10_15_7) AppleWebKit/537.36 (KHTML, like Gecko) Chrome/140.0.0.0 Safari/537.36',
  level: 'error',
  message: 'Request Error',
  timestamp: '2025-10-03 08:01:38'
}
{
  service: 'barber-app-backend',
  method: 'GET',
  url: '/api/users/profile',
  status: 404,
  duration: '2ms',
  ip: '::1',
  userAgent: 'Mozilla/5.0 (Macintosh; Intel Mac OS X 10_15_7) AppleWebKit/537.36 (KHTML, like Gecko) Chrome/140.0.0.0 Safari/537.36',
  level: 'error',
  message: 'Request Error',
  timestamp: '2025-10-03 08:01:39'
}
{
  service: 'barber-app-backend',
  method: 'GET',
  url: '/api/users/profile',
  status: 404,
  duration: '2ms',
  ip: '::1',
  userAgent: 'Mozilla/5.0 (Macintosh; Intel Mac OS X 10_15_7) AppleWebKit/537.36 (KHTML, like Gecko) Chrome/140.0.0.0 Safari/537.36',
  level: 'error',
  message: 'Request Error',
  timestamp: '2025-10-03 08:01:41'
}
{
  service: 'barber-app-backend',
  message: 'Application Error Error al obtener reseñas',
  stack: 'CastError: Cast to ObjectId failed for value "stats" (type string) at path "barber" for model "Review"\n' +
    '    at SchemaObjectId.cast (/Users/Sergio/Desktop/BarberApp/barber-app-backend/node_modules/mongoose/lib/schema/objectId.js:251:11)\n' +
    '    at SchemaType.applySetters (/Users/Sergio/Desktop/BarberApp/barber-app-backend/node_modules/mongoose/lib/schemaType.js:1255:12)\n' +
    '    at SchemaType.castForQuery (/Users/Sergio/Desktop/BarberApp/barber-app-backend/node_modules/mongoose/lib/schemaType.js:1673:17)\n' +
    '    at cast (/Users/Sergio/Desktop/BarberApp/barber-app-backend/node_modules/mongoose/lib/cast.js:390:32)\n' +
    '    at Query.cast (/Users/Sergio/Desktop/BarberApp/barber-app-backend/node_modules/mongoose/lib/query.js:4999:12)\n' +
    '    at Query._castConditions (/Users/Sergio/Desktop/BarberApp/barber-app-backend/node_modules/mongoose/lib/query.js:2325:10)\n' +
    '    at model.Query._find (/Users/Sergio/Desktop/BarberApp/barber-app-backend/node_modules/mongoose/lib/query.js:2352:8)\n' +
    '    at model.Query.exec (/Users/Sergio/Desktop/BarberApp/barber-app-backend/node_modules/mongoose/lib/query.js:4548:80)\n' +
    '    at process.processTicksAndRejections (node:internal/process/task_queues:105:5)\n' +
    '    at async getReviewsByBarber (/Users/Sergio/Desktop/BarberApp/barber-app-backend/src/controllers/reviewController.js:35:25)',
  statusCode: 500,
  url: '/api/reviews/barber/stats',
  method: 'GET',
  userId: undefined,
  level: 'error',
  timestamp: '2025-10-03 08:02:46'
}
{
  service: 'barber-app-backend',
  method: 'GET',
  url: '/api/reviews/barber/stats',
  status: 500,
  duration: '4ms',
  ip: '::1',
  userAgent: 'Mozilla/5.0 (Macintosh; Intel Mac OS X 10_15_7) AppleWebKit/537.36 (KHTML, like Gecko) Chrome/140.0.0.0 Safari/537.36',
  level: 'error',
  message: 'Request Error',
  timestamp: '2025-10-03 08:02:46'
}
{
  service: 'barber-app-backend',
  message: 'Application Error Error al obtener reseñas',
  stack: 'CastError: Cast to ObjectId failed for value "stats" (type string) at path "barber" for model "Review"\n' +
    '    at SchemaObjectId.cast (/Users/Sergio/Desktop/BarberApp/barber-app-backend/node_modules/mongoose/lib/schema/objectId.js:251:11)\n' +
    '    at SchemaType.applySetters (/Users/Sergio/Desktop/BarberApp/barber-app-backend/node_modules/mongoose/lib/schemaType.js:1255:12)\n' +
    '    at SchemaType.castForQuery (/Users/Sergio/Desktop/BarberApp/barber-app-backend/node_modules/mongoose/lib/schemaType.js:1673:17)\n' +
    '    at cast (/Users/Sergio/Desktop/BarberApp/barber-app-backend/node_modules/mongoose/lib/cast.js:390:32)\n' +
    '    at Query.cast (/Users/Sergio/Desktop/BarberApp/barber-app-backend/node_modules/mongoose/lib/query.js:4999:12)\n' +
    '    at Query._castConditions (/Users/Sergio/Desktop/BarberApp/barber-app-backend/node_modules/mongoose/lib/query.js:2325:10)\n' +
    '    at model.Query._find (/Users/Sergio/Desktop/BarberApp/barber-app-backend/node_modules/mongoose/lib/query.js:2352:8)\n' +
    '    at model.Query.exec (/Users/Sergio/Desktop/BarberApp/barber-app-backend/node_modules/mongoose/lib/query.js:4548:80)\n' +
    '    at process.processTicksAndRejections (node:internal/process/task_queues:105:5)\n' +
    '    at async getReviewsByBarber (/Users/Sergio/Desktop/BarberApp/barber-app-backend/src/controllers/reviewController.js:35:25)',
  statusCode: 500,
  url: '/api/reviews/barber/stats',
  method: 'GET',
  userId: undefined,
  level: 'error',
  timestamp: '2025-10-03 08:02:47'
}
{
  service: 'barber-app-backend',
  method: 'GET',
  url: '/api/reviews/barber/stats',
  status: 500,
  duration: '2ms',
  ip: '::1',
  userAgent: 'Mozilla/5.0 (Macintosh; Intel Mac OS X 10_15_7) AppleWebKit/537.36 (KHTML, like Gecko) Chrome/140.0.0.0 Safari/537.36',
  level: 'error',
  message: 'Request Error',
  timestamp: '2025-10-03 08:02:47'
}
{
  service: 'barber-app-backend',
  message: 'Application Error Error al obtener reseñas',
  stack: 'CastError: Cast to ObjectId failed for value "stats" (type string) at path "barber" for model "Review"\n' +
    '    at SchemaObjectId.cast (/Users/Sergio/Desktop/BarberApp/barber-app-backend/node_modules/mongoose/lib/schema/objectId.js:251:11)\n' +
    '    at SchemaType.applySetters (/Users/Sergio/Desktop/BarberApp/barber-app-backend/node_modules/mongoose/lib/schemaType.js:1255:12)\n' +
    '    at SchemaType.castForQuery (/Users/Sergio/Desktop/BarberApp/barber-app-backend/node_modules/mongoose/lib/schemaType.js:1673:17)\n' +
    '    at cast (/Users/Sergio/Desktop/BarberApp/barber-app-backend/node_modules/mongoose/lib/cast.js:390:32)\n' +
    '    at Query.cast (/Users/Sergio/Desktop/BarberApp/barber-app-backend/node_modules/mongoose/lib/query.js:4999:12)\n' +
    '    at Query._castConditions (/Users/Sergio/Desktop/BarberApp/barber-app-backend/node_modules/mongoose/lib/query.js:2325:10)\n' +
    '    at model.Query._find (/Users/Sergio/Desktop/BarberApp/barber-app-backend/node_modules/mongoose/lib/query.js:2352:8)\n' +
    '    at model.Query.exec (/Users/Sergio/Desktop/BarberApp/barber-app-backend/node_modules/mongoose/lib/query.js:4548:80)\n' +
    '    at process.processTicksAndRejections (node:internal/process/task_queues:105:5)\n' +
    '    at async getReviewsByBarber (/Users/Sergio/Desktop/BarberApp/barber-app-backend/src/controllers/reviewController.js:35:25)',
  statusCode: 500,
  url: '/api/reviews/barber/stats',
  method: 'GET',
  userId: undefined,
  level: 'error',
  timestamp: '2025-10-03 08:02:49'
}
{
  service: 'barber-app-backend',
  method: 'GET',
  url: '/api/reviews/barber/stats',
  status: 500,
  duration: '2ms',
  ip: '::1',
  userAgent: 'Mozilla/5.0 (Macintosh; Intel Mac OS X 10_15_7) AppleWebKit/537.36 (KHTML, like Gecko) Chrome/140.0.0.0 Safari/537.36',
  level: 'error',
  message: 'Request Error',
  timestamp: '2025-10-03 08:02:49'
}
{
  service: 'barber-app-backend',
  method: 'GET',
  url: '/api/users/profile',
  status: 404,
  duration: '2ms',
  ip: '::1',
  userAgent: 'Mozilla/5.0 (Macintosh; Intel Mac OS X 10_15_7) AppleWebKit/537.36 (KHTML, like Gecko) Chrome/140.0.0.0 Safari/537.36',
  level: 'error',
  message: 'Request Error',
  timestamp: '2025-10-03 08:02:49'
}
{
  service: 'barber-app-backend',
  method: 'GET',
  url: '/api/users/profile',
  status: 404,
  duration: '1ms',
  ip: '::1',
  userAgent: 'Mozilla/5.0 (Macintosh; Intel Mac OS X 10_15_7) AppleWebKit/537.36 (KHTML, like Gecko) Chrome/140.0.0.0 Safari/537.36',
  level: 'error',
  message: 'Request Error',
  timestamp: '2025-10-03 08:02:50'
}
{
  service: 'barber-app-backend',
  method: 'GET',
  url: '/api/admin/monthly-data',
  status: 404,
  duration: '1ms',
  ip: '::1',
  userAgent: 'Mozilla/5.0 (Macintosh; Intel Mac OS X 10_15_7) AppleWebKit/537.36 (KHTML, like Gecko) Chrome/140.0.0.0 Safari/537.36',
  level: 'error',
  message: 'Request Error',
  timestamp: '2025-10-03 08:03:55'
}
{
  service: 'barber-app-backend',
  method: 'GET',
  url: '/api/admin/top-barbers',
  status: 404,
  duration: '0ms',
  ip: '::1',
  userAgent: 'Mozilla/5.0 (Macintosh; Intel Mac OS X 10_15_7) AppleWebKit/537.36 (KHTML, like Gecko) Chrome/140.0.0.0 Safari/537.36',
  level: 'error',
  message: 'Request Error',
  timestamp: '2025-10-03 08:03:55'
}
{
  service: 'barber-app-backend',
  method: 'GET',
  url: '/api/admin/stats',
  status: 404,
  duration: '0ms',
  ip: '::1',
  userAgent: 'Mozilla/5.0 (Macintosh; Intel Mac OS X 10_15_7) AppleWebKit/537.36 (KHTML, like Gecko) Chrome/140.0.0.0 Safari/537.36',
  level: 'error',
  message: 'Request Error',
  timestamp: '2025-10-03 08:03:55'
}
{
  service: 'barber-app-backend',
  method: 'GET',
  url: '/api/admin/monthly-data',
  status: 404,
  duration: '0ms',
  ip: '::1',
  userAgent: 'Mozilla/5.0 (Macintosh; Intel Mac OS X 10_15_7) AppleWebKit/537.36 (KHTML, like Gecko) Chrome/140.0.0.0 Safari/537.36',
  level: 'error',
  message: 'Request Error',
  timestamp: '2025-10-03 08:03:56'
}
{
  service: 'barber-app-backend',
  method: 'GET',
  url: '/api/admin/stats',
  status: 404,
  duration: '0ms',
  ip: '::1',
  userAgent: 'Mozilla/5.0 (Macintosh; Intel Mac OS X 10_15_7) AppleWebKit/537.36 (KHTML, like Gecko) Chrome/140.0.0.0 Safari/537.36',
  level: 'error',
  message: 'Request Error',
  timestamp: '2025-10-03 08:03:56'
}
{
  service: 'barber-app-backend',
  method: 'GET',
  url: '/api/admin/top-barbers',
  status: 404,
  duration: '0ms',
  ip: '::1',
  userAgent: 'Mozilla/5.0 (Macintosh; Intel Mac OS X 10_15_7) AppleWebKit/537.36 (KHTML, like Gecko) Chrome/140.0.0.0 Safari/537.36',
  level: 'error',
  message: 'Request Error',
  timestamp: '2025-10-03 08:03:56'
}
{
  service: 'barber-app-backend',
  method: 'GET',
  url: '/api/admin/monthly-data',
  status: 404,
  duration: '2ms',
  ip: '::1',
  userAgent: 'Mozilla/5.0 (Macintosh; Intel Mac OS X 10_15_7) AppleWebKit/537.36 (KHTML, like Gecko) Chrome/140.0.0.0 Safari/537.36',
  level: 'error',
  message: 'Request Error',
  timestamp: '2025-10-03 08:03:58'
}
{
  service: 'barber-app-backend',
  method: 'GET',
  url: '/api/admin/top-barbers',
  status: 404,
  duration: '1ms',
  ip: '::1',
  userAgent: 'Mozilla/5.0 (Macintosh; Intel Mac OS X 10_15_7) AppleWebKit/537.36 (KHTML, like Gecko) Chrome/140.0.0.0 Safari/537.36',
  level: 'error',
  message: 'Request Error',
  timestamp: '2025-10-03 08:03:58'
}
{
  service: 'barber-app-backend',
  method: 'GET',
  url: '/api/admin/stats',
  status: 404,
  duration: '1ms',
  ip: '::1',
  userAgent: 'Mozilla/5.0 (Macintosh; Intel Mac OS X 10_15_7) AppleWebKit/537.36 (KHTML, like Gecko) Chrome/140.0.0.0 Safari/537.36',
  level: 'error',
  message: 'Request Error',
  timestamp: '2025-10-03 08:03:58'
}
{
  service: 'barber-app-backend',
  method: 'GET',
  url: '/api/admin/stats',
  status: 404,
  duration: '0ms',
  ip: '::1',
  userAgent: 'Mozilla/5.0 (Macintosh; Intel Mac OS X 10_15_7) AppleWebKit/537.36 (KHTML, like Gecko) Chrome/140.0.0.0 Safari/537.36',
  level: 'error',
  message: 'Request Error',
  timestamp: '2025-10-03 08:04:14'
}
{
  service: 'barber-app-backend',
  method: 'GET',
  url: '/api/admin/top-barbers',
  status: 404,
  duration: '1ms',
  ip: '::1',
  userAgent: 'Mozilla/5.0 (Macintosh; Intel Mac OS X 10_15_7) AppleWebKit/537.36 (KHTML, like Gecko) Chrome/140.0.0.0 Safari/537.36',
  level: 'error',
  message: 'Request Error',
  timestamp: '2025-10-03 08:04:14'
}
{
  service: 'barber-app-backend',
  method: 'GET',
  url: '/api/admin/monthly-data',
  status: 404,
  duration: '0ms',
  ip: '::1',
  userAgent: 'Mozilla/5.0 (Macintosh; Intel Mac OS X 10_15_7) AppleWebKit/537.36 (KHTML, like Gecko) Chrome/140.0.0.0 Safari/537.36',
  level: 'error',
  message: 'Request Error',
  timestamp: '2025-10-03 08:04:14'
}
{
  service: 'barber-app-backend',
  method: 'GET',
  url: '/api/admin/stats',
  status: 404,
  duration: '1ms',
  ip: '::1',
  userAgent: 'Mozilla/5.0 (Macintosh; Intel Mac OS X 10_15_7) AppleWebKit/537.36 (KHTML, like Gecko) Chrome/140.0.0.0 Safari/537.36',
  level: 'error',
  message: 'Request Error',
  timestamp: '2025-10-03 08:04:15'
}
{
  service: 'barber-app-backend',
  method: 'GET',
  url: '/api/admin/top-barbers',
  status: 404,
  duration: '0ms',
  ip: '::1',
  userAgent: 'Mozilla/5.0 (Macintosh; Intel Mac OS X 10_15_7) AppleWebKit/537.36 (KHTML, like Gecko) Chrome/140.0.0.0 Safari/537.36',
  level: 'error',
  message: 'Request Error',
  timestamp: '2025-10-03 08:04:15'
}
{
  service: 'barber-app-backend',
  method: 'GET',
  url: '/api/admin/monthly-data',
  status: 404,
  duration: '0ms',
  ip: '::1',
  userAgent: 'Mozilla/5.0 (Macintosh; Intel Mac OS X 10_15_7) AppleWebKit/537.36 (KHTML, like Gecko) Chrome/140.0.0.0 Safari/537.36',
  level: 'error',
  message: 'Request Error',
  timestamp: '2025-10-03 08:04:15'
}
{
  service: 'barber-app-backend',
  method: 'GET',
  url: '/api/admin/monthly-data',
  status: 404,
  duration: '2ms',
  ip: '::1',
  userAgent: 'Mozilla/5.0 (Macintosh; Intel Mac OS X 10_15_7) AppleWebKit/537.36 (KHTML, like Gecko) Chrome/140.0.0.0 Safari/537.36',
  level: 'error',
  message: 'Request Error',
  timestamp: '2025-10-03 08:04:17'
}
{
  service: 'barber-app-backend',
  method: 'GET',
  url: '/api/admin/stats',
  status: 404,
  duration: '0ms',
  ip: '::1',
  userAgent: 'Mozilla/5.0 (Macintosh; Intel Mac OS X 10_15_7) AppleWebKit/537.36 (KHTML, like Gecko) Chrome/140.0.0.0 Safari/537.36',
  level: 'error',
  message: 'Request Error',
  timestamp: '2025-10-03 08:04:17'
}
{
  service: 'barber-app-backend',
  method: 'GET',
  url: '/api/admin/top-barbers',
  status: 404,
  duration: '1ms',
  ip: '::1',
  userAgent: 'Mozilla/5.0 (Macintosh; Intel Mac OS X 10_15_7) AppleWebKit/537.36 (KHTML, like Gecko) Chrome/140.0.0.0 Safari/537.36',
  level: 'error',
  message: 'Request Error',
  timestamp: '2025-10-03 08:04:17'
}
{
  service: 'barber-app-backend',
  method: 'GET',
  url: '/api/admin/stats',
  status: 404,
  duration: '1ms',
  ip: '::1',
  userAgent: 'Mozilla/5.0 (Macintosh; Intel Mac OS X 10_15_7) AppleWebKit/537.36 (KHTML, like Gecko) Chrome/140.0.0.0 Safari/537.36',
  level: 'error',
  message: 'Request Error',
  timestamp: '2025-10-03 08:05:37'
}
{
  service: 'barber-app-backend',
  method: 'GET',
  url: '/api/admin/top-barbers',
  status: 404,
  duration: '1ms',
  ip: '::1',
  userAgent: 'Mozilla/5.0 (Macintosh; Intel Mac OS X 10_15_7) AppleWebKit/537.36 (KHTML, like Gecko) Chrome/140.0.0.0 Safari/537.36',
  level: 'error',
  message: 'Request Error',
  timestamp: '2025-10-03 08:05:37'
}
{
  service: 'barber-app-backend',
  method: 'GET',
  url: '/api/admin/monthly-data',
  status: 404,
  duration: '0ms',
  ip: '::1',
  userAgent: 'Mozilla/5.0 (Macintosh; Intel Mac OS X 10_15_7) AppleWebKit/537.36 (KHTML, like Gecko) Chrome/140.0.0.0 Safari/537.36',
  level: 'error',
  message: 'Request Error',
  timestamp: '2025-10-03 08:05:37'
}
{
  service: 'barber-app-backend',
  method: 'GET',
  url: '/api/admin/stats',
  status: 404,
  duration: '2ms',
  ip: '::1',
  userAgent: 'Mozilla/5.0 (Macintosh; Intel Mac OS X 10_15_7) AppleWebKit/537.36 (KHTML, like Gecko) Chrome/140.0.0.0 Safari/537.36',
  level: 'error',
  message: 'Request Error',
  timestamp: '2025-10-03 08:05:38'
}
{
  service: 'barber-app-backend',
  method: 'GET',
  url: '/api/admin/top-barbers',
  status: 404,
  duration: '1ms',
  ip: '::1',
  userAgent: 'Mozilla/5.0 (Macintosh; Intel Mac OS X 10_15_7) AppleWebKit/537.36 (KHTML, like Gecko) Chrome/140.0.0.0 Safari/537.36',
  level: 'error',
  message: 'Request Error',
  timestamp: '2025-10-03 08:05:38'
}
{
  service: 'barber-app-backend',
  method: 'GET',
  url: '/api/admin/monthly-data',
  status: 404,
  duration: '1ms',
  ip: '::1',
  userAgent: 'Mozilla/5.0 (Macintosh; Intel Mac OS X 10_15_7) AppleWebKit/537.36 (KHTML, like Gecko) Chrome/140.0.0.0 Safari/537.36',
  level: 'error',
  message: 'Request Error',
  timestamp: '2025-10-03 08:05:38'
}
{
  service: 'barber-app-backend',
  method: 'GET',
  url: '/api/admin/stats',
  status: 404,
  duration: '1ms',
  ip: '::1',
  userAgent: 'Mozilla/5.0 (Macintosh; Intel Mac OS X 10_15_7) AppleWebKit/537.36 (KHTML, like Gecko) Chrome/140.0.0.0 Safari/537.36',
  level: 'error',
  message: 'Request Error',
  timestamp: '2025-10-03 08:05:40'
}
{
  service: 'barber-app-backend',
  method: 'GET',
  url: '/api/admin/top-barbers',
  status: 404,
  duration: '1ms',
  ip: '::1',
  userAgent: 'Mozilla/5.0 (Macintosh; Intel Mac OS X 10_15_7) AppleWebKit/537.36 (KHTML, like Gecko) Chrome/140.0.0.0 Safari/537.36',
  level: 'error',
  message: 'Request Error',
  timestamp: '2025-10-03 08:05:40'
}
{
  service: 'barber-app-backend',
  method: 'GET',
  url: '/api/admin/monthly-data',
  status: 404,
  duration: '0ms',
  ip: '::1',
  userAgent: 'Mozilla/5.0 (Macintosh; Intel Mac OS X 10_15_7) AppleWebKit/537.36 (KHTML, like Gecko) Chrome/140.0.0.0 Safari/537.36',
  level: 'error',
  message: 'Request Error',
  timestamp: '2025-10-03 08:05:40'
}
{
  service: 'barber-app-backend',
  message: 'Application Error Error al iniciar sesión',
  stack: 'Error: read ETIMEDOUT\n' +
    '    at TLSWrap.onStreamRead (node:internal/stream_base_commons:216:20)',
  statusCode: 500,
  url: '/api/auth/login',
  method: 'POST',
  userId: undefined,
  level: 'error',
  timestamp: '2025-10-03 08:06:14'
}
{
  service: 'barber-app-backend',
  message: 'Application Error Error al iniciar sesión',
  stack: 'Error: read ETIMEDOUT\n' +
    '    at TLSWrap.onStreamRead (node:internal/stream_base_commons:216:20)',
  statusCode: 500,
  url: '/api/auth/login',
  method: 'POST',
  userId: undefined,
  level: 'error',
  timestamp: '2025-10-03 08:06:45'
}
